geneID,geneID2,base_mean,coeff_log2,coeff_natural,pvalue,qval,FDR,gene_symbol
ENSG00000138772,ENSG00000138772.12,5.11250844,1.787031067,3.451039693,3.04E-44,9.43E-40,4.15E-39,ANXA3
ENSG00000187554,ENSG00000187554.11,5.148594832,1.195036128,2.289505654,1.64E-43,2.55E-39,4.18E-38,TLR5
ENSG00000029153,ENSG00000029153.14,1.121331381,1.27117234,2.41357614,1.51E-42,1.56E-38,4.23E-37,BMAL2
ENSG00000091436,ENSG00000091436.16,5.082958485,0.842175322,1.792751248,1.51E-41,1.17E-37,3.41E-35,MAP3K20
ENSG00000157168,ENSG00000157168.18,3.034954436,2.191991012,4.569356521,1.11E-39,6.92E-36,5.00E-34,NRG1
ENSG00000118113,ENSG00000118113.11,2.501282514,2.761361066,6.780356201,1.72E-38,8.92E-35,4.58E-33,MMP8
ENSG00000163221,ENSG00000163221.8,5.971046239,1.517815366,2.863570984,2.44E-37,1.00E-33,4.58E-33,S100A12
ENSG00000265531,ENSG00000265531.3,1.029953113,1.958378372,3.886249086,3.12E-37,1.21E-33,9.31E-33,FCGR1CP
ENSG00000163754,ENSG00000163754.17,5.049773288,0.641299723,1.559733689,6.12E-37,2.11E-33,6.51E-31,GYG1
ENSG00000005302,ENSG00000005302.17,6.342499661,0.441427962,1.357947743,2.16E-35,6.70E-32,1.78E-29,MSL3
ENSG00000096063,ENSG00000096063.15,6.693237733,0.79260902,1.73220421,5.94E-34,1.68E-30,3.52E-29,SRPK1
ENSG00000143771,ENSG00000143771.11,5.475881027,0.500003012,1.414216515,4.69E-33,1.10E-29,7.56E-29,CNIH4
ENSG00000198019,ENSG00000198019.12,3.894985506,1.429106365,2.692798663,1.73E-33,4.47E-30,7.56E-29,FCGR1BP
ENSG00000134755,ENSG00000134755.14,5.421243704,1.507584285,2.843335392,1.56E-32,3.23E-29,2.64E-28,DSC2
ENSG00000197006,ENSG00000197006.13,7.165000433,0.768004036,1.702912179,6.60E-33,1.46E-29,2.64E-28,METTL9
ENSG00000091129,ENSG00000091129.19,0.378786953,-2.008404724,0.248547806,3.35E-31,5.51E-28,3.37E-27,NRCAM
ENSG00000154165,ENSG00000154165.4,2.604004223,1.920973415,3.786784745,2.36E-32,4.59E-29,3.37E-27,GPR15
ENSG00000183019,ENSG00000183019.7,1.28846566,1.402085354,2.642833164,3.21E-31,5.32E-28,3.37E-27,MCEMP1
ENSG00000026508,ENSG00000026508.17,8.651263641,0.398097759,1.317769242,3.49E-31,5.71E-28,2.88E-26,CD44
ENSG00000163171,ENSG00000163171.7,7.587391288,0.599346287,1.515029921,1.28E-30,1.98E-27,9.18E-26,CDC42EP3
ENSG00000198734,ENSG00000198734.10,6.299235679,0.937517756,1.915230133,4.23E-30,6.26E-27,4.71E-25,F5
ENSG00000078589,ENSG00000078589.12,5.382987584,-0.627459702,0.647315206,7.30E-29,9.68E-26,1.17E-24,P2RY10
ENSG00000150337,ENSG00000150337.13,3.663289845,1.499540961,2.827527315,1.30E-28,1.62E-25,1.17E-24,FCGR1A
ENSG00000206199,ENSG00000206199.10,1.687446673,-1.279731737,0.411872088,1.94E-29,2.74E-26,1.17E-24,ANKUB1
ENSG00000157800,ENSG00000157800.17,5.620566454,0.724544551,1.652378909,1.32E-28,1.65E-25,2.87E-24,SLC37A3
ENSG00000143546,ENSG00000143546.9,8.265275146,1.450440247,2.732914352,2.25E-28,2.69E-25,1.93E-23,S100A8
ENSG00000006715,ENSG00000006715.15,7.007743538,-0.316069618,0.803255234,6.18E-27,5.92E-24,3.04E-23,VPS41
ENSG00000023909,ENSG00000023909.9,4.528848506,0.531099729,1.445030285,5.98E-27,5.76E-24,3.04E-23,GCLM
ENSG00000112053,ENSG00000112053.13,3.193392952,1.376604182,2.596564714,4.04E-27,4.15E-24,3.04E-23,SLC26A8
ENSG00000182389,ENSG00000182389.19,4.028448529,-1.209519488,0.432412613,8.45E-28,9.72E-25,3.04E-23,CACNB4
ENSG00000183625,ENSG00000183625.14,5.320459629,-1.238078687,0.423936859,3.72E-27,3.86E-24,3.04E-23,CCR3
ENSG00000198363,ENSG00000198363.17,6.496197617,0.818554512,1.763638054,6.00E-27,5.77E-24,3.04E-23,ASPH
ENSG00000183762,ENSG00000183762.12,4.721314677,1.557321246,2.943068754,6.72E-27,6.32E-24,3.56E-23,KREMEN1
ENSG00000151136,ENSG00000151136.14,4.358241,-0.748127067,0.595375984,1.03E-26,9.14E-24,7.13E-23,ABTB3
ENSG00000257017,ENSG00000257017.8,1.423032426,1.77940073,3.432835511,7.87E-27,7.19E-24,7.13E-23,HP
ENSG00000171606,ENSG00000171606.17,6.09314427,-0.33073827,0.795129488,1.78E-26,1.48E-23,1.19E-22,ZNF274
ENSG00000268170,ENSG00000268170.2,2.730959311,1.316822449,2.491168227,1.25E-26,1.07E-23,1.19E-22,
ENSG00000151012,ENSG00000151012.13,1.907219758,1.025941839,2.036288307,4.01E-26,3.05E-23,2.19E-22,SLC7A11
ENSG00000173391,ENSG00000173391.8,0.359873167,1.874725596,3.667318574,2.01E-26,1.64E-23,2.19E-22,OLR1
ENSG00000182749,ENSG00000182749.5,3.146979906,-0.743791115,0.59716805,3.25E-26,2.54E-23,2.19E-22,PAQR7
ENSG00000179104,ENSG00000179104.8,4.813645533,0.525996402,1.439927727,4.13E-26,3.13E-23,2.81E-21,TMTC2
ENSG00000122986,ENSG00000122986.13,5.82299865,-0.588510522,0.665029147,1.32E-25,9.73E-23,5.02E-21,HVCN1
ENSG00000092200,ENSG00000092200.12,3.512890441,-0.947095283,0.518675711,2.93E-25,2.12E-22,5.54E-21,RPGRIP1
ENSG00000134851,ENSG00000134851.12,6.562011029,0.41720242,1.335335647,5.25E-25,3.68E-22,5.54E-21,TMEM165
ENSG00000136810,ENSG00000136810.12,4.683700168,0.803763795,1.745649353,8.77E-25,5.89E-22,5.54E-21,TXN
ENSG00000274173,ENSG00000274173.1,1.417426556,1.839182401,3.578071956,8.89E-25,5.96E-22,5.54E-21,LINC02967
ENSG00000146122,ENSG00000146122.16,1.934333454,-2.251962758,0.209938293,1.28E-24,8.23E-22,6.42E-21,DAAM2
ENSG00000173825,ENSG00000173825.6,2.924385902,-1.048172862,0.483580219,1.01E-24,6.66E-22,6.42E-21,TIGD3
ENSG00000179869,ENSG00000179869.14,3.89284698,1.809856061,3.506073063,2.25E-24,1.38E-21,1.64E-20,ABCA13
ENSG00000223725,ENSG00000223725.6,1.787858148,-0.936066645,0.522655905,2.66E-24,1.61E-21,1.64E-20,
ENSG00000253250,ENSG00000253250.2,1.040035202,0.977922847,1.96962755,1.42E-24,9.00E-22,1.64E-20,C8orf88
ENSG00000283646,ENSG00000283646.1,0.920768274,1.754544022,3.374196568,3.01E-24,1.80E-21,8.71E-20,LINC02009
ENSG00000055732,ENSG00000055732.12,0.350147318,1.308890563,2.477509454,1.31E-23,7.34E-21,1.01E-19,MCOLN3
ENSG00000113368,ENSG00000113368.11,5.780096486,0.793913056,1.733770638,1.59E-23,8.81E-21,1.01E-19,LMNB1
ENSG00000124107,ENSG00000124107.5,2.941418088,1.468132435,2.766635215,1.88E-23,1.03E-20,1.01E-19,SLPI
ENSG00000258819,ENSG00000258819.1,4.234048876,-1.406953186,0.377107256,5.81E-24,3.41E-21,1.01E-19,LINC02289
ENSG00000128512,ENSG00000128512.20,5.710114416,1.101346643,2.145548693,1.89E-23,1.03E-20,1.55E-19,DOCK4
ENSG00000135525,ENSG00000135525.18,2.077425088,-0.881338484,0.542863547,3.25E-23,1.69E-20,1.55E-19,MAP7
ENSG00000158089,ENSG00000158089.14,2.527883061,1.3681203,2.581340219,2.52E-23,1.34E-20,1.55E-19,GALNT14
ENSG00000164125,ENSG00000164125.15,5.961723157,0.778314899,1.715126395,3.38E-23,1.75E-20,4.45E-19,GASK1B
ENSG00000198771,ENSG00000198771.10,8.311100357,-0.407959744,0.753688485,5.81E-23,2.93E-20,4.45E-19,RCSD1
ENSG00000173914,ENSG00000173914.11,4.003794433,-0.310173629,0.806544686,9.85E-23,4.78E-20,5.74E-19,RBM4B
ENSG00000198894,ENSG00000198894.7,4.290311991,-0.339037227,0.790568717,6.24E-23,3.13E-20,5.74E-19,CIPC
ENSG00000011201,ENSG00000011201.11,-1.22513487,1.223329482,2.334849374,2.56E-22,1.19E-19,1.65E-18,ANOS1
ENSG00000163220,ENSG00000163220.10,11.49959481,0.933977372,1.910535906,9.94E-23,4.83E-20,1.65E-18,S100A9
ENSG00000280832,ENSG00000280832.1,3.79259399,0.938818749,1.916958028,2.53E-22,1.17E-19,1.65E-18,GSEC
ENSG00000111145,ENSG00000111145.7,4.72138289,0.363998613,1.28698801,4.65E-22,2.07E-19,2.25E-18,ELK3
ENSG00000146373,ENSG00000146373.16,3.704126943,0.64960607,1.568739791,3.88E-22,1.75E-19,2.25E-18,RNF217
ENSG00000160179,ENSG00000160179.18,5.432524259,-1.022435962,0.492284438,2.59E-22,1.20E-19,2.25E-18,ABCG1
ENSG00000112062,ENSG00000112062.10,8.840197844,0.585711863,1.50077933,4.76E-22,2.11E-19,1.17E-17,MAPK14
ENSG00000165434,ENSG00000165434.7,4.667229668,0.649631272,1.568767195,1.21E-21,5.24E-19,1.17E-17,PGM2L1
ENSG00000253276,ENSG00000253276.2,4.921244694,0.577902951,1.492677969,2.28E-21,9.47E-19,1.17E-17,CCDC71L
ENSG00000257743,ENSG00000257743.8,4.525797103,1.223804782,2.335618723,2.13E-21,8.88E-19,1.17E-17,MGAM2
ENSG00000279320,ENSG00000279320.1,2.690151617,0.984388024,1.978473887,1.35E-21,5.79E-19,1.17E-17,
ENSG00000068305,ENSG00000068305.17,6.335762088,0.397202019,1.31695132,3.46E-21,1.41E-18,2.49E-17,MEF2A
ENSG00000184557,ENSG00000184557.4,5.475916639,0.993901325,1.991563285,2.37E-21,9.80E-19,2.49E-17,SOCS3
ENSG00000132357,ENSG00000132357.13,4.360601391,0.554179785,1.468333604,5.92E-21,2.32E-18,2.58E-17,CARD6
ENSG00000145354,ENSG00000145354.9,4.984902032,1.026892153,2.037630066,3.97E-21,1.60E-18,2.58E-17,CISD2
ENSG00000243273,ENSG00000243273.1,-0.756475547,1.194268881,2.288288384,5.63E-21,2.21E-18,2.58E-17,
ENSG00000096006,ENSG00000096006.11,1.872910866,1.682930447,3.210794756,6.46E-21,2.51E-18,3.71E-17,CRISP3
ENSG00000120217,ENSG00000120217.13,4.338387481,1.010260856,2.014275272,8.85E-21,3.35E-18,4.73E-17,CD274
ENSG00000136875,ENSG00000136875.12,4.844963608,-0.333534227,0.793590012,1.32E-20,4.84E-18,4.73E-17,PRPF4
ENSG00000183696,ENSG00000183696.13,5.843420429,0.422601901,1.340342684,1.29E-20,4.72E-18,4.73E-17,UPP1
ENSG00000102900,ENSG00000102900.12,5.421352147,-0.356537489,0.781036844,1.34E-20,4.90E-18,5.18E-17,NUP93
ENSG00000136193,ENSG00000136193.16,5.212240379,-0.578890895,0.669478256,1.69E-20,6.04E-18,5.18E-17,SCRN1
ENSG00000139679,ENSG00000139679.15,5.402217846,0.990289447,1.986583518,1.86E-20,6.56E-18,5.18E-17,LPAR6
ENSG00000204397,ENSG00000204397.7,5.036470271,0.689584011,1.612818409,1.59E-20,5.70E-18,5.18E-17,CARD16
ENSG00000104447,ENSG00000104447.12,6.660606276,0.329403644,1.25649388,4.25E-20,1.44E-17,2.60E-16,TRPS1
ENSG00000134333,ENSG00000134333.13,6.503552356,0.342336362,1.267808075,3.93E-20,1.34E-17,2.60E-16,LDHA
ENSG00000249437,ENSG00000249437.7,5.809307409,1.03225984,2.045225388,2.01E-20,7.01E-18,2.60E-16,NAIP
ENSG00000097033,ENSG00000097033.14,7.581787844,0.432040988,1.349140863,7.00E-20,2.31E-17,3.52E-16,SH3GLB1
ENSG00000104219,ENSG00000104219.12,6.789209769,0.551605207,1.46571561,9.21E-20,2.98E-17,3.52E-16,ZDHHC2
ENSG00000122641,ENSG00000122641.10,-0.146357093,1.428367726,2.691420342,8.36E-20,2.72E-17,3.52E-16,INHBA
ENSG00000166527,ENSG00000166527.7,4.57541569,0.993667195,1.991240108,6.27E-20,2.08E-17,3.52E-16,CLEC4D
ENSG00000234902,ENSG00000234902.6,0.653457526,-1.016087718,0.494455393,4.52E-20,1.52E-17,3.52E-16,
ENSG00000124172,ENSG00000124172.9,7.076831614,0.697992663,1.622246061,1.02E-19,3.26E-17,4.29E-16,ATP5F1E
ENSG00000038427,ENSG00000038427.15,10.52048626,0.652091327,1.571444508,1.61E-19,4.95E-17,4.69E-16,VCAN
ENSG00000171714,ENSG00000171714.10,1.548675989,1.009004709,2.012522217,1.43E-19,4.46E-17,4.69E-16,ANO5
ENSG00000197208,ENSG00000197208.5,5.673106884,0.811077263,1.754521058,1.16E-19,3.67E-17,4.69E-16,SLC22A4
ENSG00000111666,ENSG00000111666.10,6.379985736,0.779528227,1.716569449,1.61E-19,4.95E-17,1.03E-15,CHPT1
ENSG00000012223,ENSG00000012223.12,4.239773045,1.744945953,3.35182297,9.01E-19,2.40E-16,1.49E-15,LTF
ENSG00000077684,ENSG00000077684.15,6.678202814,-0.243317296,0.844800565,6.85E-19,1.90E-16,1.49E-15,JADE1
ENSG00000145365,ENSG00000145365.10,4.749730751,0.533394127,1.447330225,9.39E-19,2.48E-16,1.49E-15,TIFA
ENSG00000145555,ENSG00000145555.14,1.12348083,1.071442055,2.101532918,7.23E-19,1.99E-16,1.49E-15,MYO10
ENSG00000155962,ENSG00000155962.12,3.535874245,0.933888409,1.910418098,8.90E-19,2.37E-16,1.49E-15,CLIC2
ENSG00000163050,ENSG00000163050.16,5.987097395,-0.596314089,0.661441702,6.06E-19,1.70E-16,1.49E-15,COQ8A
ENSG00000163412,ENSG00000163412.12,8.025173215,0.498338179,1.412585487,4.58E-19,1.32E-16,1.49E-15,EIF4E3
ENSG00000163877,ENSG00000163877.10,5.110333424,-0.233074646,0.850819707,8.20E-19,2.21E-16,1.49E-15,SNIP1
ENSG00000164091,ENSG00000164091.11,7.966441315,-0.287367754,0.819395711,8.52E-19,2.29E-16,1.49E-15,WDR82
ENSG00000168615,ENSG00000168615.11,4.828421847,0.501381362,1.415568302,1.94E-19,5.91E-17,1.49E-15,ADAM9
ENSG00000169877,ENSG00000169877.9,5.259307838,1.57497994,2.9793135,9.07E-19,2.41E-16,1.49E-15,AHSP
ENSG00000172995,ENSG00000172995.16,-0.966339322,-1.136746854,0.454783919,4.35E-19,1.26E-16,1.49E-15,ARPP21
ENSG00000183621,ENSG00000183621.15,5.139508817,0.635979756,1.553992732,3.75E-19,1.10E-16,1.49E-15,ZNF438
ENSG00000215196,ENSG00000215196.4,0.969651339,1.210669535,2.314450223,4.82E-19,1.39E-16,1.49E-15,BASP1-AS1
ENSG00000231389,ENSG00000231389.7,8.145636419,-0.538143304,0.688656615,3.33E-19,9.87E-17,1.49E-15,HLA-DPA1
ENSG00000254789,ENSG00000254789.2,1.301302582,1.581986752,2.993818482,4.67E-19,1.35E-16,1.49E-15,
ENSG00000166503,ENSG00000166503.8,2.983987464,0.860375473,1.815510751,9.61E-19,2.53E-16,3.74E-15,HDGFL3
ENSG00000008952,ENSG00000008952.16,7.054467981,0.663392028,1.583802045,1.73E-18,4.34E-16,4.08E-15,SEC62
ENSG00000111886,ENSG00000111886.10,1.733695923,0.901514635,1.868026129,1.58E-18,4.00E-16,4.08E-15,GABRR2
ENSG00000135218,ENSG00000135218.17,7.619965074,0.63588201,1.553887449,1.29E-18,3.31E-16,4.08E-15,CD36
ENSG00000163421,ENSG00000163421.8,6.663543368,0.984659835,1.978846677,1.08E-18,2.82E-16,4.08E-15,PROK2
ENSG00000188313,ENSG00000188313.12,6.4846008,0.866803555,1.823618001,1.70E-18,4.26E-16,4.08E-15,PLSCR1
ENSG00000136068,ENSG00000136068.14,5.903712104,-0.590470729,0.664126178,2.30E-18,5.65E-16,6.42E-15,FLNB
ENSG00000185261,ENSG00000185261.14,5.664917487,0.698918867,1.623287871,1.74E-18,4.35E-16,6.42E-15,KIAA0825
ENSG00000225830,ENSG00000225830.12,6.316912151,-0.227835316,0.853915184,2.33E-18,5.70E-16,6.42E-15,ERCC6
ENSG00000079215,ENSG00000079215.13,0.774382416,0.932210913,1.908198048,1.21E-17,2.68E-15,2.30E-14,SLC1A3
ENSG00000100154,ENSG00000100154.14,2.131217479,-0.932915665,0.523798682,1.18E-17,2.63E-15,2.30E-14,TTC28
ENSG00000108950,ENSG00000108950.11,0.780374513,1.281292379,2.430566116,1.18E-17,2.62E-15,2.30E-14,FAM20A
ENSG00000112335,ENSG00000112335.14,7.448602506,0.800085115,1.74120385,1.25E-17,2.76E-15,2.30E-14,SNX3
ENSG00000121413,ENSG00000121413.12,4.5167879,-0.672297533,0.627506569,3.61E-18,8.72E-16,2.30E-14,ZSCAN18
ENSG00000139323,ENSG00000139323.13,5.55428935,0.510107298,1.424156111,6.50E-18,1.52E-15,2.30E-14,POC1B
ENSG00000148175,ENSG00000148175.12,7.845258851,0.751068052,1.683038351,5.01E-18,1.19E-15,2.30E-14,STOM
ENSG00000155307,ENSG00000155307.17,5.556473858,0.505823878,1.419934004,1.16E-17,2.59E-15,2.30E-14,SAMSN1
ENSG00000166526,ENSG00000166526.16,5.199641061,-0.214760376,0.86168927,1.33E-17,2.91E-15,2.30E-14,ZNF3
ENSG00000179348,ENSG00000179348.11,2.348113126,-1.812678458,0.284661945,8.65E-18,1.98E-15,2.30E-14,GATA2
ENSG00000186184,ENSG00000186184.16,6.435739755,0.564295822,1.478665598,7.05E-18,1.64E-15,2.30E-14,POLR1D
ENSG00000198216,ENSG00000198216.10,3.600269684,1.094446271,2.135311092,2.36E-18,5.76E-16,2.30E-14,CACNA1E
ENSG00000198805,ENSG00000198805.11,6.433412573,0.632573366,1.550327881,5.38E-18,1.28E-15,2.30E-14,PNP
ENSG00000198833,ENSG00000198833.6,7.099820616,0.478508822,1.393302795,3.87E-18,9.33E-16,2.30E-14,UBE2J1
ENSG00000239961,ENSG00000239961.2,1.148002266,-1.071521159,0.475817039,1.33E-17,2.92E-15,2.30E-14,LILRA4
ENSG00000051108,ENSG00000051108.14,6.570303106,-0.23815843,0.847826855,1.82E-17,3.83E-15,2.72E-14,HERPUD1
ENSG00000100095,ENSG00000100095.18,1.04364266,-0.907401044,0.533144665,1.62E-17,3.46E-15,2.72E-14,SEZ6L
ENSG00000110079,ENSG00000110079.16,2.463298769,0.873924499,1.832641379,1.94E-17,4.06E-15,2.72E-14,MS4A4A
ENSG00000131016,ENSG00000131016.16,2.406059932,-1.925258612,0.263293058,2.02E-17,4.19E-15,2.72E-14,AKAP12
ENSG00000163746,ENSG00000163746.11,0.408658758,0.934011865,1.910581586,1.35E-17,2.95E-15,2.72E-14,PLSCR2
ENSG00000164047,ENSG00000164047.4,3.738800193,1.366705512,2.578810052,1.47E-17,3.18E-15,2.72E-14,CAMP
ENSG00000173598,ENSG00000173598.13,5.830120572,0.638092069,1.556269667,1.63E-17,3.48E-15,2.72E-14,NUDT4
ENSG00000278869,ENSG00000278869.1,2.718827299,0.964891363,1.951916534,1.99E-17,4.14E-15,2.72E-14,
ENSG00000119326,ENSG00000119326.14,3.450191449,1.230670257,2.346759919,2.71E-17,5.49E-15,5.99E-14,CTNNAL1
ENSG00000176533,ENSG00000176533.12,3.016998302,-0.717897221,0.607982953,2.05E-17,4.24E-15,5.99E-14,GNG7
ENSG00000204936,ENSG00000204936.9,1.295732739,2.136714605,4.397594574,2.55E-17,5.19E-15,5.99E-14,CD177
ENSG00000213949,ENSG00000213949.8,3.411572313,0.792357866,1.731902683,2.45E-17,5.00E-15,5.99E-14,ITGA1
ENSG00000118520,ENSG00000118520.14,3.036249016,1.297196341,2.457508389,2.82E-17,5.69E-15,7.87E-14,ARG1
ENSG00000102174,ENSG00000102174.8,1.587518518,-0.929682983,0.524973687,8.11E-17,1.49E-14,1.14E-13,PHEX
ENSG00000120306,ENSG00000120306.9,4.63963205,0.819952746,1.76534817,6.05E-17,1.15E-14,1.14E-13,CYSTM1
ENSG00000137757,ENSG00000137757.10,3.789711808,0.983239432,1.976899365,3.52E-17,7.01E-15,1.14E-13,CASP5
ENSG00000139572,ENSG00000139572.3,0.303995683,0.986480569,1.98134563,4.39E-17,8.59E-15,1.14E-13,GPR84
ENSG00000139651,ENSG00000139651.10,6.671786366,-0.222628998,0.857002312,4.78E-17,9.30E-15,1.14E-13,ZNF740
ENSG00000144290,ENSG00000144290.16,2.441846367,-1.597628834,0.330419598,3.97E-17,7.83E-15,1.14E-13,SLC4A10
ENSG00000154217,ENSG00000154217.14,6.109082608,-0.241373865,0.845939348,5.66E-17,1.08E-14,1.14E-13,PITPNC1
ENSG00000154589,ENSG00000154589.6,3.74914724,0.795000374,1.735077824,7.56E-17,1.40E-14,1.14E-13,LY96
ENSG00000164430,ENSG00000164430.15,4.722712588,0.334652591,1.261073699,5.09E-17,9.86E-15,1.14E-13,CGAS
ENSG00000169826,ENSG00000169826.7,6.41572984,0.334312053,1.260776067,7.31E-17,1.36E-14,1.14E-13,CSGALNACT2
ENSG00000175746,ENSG00000175746.6,1.829213661,-1.154032828,0.449367338,6.57E-17,1.24E-14,1.14E-13,LINC02915
ENSG00000185112,ENSG00000185112.5,3.70664681,-0.564724843,0.67608435,6.42E-17,1.22E-14,1.14E-13,FAM43A
ENSG00000237135,ENSG00000237135.1,2.601933968,0.820532447,1.766057661,3.07E-17,6.16E-15,1.14E-13,DDX10P1
ENSG00000281969,ENSG00000281969.1,0.023647091,-1.482521522,0.357862798,7.81E-17,1.44E-14,1.14E-13,
ENSG00000055208,ENSG00000055208.18,7.37141018,0.276833036,1.211532441,1.14E-16,2.01E-14,1.41E-13,TAB2
ENSG00000100387,ENSG00000100387.8,5.156138236,0.474399058,1.389339382,9.37E-17,1.70E-14,1.41E-13,RBX1
ENSG00000116793,ENSG00000116793.15,5.454690554,0.426884744,1.344327592,1.06E-16,1.90E-14,1.41E-13,PHTF1
ENSG00000170571,ENSG00000170571.11,7.90846068,0.412839373,1.33130338,1.11E-16,1.97E-14,1.41E-13,EMB
ENSG00000175471,ENSG00000175471.19,6.714136738,0.523544053,1.437482161,1.03E-16,1.84E-14,1.41E-13,MCTP1
ENSG00000213639,ENSG00000213639.9,7.473249351,0.55334205,1.467481229,8.21E-17,1.51E-14,1.41E-13,PPP1CB
ENSG00000223865,ENSG00000223865.10,7.603972455,-0.513175544,0.700678462,1.06E-16,1.89E-14,1.41E-13,HLA-DPB1
ENSG00000078804,ENSG00000078804.12,2.40664421,-0.920024299,0.528500119,1.14E-16,2.01E-14,1.71E-13,TP53INP2
ENSG00000108984,ENSG00000108984.13,5.112495367,0.405655268,1.324690445,2.14E-16,3.64E-14,5.36E-13,MAP2K6
ENSG00000123080,ENSG00000123080.10,2.052283432,0.613279266,1.529732363,2.45E-16,4.13E-14,5.36E-13,CDKN2C
ENSG00000148926,ENSG00000148926.9,5.144461609,0.982856654,1.97637492,2.28E-16,3.87E-14,5.36E-13,ADM
ENSG00000162434,ENSG00000162434.11,9.425404779,-0.358000511,0.780245204,1.41E-16,2.45E-14,5.36E-13,JAK1
ENSG00000163520,ENSG00000163520.13,0.352215677,-1.11628362,0.461280554,1.88E-16,3.22E-14,5.36E-13,FBLN2
ENSG00000233030,ENSG00000233030.2,0.836709976,1.082092579,2.117104642,1.54E-16,2.67E-14,5.36E-13,
ENSG00000242574,ENSG00000242574.8,6.761308319,-0.436069461,0.739145628,1.19E-16,2.09E-14,5.36E-13,HLA-DMB
ENSG00000255221,ENSG00000255221.3,1.958072978,0.988674498,1.984360986,2.56E-16,4.31E-14,5.36E-13,CARD17P
ENSG00000186063,ENSG00000186063.12,4.851579081,0.454045625,1.369876302,3.06E-16,5.08E-14,8.99E-13,AIDA
ENSG00000198873,ENSG00000198873.11,5.259205903,-0.416131653,0.749431408,2.57E-16,4.32E-14,8.99E-13,GRK5
ENSG00000008394,ENSG00000008394.12,2.922589469,0.613781467,1.530264955,3.59E-16,5.92E-14,1.09E-12,MGST1
ENSG00000163637,ENSG00000163637.12,0.176536282,-1.041213233,0.485918669,3.15E-16,5.24E-14,1.09E-12,PRICKLE2
ENSG00000116044,ENSG00000116044.15,6.798731102,0.314489648,1.243571663,3.86E-16,6.34E-14,1.79E-12,NFE2L2
ENSG00000172331,ENSG00000172331.11,7.429021002,1.177454509,2.261773574,5.61E-16,9.09E-14,2.18E-12,BPGM
ENSG00000198964,ENSG00000198964.13,6.120078652,0.213552905,1.159540254,4.43E-16,7.25E-14,2.18E-12,SGMS1
ENSG00000111144,ENSG00000111144.9,8.281421818,0.509017112,1.42308034,8.52E-16,1.35E-13,2.20E-12,LTA4H
ENSG00000134627,ENSG00000134627.11,2.840800361,0.482246492,1.396917183,1.05E-15,1.64E-13,2.20E-12,PIWIL4
ENSG00000136960,ENSG00000136960.12,1.477369691,-0.736263085,0.600292236,9.05E-16,1.43E-13,2.20E-12,ENPP2
ENSG00000140287,ENSG00000140287.10,2.736840326,-2.000572529,0.249900808,7.82E-16,1.25E-13,2.20E-12,HDC
ENSG00000162923,ENSG00000162923.14,8.690583577,0.5023621,1.416530927,9.51E-16,1.50E-13,2.20E-12,WDR26
ENSG00000188487,ENSG00000188487.11,-0.326881875,1.059249455,2.083847144,5.83E-16,9.44E-14,2.20E-12,INSC
ENSG00000197121,ENSG00000197121.14,3.787812047,0.546241616,1.460276551,7.00E-16,1.12E-13,2.20E-12,PGAP1
ENSG00000110042,ENSG00000110042.7,3.749279924,-0.622857422,0.649383475,1.44E-15,2.20E-13,2.67E-12,DTX4
ENSG00000118985,ENSG00000118985.15,4.460091269,0.420568126,1.338454527,1.87E-15,2.79E-13,2.67E-12,ELL2
ENSG00000121417,ENSG00000121417.13,5.257396,-0.246463427,0.842960289,2.59E-15,3.72E-13,2.67E-12,ZNF211
ENSG00000152766,ENSG00000152766.5,1.696665433,1.20177662,2.300227604,2.46E-15,3.56E-13,2.67E-12,ANKRD22
ENSG00000157445,ENSG00000157445.14,2.724019158,-0.609053825,0.655626546,2.52E-15,3.63E-13,2.67E-12,CACNA2D3
ENSG00000161944,ENSG00000161944.16,1.917089921,0.823343905,1.769502628,2.66E-15,3.80E-13,2.67E-12,ASGR2
ENSG00000162599,ENSG00000162599.15,4.141216139,0.623985087,1.541126286,1.44E-15,2.20E-13,2.67E-12,NFIA
ENSG00000164484,ENSG00000164484.11,1.076694869,0.751597832,1.683656503,2.05E-15,3.03E-13,2.67E-12,TMEM200A
ENSG00000166886,ENSG00000166886.12,3.107071964,-0.601022922,0.659286332,1.98E-15,2.93E-13,2.67E-12,NAB2
ENSG00000173221,ENSG00000173221.13,6.532815139,0.362887072,1.285996817,2.26E-15,3.30E-13,2.67E-12,GLRX
ENSG00000179542,ENSG00000179542.15,2.666161481,0.7031683,1.628076285,1.96E-15,2.91E-13,2.67E-12,SLITRK4
ENSG00000179978,ENSG00000179978.11,3.030580719,0.747629926,1.679032232,1.08E-15,1.68E-13,2.67E-12,NAIPP2
ENSG00000180875,ENSG00000180875.4,-0.04153069,1.005324957,2.007395598,2.56E-15,3.68E-13,2.67E-12,GREM2
ENSG00000187824,ENSG00000187824.8,1.002642663,-0.74367038,0.597218027,2.52E-15,3.63E-13,2.67E-12,TMEM220
ENSG00000197965,ENSG00000197965.11,6.741973376,-0.781114846,0.581916942,2.29E-15,3.34E-13,2.67E-12,MPZL1
ENSG00000216588,ENSG00000216588.8,-1.215969855,-0.858057541,0.551694866,1.69E-15,2.55E-13,2.67E-12,IGSF23
ENSG00000236194,ENSG00000236194.3,5.354971225,0.478604968,1.393395654,1.20E-15,1.86E-13,2.67E-12,
ENSG00000242550,ENSG00000242550.5,0.701068545,1.400222618,2.639423071,1.62E-15,2.45E-13,2.67E-12,SERPINB10
ENSG00000263961,ENSG00000263961.6,2.794290286,-0.726519726,0.60436008,1.27E-15,1.95E-13,2.67E-12,RHEX
ENSG00000052802,ENSG00000052802.12,3.951037263,0.447382863,1.363564422,2.92E-15,4.11E-13,2.68E-12,MSMO1
ENSG00000070269,ENSG00000070269.13,6.153337693,0.307559604,1.23761244,3.12E-15,4.35E-13,2.68E-12,TMEM260
ENSG00000119711,ENSG00000119711.12,4.068319106,-0.378568115,0.769200649,3.32E-15,4.58E-13,2.68E-12,ALDH6A1
ENSG00000125249,ENSG00000125249.6,5.848498501,0.579476636,1.494307063,2.71E-15,3.86E-13,2.68E-12,RAP2A
ENSG00000143162,ENSG00000143162.7,6.626684797,0.759721388,1.693163611,3.40E-15,4.68E-13,2.68E-12,CREG1
ENSG00000143457,ENSG00000143457.10,4.471840187,0.27711639,1.211770417,3.01E-15,4.23E-13,2.68E-12,GOLPH3L
ENSG00000154856,ENSG00000154856.12,0.159280559,0.937762331,1.915554843,3.52E-15,4.81E-13,2.68E-12,APCDD1
ENSG00000169432,ENSG00000169432.14,2.542980897,0.827518504,1.774630298,2.83E-15,4.01E-13,2.68E-12,SCN9A
ENSG00000185650,ENSG00000185650.9,6.273757614,0.474555885,1.389490417,3.31E-15,4.56E-13,2.68E-12,ZFP36L1
ENSG00000271304,ENSG00000271304.1,-0.918367122,0.914676686,1.885146555,3.52E-15,4.81E-13,2.68E-12,DPRXP2
ENSG00000125810,ENSG00000125810.9,8.707442764,-0.670532417,0.628274784,3.57E-15,4.87E-13,4.61E-12,CD93
ENSG00000021355,ENSG00000021355.12,7.205219393,0.417289198,1.33541597,4.02E-15,5.40E-13,4.61E-12,SERPINB1
ENSG00000025293,ENSG00000025293.16,6.93225492,-0.1865829,0.878684469,4.37E-15,5.82E-13,4.61E-12,PHF20
ENSG00000075856,ENSG00000075856.11,6.358517806,-0.227874433,0.853892031,4.30E-15,5.73E-13,4.61E-12,SART3
ENSG00000173597,ENSG00000173597.8,7.005635105,0.687858499,1.610890577,3.72E-15,5.05E-13,4.61E-12,SULT1B1
ENSG00000277443,ENSG00000277443.2,6.029048065,0.628669364,1.546138291,4.24E-15,5.67E-13,4.61E-12,MARCKS
ENSG00000107758,ENSG00000107758.15,6.115602813,0.276865246,1.21155949,4.46E-15,5.92E-13,1.17E-11,PPP3CB
ENSG00000122741,ENSG00000122741.15,6.273525784,0.293059838,1.225236149,5.81E-15,7.60E-13,1.17E-11,DCAF10
ENSG00000181788,ENSG00000181788.3,7.289428457,1.031101223,2.043583544,5.26E-15,6.92E-13,1.17E-11,SIAH2
ENSG00000254554,ENSG00000254554.1,1.616453248,0.856711955,1.810906369,5.60E-15,7.34E-13,1.17E-11,ADM-DT
ENSG00000076641,ENSG00000076641.4,8.382770144,0.310656697,1.240272128,7.15E-15,9.23E-13,1.40E-11,PAG1
ENSG00000109189,ENSG00000109189.12,4.166854836,0.417339078,1.335462142,8.99E-15,1.14E-12,1.40E-11,USP46
ENSG00000112290,ENSG00000112290.12,0.423664017,0.741424196,1.671825413,9.46E-15,1.20E-12,1.40E-11,WASF1
ENSG00000113615,ENSG00000113615.12,5.038380287,0.252726391,1.191456592,9.55E-15,1.21E-12,1.40E-11,SEC24A
ENSG00000127328,ENSG00000127328.21,4.821725857,0.381052585,1.302291656,6.96E-15,9.00E-13,1.40E-11,RAB3IP
ENSG00000162949,ENSG00000162949.16,-1.035364037,0.905918786,1.873737412,5.98E-15,7.80E-13,1.40E-11,CAPN13
ENSG00000167283,ENSG00000167283.7,5.745195547,0.409166571,1.327918469,9.32E-15,1.18E-12,1.40E-11,ATP5MG
ENSG00000248651,ENSG00000248651.1,-1.453316504,0.804954663,1.747090888,9.50E-15,1.20E-12,1.40E-11,GCSHP1
ENSG00000058063,ENSG00000058063.15,8.246823012,0.356511559,1.280326319,1.07E-14,1.33E-12,1.55E-11,ATP11B
ENSG00000107281,ENSG00000107281.9,2.18140516,0.963090185,1.949481123,1.44E-14,1.75E-12,1.55E-11,NPDC1
ENSG00000125482,ENSG00000125482.12,4.629636889,-0.25343405,0.838897208,1.02E-14,1.29E-12,1.55E-11,TTF1
ENSG00000157404,ENSG00000157404.15,1.877017654,-0.71840355,0.607769613,1.38E-14,1.69E-12,1.55E-11,KIT
ENSG00000181381,ENSG00000181381.13,8.640643222,0.615622378,1.532218853,1.54E-14,1.86E-12,1.55E-11,DDX60L
ENSG00000182512,ENSG00000182512.4,7.215551738,1.077305237,2.110091027,1.36E-14,1.66E-12,1.55E-11,GLRX5
ENSG00000185477,ENSG00000185477.4,7.589760077,0.392673717,1.312824181,9.58E-15,1.21E-12,1.55E-11,GPRIN3
ENSG00000188649,ENSG00000188649.12,2.648472705,0.66646555,1.587179778,1.51E-14,1.82E-12,1.55E-11,CC2D2B
ENSG00000188761,ENSG00000188761.11,1.681648137,0.608026584,1.524172916,1.40E-14,1.70E-12,1.55E-11,BCL2L15
ENSG00000197467,ENSG00000197467.13,0.862859572,-1.210204656,0.4322073,1.46E-14,1.78E-12,1.55E-11,COL13A1
ENSG00000234358,ENSG00000234358.1,1.29628742,0.99406851,1.991794089,1.52E-14,1.83E-12,1.55E-11,RPL7AP42
ENSG00000239265,ENSG00000239265.5,-1.209819286,0.983886169,1.977785776,1.55E-14,1.87E-12,1.55E-11,CLRN1-AS1
ENSG00000069869,ENSG00000069869.15,3.600008731,0.507758506,1.421839388,1.56E-14,1.88E-12,1.63E-11,NEDD4
ENSG00000278897,ENSG00000278897.1,3.49822159,-0.51637907,0.699124321,1.61E-14,1.93E-12,3.82E-11,
ENSG00000072210,ENSG00000072210.18,5.475429993,-0.21863284,0.859379436,3.61E-14,4.10E-12,4.30E-11,ALDH3A2
ENSG00000078098,ENSG00000078098.13,-1.055217085,0.940064999,1.918614678,2.79E-14,3.24E-12,4.30E-11,FAP
ENSG00000105426,ENSG00000105426.16,1.884011147,-0.936253236,0.522588312,4.24E-14,4.73E-12,4.30E-11,PTPRS
ENSG00000111912,ENSG00000111912.19,5.807380685,0.257666109,1.195543074,5.24E-14,5.71E-12,4.30E-11,NCOA7
ENSG00000115310,ENSG00000115310.17,6.54863458,0.30990371,1.239624961,5.25E-14,5.72E-12,4.30E-11,RTN4
ENSG00000116815,ENSG00000116815.15,5.704500313,0.365183227,1.288045205,5.46E-14,5.91E-12,4.30E-11,CD58
ENSG00000119013,ENSG00000119013.8,2.929518652,0.732827686,1.661893216,5.32E-14,5.78E-12,4.30E-11,NDUFB3
ENSG00000120265,ENSG00000120265.16,5.570468979,0.352790889,1.277028647,4.32E-14,4.82E-12,4.30E-11,PCMT1
ENSG00000124469,ENSG00000124469.11,1.96587365,1.3538607,2.555951924,2.71E-14,3.15E-12,4.30E-11,CEACAM8
ENSG00000130164,ENSG00000130164.13,3.545477502,0.640316894,1.558671491,5.09E-14,5.56E-12,4.30E-11,LDLR
ENSG00000133112,ENSG00000133112.16,9.089047154,0.672801108,1.594165164,3.93E-14,4.42E-12,4.30E-11,TPT1
ENSG00000143889,ENSG00000143889.15,5.965952894,0.350846272,1.275308493,4.82E-14,5.31E-12,4.30E-11,HNRNPLL
ENSG00000144554,ENSG00000144554.10,4.923902556,-0.258142686,0.836163697,4.41E-14,4.91E-12,4.30E-11,FANCD2
ENSG00000146592,ENSG00000146592.16,7.807630075,0.74112663,1.671480623,2.30E-14,2.70E-12,4.30E-11,CREB5
ENSG00000147883,ENSG00000147883.10,2.219063342,0.634376512,1.552266764,2.57E-14,3.00E-12,4.30E-11,CDKN2B
ENSG00000166946,ENSG00000166946.13,8.046100147,0.457755955,1.37340389,3.59E-14,4.08E-12,4.30E-11,CCNDBP1
ENSG00000170558,ENSG00000170558.8,0.754644404,-1.151230493,0.450241051,4.70E-14,5.19E-12,4.30E-11,CDH2
ENSG00000171604,ENSG00000171604.11,4.078759094,-0.557867098,0.679305717,5.26E-14,5.72E-12,4.30E-11,CXXC5
ENSG00000173744,ENSG00000173744.17,7.465452128,0.268533001,1.20458233,1.93E-14,2.30E-12,4.30E-11,AGFG1
ENSG00000173812,ENSG00000173812.10,7.333496456,0.406144306,1.325139558,2.21E-14,2.60E-12,4.30E-11,EIF1
ENSG00000196872,ENSG00000196872.11,1.482529417,-0.728817575,0.603398253,3.86E-14,4.36E-12,4.30E-11,CRACDL
ENSG00000196954,ENSG00000196954.13,8.221328308,0.454580394,1.370384173,2.91E-14,3.37E-12,4.30E-11,CASP4
ENSG00000213557,ENSG00000213557.4,-0.15225179,-0.928101413,0.52554951,2.88E-14,3.33E-12,4.30E-11,RPL31P43
ENSG00000255398,ENSG00000255398.2,5.195990939,0.76275229,1.696724452,4.18E-14,4.67E-12,4.30E-11,HCAR3
ENSG00000272914,ENSG00000272914.1,1.039673445,0.735260869,1.664698454,3.38E-14,3.86E-12,4.30E-11,
ENSG00000273247,ENSG00000273247.5,5.034848741,0.326702205,1.254143303,1.73E-14,2.07E-12,4.30E-11,RAB33B-AS1
ENSG00000274588,ENSG00000274588.1,2.189879012,-1.242701157,0.422580717,3.36E-14,3.84E-12,4.30E-11,DGKK
ENSG00000008083,ENSG00000008083.13,7.116924868,-0.440333013,0.736964478,5.47E-14,5.92E-12,5.85E-11,JARID2
ENSG00000105011,ENSG00000105011.8,2.468977489,-0.774550227,0.584570841,5.66E-14,6.10E-12,9.64E-11,ASF1B
ENSG00000112655,ENSG00000112655.15,1.278486956,-0.816611699,0.567773847,7.09E-14,7.53E-12,9.64E-11,PTK7
ENSG00000125384,ENSG00000125384.6,5.562065446,0.348001038,1.272795851,7.09E-14,7.53E-12,9.64E-11,PTGER2
ENSG00000169385,ENSG00000169385.2,3.070758557,0.991329995,1.988016864,6.89E-14,7.33E-12,9.64E-11,RNASE2
ENSG00000179562,ENSG00000179562.2,6.142996547,-0.293259044,0.816056505,6.48E-14,6.92E-12,9.64E-11,GCC1
ENSG00000104522,ENSG00000104522.15,5.333874602,1.008017233,2.011145184,7.21E-14,7.64E-12,1.01E-10,GFUS
ENSG00000106477,ENSG00000106477.18,3.139488206,-0.360530814,0.778877952,7.93E-14,8.35E-12,1.01E-10,CEP41
ENSG00000114166,ENSG00000114166.7,8.376949709,0.559345822,1.473600874,9.45E-14,9.79E-12,1.01E-10,KAT2B
ENSG00000141580,ENSG00000141580.15,5.715367881,-0.217642886,0.859969331,8.96E-14,9.33E-12,1.01E-10,WDR45B
ENSG00000155744,ENSG00000155744.9,8.183399375,0.545031726,1.459052429,8.98E-14,9.34E-12,1.01E-10,HYCC2
ENSG00000166428,ENSG00000166428.12,3.226665875,-0.762253419,0.589574724,8.54E-14,8.92E-12,1.01E-10,PLD4
ENSG00000174123,ENSG00000174123.10,4.934218551,0.515838638,1.429825055,9.87E-14,1.02E-11,1.01E-10,TLR10
ENSG00000175866,ENSG00000175866.15,1.486465886,-0.799646551,0.574489906,1.01E-13,1.04E-11,1.01E-10,BAIAP2
ENSG00000238113,ENSG00000238113.6,4.847997227,0.649646487,1.568783739,7.76E-14,8.18E-12,1.01E-10,LINC01410
ENSG00000105855,ENSG00000105855.9,1.525701875,-1.624469802,0.324329059,1.11E-13,1.14E-11,1.62E-10,ITGB8
ENSG00000148346,ENSG00000148346.11,2.361395197,1.13363676,2.194111374,1.23E-13,1.25E-11,1.62E-10,LCN2
ENSG00000152990,ENSG00000152990.13,1.877502226,-0.790732345,0.578050586,1.01E-13,1.04E-11,1.62E-10,ADGRA3
ENSG00000173559,ENSG00000173559.12,9.551237619,0.520777625,1.434728371,1.26E-13,1.28E-11,1.62E-10,NABP1
ENSG00000234424,ENSG00000234424.2,0.210163578,0.729421449,1.657974076,1.26E-13,1.27E-11,1.62E-10,
ENSG00000136048,ENSG00000136048.13,4.330391884,0.434546061,1.351485526,1.27E-13,1.29E-11,2.33E-10,DRAM1
ENSG00000084733,ENSG00000084733.10,7.163031283,0.247822987,1.187413966,1.55E-13,1.55E-11,2.70E-10,RAB10
ENSG00000099622,ENSG00000099622.13,8.059084628,-0.259038837,0.835644463,2.03E-13,2.00E-11,2.70E-10,CIRBP
ENSG00000110330,ENSG00000110330.8,7.300932849,0.487966474,1.402466659,1.35E-13,1.36E-11,2.70E-10,BIRC2
ENSG00000113282,ENSG00000113282.13,6.761118819,-0.21943658,0.8589008,1.76E-13,1.74E-11,2.70E-10,CLINT1
ENSG00000118777,ENSG00000118777.10,2.784608087,0.979197288,1.971368239,1.73E-13,1.72E-11,2.70E-10,ABCG2
ENSG00000138821,ENSG00000138821.12,4.524277884,0.398539127,1.318172454,2.00E-13,1.97E-11,2.70E-10,SLC39A8
ENSG00000155097,ENSG00000155097.11,5.936408804,0.312586519,1.241932289,1.74E-13,1.73E-11,2.70E-10,ATP6V1C1
ENSG00000271270,ENSG00000271270.5,1.850975614,-0.441745702,0.736243194,1.84E-13,1.82E-11,2.70E-10,TMCC1-DT
ENSG00000005108,ENSG00000005108.15,-0.062508871,-1.364629381,0.388334185,2.04E-13,2.01E-11,2.85E-10,THSD7A
ENSG00000035681,ENSG00000035681.7,6.336681235,0.212448287,1.158652777,2.16E-13,2.11E-11,2.85E-10,NSMAF
ENSG00000070915,ENSG00000070915.9,-0.244832333,-0.832512408,0.561550468,2.76E-13,2.66E-11,3.82E-10,SLC12A3
ENSG00000111726,ENSG00000111726.12,3.902066231,0.497638198,1.411900281,2.94E-13,2.82E-11,3.82E-10,CMAS
ENSG00000140939,ENSG00000140939.14,1.168708405,0.645463365,1.564241608,2.74E-13,2.64E-11,3.82E-10,NOL3
ENSG00000140968,ENSG00000140968.10,6.365425492,-0.382009875,0.767367795,2.57E-13,2.49E-11,3.82E-10,IRF8
ENSG00000175894,ENSG00000175894.14,-0.356944401,-1.095475454,0.46798187,2.99E-13,2.87E-11,3.82E-10,TSPEAR
ENSG00000184743,ENSG00000184743.12,6.471694354,0.195591593,1.145193664,2.50E-13,2.42E-11,3.82E-10,ATL3
ENSG00000185483,ENSG00000185483.11,-0.748484936,-1.133478264,0.455815451,2.23E-13,2.18E-11,3.82E-10,ROR1
ENSG00000063978,ENSG00000063978.15,6.656201618,-0.233065959,0.850824829,4.18E-13,3.89E-11,3.83E-10,RNF4
ENSG00000111817,ENSG00000111817.16,6.371632157,0.397105473,1.316863192,5.36E-13,4.85E-11,3.83E-10,DSE
ENSG00000136161,ENSG00000136161.12,6.90327722,0.328384493,1.255606579,3.79E-13,3.56E-11,3.83E-10,RCBTB2
ENSG00000146250,ENSG00000146250.6,-1.282923573,-0.874025295,0.545622372,4.76E-13,4.37E-11,3.83E-10,PRSS35
ENSG00000151726,ENSG00000151726.13,10.04667439,0.751193533,1.683184743,4.86E-13,4.45E-11,3.83E-10,ACSL1
ENSG00000152484,ENSG00000152484.13,6.924760749,0.745708224,1.676797213,4.45E-13,4.11E-11,3.83E-10,USP12
ENSG00000157554,ENSG00000157554.18,0.423606902,0.993210204,1.990609459,4.34E-13,4.03E-11,3.83E-10,ERG
ENSG00000158050,ENSG00000158050.4,3.791463792,-0.774098713,0.58475382,5.01E-13,4.57E-11,3.83E-10,DUSP2
ENSG00000163751,ENSG00000163751.3,1.953910171,-1.564296636,0.338142524,5.33E-13,4.83E-11,3.83E-10,CPA3
ENSG00000167555,ENSG00000167555.13,4.960766451,-0.395165463,0.760402161,5.13E-13,4.67E-11,3.83E-10,ZNF528
ENSG00000168802,ENSG00000168802.12,6.450107308,-0.32861092,0.796302825,4.75E-13,4.36E-11,3.83E-10,CHTF8
ENSG00000176597,ENSG00000176597.11,4.409002109,0.616753762,1.533420915,5.53E-13,4.98E-11,3.83E-10,B3GNT5
ENSG00000182489,ENSG00000182489.8,1.314718704,-0.90640818,0.533511702,4.69E-13,4.31E-11,3.83E-10,XKRX
ENSG00000182810,ENSG00000182810.6,4.198180962,-0.337403834,0.791464291,3.09E-13,2.95E-11,3.83E-10,DDX28
ENSG00000189319,ENSG00000189319.13,6.857204725,-0.434565168,0.739916734,4.13E-13,3.85E-11,3.83E-10,FAM53B
ENSG00000196581,ENSG00000196581.10,0.935522947,-1.022534943,0.492250664,4.00E-13,3.74E-11,3.83E-10,AJAP1
ENSG00000219607,ENSG00000219607.3,0.212071904,-0.888720484,0.540092911,3.41E-13,3.23E-11,3.83E-10,PPP1R3G
ENSG00000227165,ENSG00000227165.7,1.784864442,-0.675966885,0.625912596,4.22E-13,3.92E-11,3.83E-10,WDR11-DT
ENSG00000233093,ENSG00000233093.5,1.40733086,0.719614833,1.646742333,4.51E-13,4.16E-11,3.83E-10,LINC00892
ENSG00000233392,ENSG00000233392.5,1.869090338,-1.041186226,0.485927765,3.37E-13,3.20E-11,3.83E-10,UICLM
ENSG00000001084,ENSG00000001084.10,5.468349457,0.540957352,1.454937673,9.73E-13,8.26E-11,6.20E-10,GCLC
ENSG00000067066,ENSG00000067066.16,8.54902549,0.292055675,1.224383642,6.68E-13,5.92E-11,6.20E-10,SP100
ENSG00000083814,ENSG00000083814.13,5.015884112,-0.250735641,0.840467745,9.40E-13,8.02E-11,6.20E-10,ZNF671
ENSG00000083844,ENSG00000083844.10,6.862922205,-0.176723992,0.884709677,7.13E-13,6.28E-11,6.20E-10,ZNF264
ENSG00000089053,ENSG00000089053.12,7.465920974,-0.153073198,0.899332682,6.01E-13,5.38E-11,6.20E-10,ANAPC5
ENSG00000100568,ENSG00000100568.10,6.800038505,0.432514059,1.34958333,6.21E-13,5.54E-11,6.20E-10,VTI1B
ENSG00000102780,ENSG00000102780.16,5.482677985,0.35188174,1.27622415,8.21E-13,7.11E-11,6.20E-10,DGKH
ENSG00000118564,ENSG00000118564.14,9.225565001,0.461028486,1.376522781,9.65E-13,8.20E-11,6.20E-10,FBXL5
ENSG00000137752,ENSG00000137752.23,7.533181151,0.405122442,1.324201291,7.81E-13,6.81E-11,6.20E-10,CASP1
ENSG00000152102,ENSG00000152102.17,6.42000199,-0.235891115,0.849160333,8.19E-13,7.10E-11,6.20E-10,FAM168B
ENSG00000152380,ENSG00000152380.9,2.629289905,0.539361173,1.453328839,7.70E-13,6.72E-11,6.20E-10,FAM151B
ENSG00000154269,ENSG00000154269.14,1.337418257,-1.048534352,0.483459066,8.32E-13,7.20E-11,6.20E-10,ENPP3
ENSG00000159713,ENSG00000159713.10,1.529501845,-0.85374677,0.553345795,6.62E-13,5.87E-11,6.20E-10,TPPP3
ENSG00000168995,ENSG00000168995.13,3.870391833,-0.582532545,0.667790491,7.04E-13,6.20E-11,6.20E-10,SIGLEC7
ENSG00000173083,ENSG00000173083.14,5.444077536,0.484074099,1.39868792,8.56E-13,7.39E-11,6.20E-10,HPSE
ENSG00000179023,ENSG00000179023.8,-1.351658162,-0.911907912,0.531481761,8.37E-13,7.24E-11,6.20E-10,KLHDC7A
ENSG00000181852,ENSG00000181852.17,6.447156788,-0.197355462,0.872147793,7.36E-13,6.46E-11,6.20E-10,RNF41
ENSG00000204084,ENSG00000204084.12,5.936099669,-0.276787455,0.825427006,9.18E-13,7.85E-11,6.20E-10,INPP5B
ENSG00000240225,ENSG00000240225.10,3.372152234,-0.473585297,0.720172643,8.06E-13,7.00E-11,6.20E-10,ZNF542P
ENSG00000260228,ENSG00000260228.5,1.200617476,-0.586409718,0.665998246,5.56E-13,5.00E-11,6.20E-10,CDH13-AS2
ENSG00000279117,ENSG00000279117.1,5.406025733,-0.405515478,0.754966493,9.11E-13,7.80E-11,6.20E-10,
ENSG00000076043,ENSG00000076043.9,4.356465863,0.376071613,1.297803186,1.28E-12,1.05E-10,7.97E-10,REXO2
ENSG00000078124,ENSG00000078124.11,5.533527425,0.303743811,1.234343397,1.33E-12,1.09E-10,7.97E-10,ACER3
ENSG00000123700,ENSG00000123700.4,7.441318687,0.636616328,1.554678564,1.43E-12,1.16E-10,7.97E-10,KCNJ2
ENSG00000141404,ENSG00000141404.15,1.936784385,-0.817582629,0.567391865,1.35E-12,1.10E-10,7.97E-10,GNAL
ENSG00000141543,ENSG00000141543.9,5.458565904,-0.336690184,0.791855897,1.28E-12,1.05E-10,7.97E-10,EIF4A3
ENSG00000144802,ENSG00000144802.11,7.377778453,0.332181926,1.258915915,1.06E-12,8.89E-11,7.97E-10,NFKBIZ
ENSG00000145545,ENSG00000145545.11,4.682814413,0.297492323,1.22900631,1.42E-12,1.15E-10,7.97E-10,SRD5A1
ENSG00000149212,ENSG00000149212.11,8.760582034,0.555565256,1.469744375,1.13E-12,9.44E-11,7.97E-10,SESN3
ENSG00000153317,ENSG00000153317.14,7.149431884,0.462182376,1.377624185,9.75E-13,8.27E-11,7.97E-10,ASAP1
ENSG00000158966,ENSG00000158966.13,0.329038747,-0.867260293,0.548186881,1.25E-12,1.03E-10,7.97E-10,CACHD1
ENSG00000165782,ENSG00000165782.10,5.512777798,-0.187195916,0.878311187,1.13E-12,9.46E-11,7.97E-10,PIP4P1
ENSG00000165949,ENSG00000165949.12,2.652866252,1.918981782,3.781560713,1.16E-12,9.62E-11,7.97E-10,IFI27
ENSG00000168702,ENSG00000168702.17,0.134379619,-0.941263825,0.520776472,1.28E-12,1.05E-10,7.97E-10,LRP1B
ENSG00000177483,ENSG00000177483.11,2.543978027,0.564551461,1.478927633,1.37E-12,1.11E-10,7.97E-10,RBM44
ENSG00000196126,ENSG00000196126.11,7.472101799,-0.613010623,0.65383086,1.21E-12,1.00E-10,7.97E-10,HLA-DRB1
ENSG00000196371,ENSG00000196371.3,4.634109179,0.272682103,1.208051621,1.19E-12,9.85E-11,7.97E-10,FUT4
ENSG00000196636,ENSG00000196636.7,2.203607624,0.409452442,1.328181623,1.34E-12,1.10E-10,7.97E-10,SDHAF3
ENSG00000258227,ENSG00000258227.6,2.58484519,0.750112571,1.681924062,1.13E-12,9.47E-11,7.97E-10,CLEC5A
ENSG00000007516,ENSG00000007516.13,2.98736924,-1.03273029,0.488784252,1.44E-12,1.16E-10,1.63E-09,BAIAP3
ENSG00000070214,ENSG00000070214.15,5.893632953,0.235099521,1.176987926,1.70E-12,1.36E-10,1.63E-09,SLC44A1
ENSG00000070761,ENSG00000070761.7,3.840101495,-0.277608844,0.824957188,2.07E-12,1.63E-10,1.63E-09,CFAP20
ENSG00000102837,ENSG00000102837.6,1.971416005,1.770350421,3.411368065,1.94E-12,1.53E-10,1.63E-09,OLFM4
ENSG00000103005,ENSG00000103005.11,5.126537233,0.503742301,1.417886746,1.82E-12,1.44E-10,1.63E-09,USB1
ENSG00000104375,ENSG00000104375.15,4.333578515,0.433853282,1.350836701,1.60E-12,1.29E-10,1.63E-09,STK3
ENSG00000104549,ENSG00000104549.11,3.217461176,0.453644717,1.369495682,2.14E-12,1.68E-10,1.63E-09,SQLE
ENSG00000114737,ENSG00000114737.15,5.084626427,0.539699825,1.453670028,1.50E-12,1.21E-10,1.63E-09,CISH
ENSG00000124243,ENSG00000124243.17,3.839564879,-0.537499007,0.688964233,1.92E-12,1.52E-10,1.63E-09,BCAS4
ENSG00000145990,ENSG00000145990.10,5.838395258,-0.476121991,0.718907475,2.10E-12,1.65E-10,1.63E-09,GFOD1
ENSG00000163328,ENSG00000163328.13,6.892710334,0.342747608,1.26816952,1.58E-12,1.27E-10,1.63E-09,GPR155
ENSG00000180776,ENSG00000180776.15,7.33028018,0.336657477,1.262827407,2.02E-12,1.59E-10,1.63E-09,ZDHHC20
ENSG00000267453,ENSG00000267453.7,-0.782812353,-1.07246796,0.475504876,1.82E-12,1.45E-10,1.63E-09,CLEC4OP
ENSG00000271605,ENSG00000271605.5,4.326943328,0.55385504,1.468003126,1.84E-12,1.46E-10,1.63E-09,MILR1
ENSG00000101782,ENSG00000101782.14,8.836074977,0.798879781,1.739749727,2.37E-12,1.84E-10,1.68E-09,RIOK3
ENSG00000198795,ENSG00000198795.10,0.226918263,-0.754765078,0.592642881,2.38E-12,1.84E-10,1.68E-09,ZNF521
ENSG00000233937,ENSG00000233937.6,2.660801991,0.339279994,1.265125051,2.23E-12,1.74E-10,1.68E-09,CTC-338M12.4
ENSG00000236467,ENSG00000236467.8,-1.480023743,-0.569548742,0.673827521,2.17E-12,1.70E-10,1.68E-09,KCNMA1-AS1
ENSG00000122420,ENSG00000122420.9,-0.677369153,1.193673459,2.287344169,2.46E-12,1.90E-10,1.78E-09,PTGFR
ENSG00000198176,ENSG00000198176.12,6.277866786,0.700053492,1.624565027,2.39E-12,1.85E-10,1.78E-09,TFDP1
ENSG00000023734,ENSG00000023734.10,3.763818959,0.388722723,1.309233772,2.64E-12,2.02E-10,2.72E-09,STRAP
ENSG00000065618,ENSG00000065618.18,-0.163711004,1.080038381,2.114092323,3.01E-12,2.28E-10,2.72E-09,COL17A1
ENSG00000100614,ENSG00000100614.17,8.35197932,0.505542588,1.419657179,2.91E-12,2.21E-10,2.72E-09,PPM1A
ENSG00000124228,ENSG00000124228.14,5.331813891,-0.293149235,0.816118621,2.88E-12,2.19E-10,2.72E-09,DDX27
ENSG00000151553,ENSG00000151553.14,6.497085224,0.356077228,1.279940927,3.28E-12,2.47E-10,2.72E-09,FHIP2A
ENSG00000172164,ENSG00000172164.13,5.548208436,0.259062287,1.196700629,3.08E-12,2.33E-10,2.72E-09,SNTB1
ENSG00000173480,ENSG00000173480.10,5.388216257,-0.195232688,0.873432011,2.96E-12,2.25E-10,2.72E-09,ZNF417
ENSG00000214788,ENSG00000214788.2,-1.162960819,0.754156139,1.686644752,3.26E-12,2.45E-10,2.72E-09,
ENSG00000267365,ENSG00000267365.1,2.152892819,0.684951696,1.607648154,2.50E-12,1.93E-10,2.72E-09,KCNJ2-AS1
ENSG00000086548,ENSG00000086548.8,0.424622113,1.176062491,2.259592302,4.83E-12,3.49E-10,2.79E-09,CEACAM6
ENSG00000091106,ENSG00000091106.18,6.123662707,0.457088292,1.372768441,3.89E-12,2.88E-10,2.79E-09,NLRC4
ENSG00000101417,ENSG00000101417.11,3.98995852,-0.254847918,0.838075476,4.58E-12,3.33E-10,2.79E-09,PXMP4
ENSG00000104824,ENSG00000104824.16,6.905233856,-0.164247012,0.892394167,3.97E-12,2.93E-10,2.79E-09,HNRNPL
ENSG00000113916,ENSG00000113916.17,7.826882568,0.694137664,1.617917074,4.07E-12,3.00E-10,2.79E-09,BCL6
ENSG00000116977,ENSG00000116977.18,7.204876653,0.2016586,1.15001972,3.45E-12,2.59E-10,2.79E-09,LGALS8
ENSG00000126858,ENSG00000126858.16,6.357149171,0.329250586,1.256360583,4.84E-12,3.49E-10,2.79E-09,RHOT1
ENSG00000133048,ENSG00000133048.12,6.251356533,-1.214297233,0.43098297,3.83E-12,2.84E-10,2.79E-09,CHI3L1
ENSG00000137094,ENSG00000137094.14,1.480467017,-0.752880593,0.593417512,4.44E-12,3.24E-10,2.79E-09,DNAJB5
ENSG00000145780,ENSG00000145780.7,5.902756585,0.29756184,1.229065532,4.79E-12,3.46E-10,2.79E-09,FEM1C
ENSG00000147454,ENSG00000147454.13,11.59626612,0.773509663,1.709423266,4.83E-12,3.49E-10,2.79E-09,SLC25A37
ENSG00000153250,ENSG00000153250.19,7.249896811,0.236589537,1.178204147,3.29E-12,2.48E-10,2.79E-09,RBMS1
ENSG00000164949,ENSG00000164949.7,-1.168642872,-0.685190763,0.621923586,4.02E-12,2.97E-10,2.79E-09,GEM
ENSG00000168172,ENSG00000168172.8,6.841576159,0.215312928,1.160955704,4.22E-12,3.10E-10,2.79E-09,HOOK3
ENSG00000196074,ENSG00000196074.12,3.403355034,0.59590154,1.511416774,4.33E-12,3.17E-10,2.79E-09,SYCP2
ENSG00000198574,ENSG00000198574.5,3.940912776,-0.750324829,0.594469695,3.85E-12,2.85E-10,2.79E-09,SH2D1B
ENSG00000248429,ENSG00000248429.5,3.585974358,0.667885331,1.588742518,4.70E-12,3.40E-10,2.79E-09,GASK1B-AS1
ENSG00000261115,ENSG00000261115.5,-0.431558195,0.860733564,1.815961434,4.24E-12,3.11E-10,2.79E-09,TMEM178B
ENSG00000100150,ENSG00000100150.16,5.44239481,-0.26535089,0.831996353,5.35E-12,3.83E-10,5.03E-09,DEPDC5
ENSG00000100297,ENSG00000100297.15,5.574002292,-0.378090116,0.769455546,5.44E-12,3.89E-10,5.03E-09,MCM5
ENSG00000184602,ENSG00000184602.5,7.22642955,-0.473184208,0.720372889,4.91E-12,3.54E-10,5.03E-09,SNN
ENSG00000249138,ENSG00000249138.1,3.636257263,0.799372376,1.74034385,5.28E-12,3.78E-10,5.03E-09,
ENSG00000072134,ENSG00000072134.15,3.481014203,-0.513089676,0.700720167,7.06E-12,4.95E-10,6.03E-09,EPN2
ENSG00000103510,ENSG00000103510.19,6.002555921,-0.275267028,0.826297365,8.23E-12,5.70E-10,6.03E-09,KAT8
ENSG00000105810,ENSG00000105810.9,6.578991764,0.27997738,1.214175847,5.56E-12,3.97E-10,6.03E-09,CDK6
ENSG00000114346,ENSG00000114346.13,3.313372469,0.481986368,1.396665335,5.94E-12,4.22E-10,6.03E-09,ECT2
ENSG00000130803,ENSG00000130803.14,5.993631035,-0.193895495,0.874241946,5.99E-12,4.26E-10,6.03E-09,ZNF317
ENSG00000132964,ENSG00000132964.11,4.056207253,0.31651592,1.245319493,7.69E-12,5.36E-10,6.03E-09,CDK8
ENSG00000147324,ENSG00000147324.10,5.530363,0.408660442,1.327452688,8.20E-12,5.68E-10,6.03E-09,MFHAS1
ENSG00000155380,ENSG00000155380.11,3.765948313,0.328280366,1.255515959,7.88E-12,5.48E-10,6.03E-09,SLC16A1
ENSG00000163634,ENSG00000163634.11,3.606199084,0.405837926,1.324858172,7.53E-12,5.26E-10,6.03E-09,THOC7
ENSG00000165490,ENSG00000165490.12,2.876067044,0.463859135,1.379226248,7.24E-12,5.07E-10,6.03E-09,DDIAS
ENSG00000170955,ENSG00000170955.9,-0.526618304,0.920906439,1.893304475,8.41E-12,5.81E-10,6.03E-09,CAVIN3
ENSG00000171649,ENSG00000171649.11,3.492159061,-0.456921315,0.72853929,6.52E-12,4.60E-10,6.03E-09,ZIK1
ENSG00000172794,ENSG00000172794.19,6.619185372,-0.388951646,0.763684345,6.37E-12,4.51E-10,6.03E-09,RAB37
ENSG00000198001,ENSG00000198001.13,6.910263325,0.198806894,1.147748776,8.37E-12,5.78E-10,6.03E-09,IRAK4
ENSG00000253214,ENSG00000253214.1,0.459414955,0.813116224,1.757002476,8.08E-12,5.60E-10,6.03E-09,
ENSG00000076864,ENSG00000076864.19,2.127196329,2.257698514,4.782279709,1.37E-11,9.00E-10,7.37E-09,RAP1GAP
ENSG00000100591,ENSG00000100591.7,5.418265124,-0.249241648,0.841338549,1.17E-11,7.81E-10,7.37E-09,AHSA1
ENSG00000100650,ENSG00000100650.15,8.397632762,-0.172614346,0.887233445,1.19E-11,7.99E-10,7.37E-09,SRSF5
ENSG00000104626,ENSG00000104626.14,4.634744063,0.285030191,1.218435761,1.32E-11,8.70E-10,7.37E-09,ERI1
ENSG00000109466,ENSG00000109466.13,6.457935113,0.440862315,1.357415427,9.09E-12,6.24E-10,7.37E-09,KLHL2
ENSG00000114209,ENSG00000114209.14,5.571828507,0.443026339,1.359453061,1.47E-11,9.61E-10,7.37E-09,PDCD10
ENSG00000124226,ENSG00000124226.10,6.53276341,-0.187246591,0.878280336,1.47E-11,9.57E-10,7.37E-09,RNF114
ENSG00000133657,ENSG00000133657.14,6.837335767,0.215988128,1.161499174,1.11E-11,7.46E-10,7.37E-09,ATP13A3
ENSG00000134248,ENSG00000134248.13,4.699460263,0.303429338,1.234074369,1.22E-11,8.12E-10,7.37E-09,LAMTOR5
ENSG00000135046,ENSG00000135046.13,7.681545011,0.545021822,1.459042413,1.49E-11,9.68E-10,7.37E-09,ANXA1
ENSG00000138190,ENSG00000138190.16,5.796887056,0.407875486,1.32673063,1.08E-11,7.31E-10,7.37E-09,EXOC6
ENSG00000138600,ENSG00000138600.9,6.398555853,0.214085886,1.159968707,1.44E-11,9.40E-10,7.37E-09,SPPL2A
ENSG00000138640,ENSG00000138640.14,5.403559219,0.522941006,1.436881419,1.47E-11,9.56E-10,7.37E-09,FAM13A
ENSG00000143344,ENSG00000143344.15,2.247854654,0.451975749,1.36791231,8.47E-12,5.85E-10,7.37E-09,RGL1
ENSG00000143545,ENSG00000143545.8,0.469113995,0.673077683,1.594470806,1.44E-11,9.39E-10,7.37E-09,RAB13
ENSG00000151743,ENSG00000151743.10,4.309502191,0.364188864,1.287157739,1.07E-11,7.25E-10,7.37E-09,AMN1
ENSG00000152760,ENSG00000152760.9,-0.694402222,0.900002494,1.866069209,1.39E-11,9.12E-10,7.37E-09,DYNLT5
ENSG00000154188,ENSG00000154188.9,2.995042893,-0.711792275,0.610561161,1.36E-11,8.95E-10,7.37E-09,ANGPT1
ENSG00000163251,ENSG00000163251.3,2.467524179,0.628021047,1.545443645,1.04E-11,7.06E-10,7.37E-09,FZD5
ENSG00000165238,ENSG00000165238.16,-0.92163745,-0.778960393,0.582786598,1.03E-11,7.00E-10,7.37E-09,WNK2
ENSG00000168297,ENSG00000168297.15,5.745860394,0.319609959,1.247993101,1.23E-11,8.18E-10,7.37E-09,PXK
ENSG00000178075,ENSG00000178075.19,4.190757567,-0.679522225,0.624372012,1.17E-11,7.86E-10,7.37E-09,GRAMD1C
ENSG00000187210,ENSG00000187210.12,4.949101024,0.305689358,1.236009094,1.31E-11,8.69E-10,7.37E-09,GCNT1
ENSG00000196220,ENSG00000196220.15,2.717758922,-0.593450683,0.66275581,1.46E-11,9.52E-10,7.37E-09,SRGAP3
ENSG00000196873,ENSG00000196873.15,2.921218949,0.423078857,1.340785877,8.87E-12,6.10E-10,7.37E-09,ZNG1C
ENSG00000197353,ENSG00000197353.3,-0.003038995,-1.015579879,0.494629476,1.16E-11,7.76E-10,7.37E-09,LYPD2
ENSG00000231607,ENSG00000231607.10,6.253077391,0.355737836,1.279639859,9.48E-12,6.48E-10,7.37E-09,DLEU2
ENSG00000247400,ENSG00000247400.3,2.634645783,0.573500436,1.488129869,1.51E-11,9.79E-10,7.37E-09,DNAJC3-DT
ENSG00000065911,ENSG00000065911.11,4.992011386,0.337224789,1.263324087,1.78E-11,1.14E-09,1.27E-08,MTHFD2
ENSG00000102054,ENSG00000102054.17,5.745216363,-0.23975033,0.846891861,2.08E-11,1.31E-09,1.27E-08,RBBP7
ENSG00000106462,ENSG00000106462.10,3.54953332,0.355634699,1.279548381,2.17E-11,1.37E-09,1.27E-08,EZH2
ENSG00000110958,ENSG00000110958.15,6.027755814,0.409322583,1.328062076,1.94E-11,1.23E-09,1.27E-08,PTGES3
ENSG00000111450,ENSG00000111450.13,4.249673009,0.4371028,1.353882748,2.21E-11,1.38E-09,1.27E-08,STX2
ENSG00000116199,ENSG00000116199.11,5.981482125,0.375800981,1.297559757,1.81E-11,1.16E-09,1.27E-08,FAM20B
ENSG00000132541,ENSG00000132541.10,1.274867988,0.543045665,1.457045232,1.77E-11,1.13E-09,1.27E-08,RIDA
ENSG00000162496,ENSG00000162496.8,3.866929531,-0.455976157,0.729016738,2.19E-11,1.38E-09,1.27E-08,DHRS3
ENSG00000163346,ENSG00000163346.16,7.831978278,-0.466846011,0.723544668,2.02E-11,1.28E-09,1.27E-08,PBXIP1
ENSG00000163902,ENSG00000163902.11,7.739820354,-0.257679642,0.836432114,2.21E-11,1.39E-09,1.27E-08,RPN1
ENSG00000165092,ENSG00000165092.12,4.710617619,-0.637950223,0.642625341,2.10E-11,1.33E-09,1.27E-08,ALDH1A1
ENSG00000173166,ENSG00000173166.17,3.443312196,0.507874432,1.421953642,1.56E-11,1.01E-09,1.27E-08,RAPH1
ENSG00000185905,ENSG00000185905.3,7.209349086,-0.394716466,0.760638851,2.14E-11,1.35E-09,1.27E-08,C16orf54
ENSG00000196199,ENSG00000196199.13,6.531532468,-0.147877312,0.90257748,1.79E-11,1.15E-09,1.27E-08,MPHOSPH8
ENSG00000197646,ENSG00000197646.7,0.529153107,0.879226234,1.839388511,2.00E-11,1.27E-09,1.27E-08,PDCD1LG2
ENSG00000226137,ENSG00000226137.5,4.306907176,-0.551406103,0.682354756,2.16E-11,1.36E-09,1.27E-08,BAIAP2-DT
ENSG00000249309,ENSG00000249309.1,2.128068953,0.769622751,1.704823932,1.84E-11,1.18E-09,1.27E-08,
ENSG00000274211,ENSG00000274211.4,4.707564317,-0.26255184,0.833612121,1.51E-11,9.82E-10,1.27E-08,SOCS7
ENSG00000141699,ENSG00000141699.10,6.854117429,-0.208521543,0.865423653,2.25E-11,1.41E-09,1.56E-08,RETREG3
ENSG00000151491,ENSG00000151491.12,1.726279771,0.563716163,1.478071605,2.61E-11,1.61E-09,1.56E-08,EPS8
ENSG00000158578,ENSG00000158578.18,11.04192438,1.26662848,2.405986388,2.59E-11,1.60E-09,1.56E-08,ALAS2
ENSG00000162929,ENSG00000162929.13,3.520504187,0.318149443,1.246730331,2.50E-11,1.55E-09,1.56E-08,SANBR
ENSG00000165175,ENSG00000165175.15,6.070901384,-0.509972271,0.702235935,2.45E-11,1.52E-09,1.56E-08,MID1IP1
ENSG00000165795,ENSG00000165795.23,2.514281133,-0.468569779,0.722680675,2.45E-11,1.52E-09,1.56E-08,NDRG2
ENSG00000197992,ENSG00000197992.6,1.023860332,-0.80462747,0.572509894,2.35E-11,1.47E-09,1.56E-08,CLEC9A
ENSG00000264204,ENSG00000264204.2,1.094607348,-0.89669273,0.53711662,2.32E-11,1.45E-09,1.56E-08,AGAP7P
ENSG00000100109,ENSG00000100109.16,6.079378336,-0.311895812,0.805582466,2.65E-11,1.63E-09,1.97E-08,TFIP11
ENSG00000111445,ENSG00000111445.13,3.62272462,-0.209386483,0.86490496,2.91E-11,1.78E-09,1.97E-08,RFC5
ENSG00000120833,ENSG00000120833.13,3.665582332,0.417823429,1.335910567,2.90E-11,1.77E-09,1.97E-08,SOCS2
ENSG00000121989,ENSG00000121989.14,4.136074736,0.365506797,1.288334123,2.80E-11,1.72E-09,1.97E-08,ACVR2A
ENSG00000135365,ENSG00000135365.15,6.951834472,0.391493044,1.311750231,2.83E-11,1.74E-09,1.97E-08,PHF21A
ENSG00000070061,ENSG00000070061.14,6.251095745,-0.22051419,0.85825949,3.23E-11,1.96E-09,2.39E-08,ELP1
ENSG00000108861,ENSG00000108861.8,5.783694754,0.361858285,1.285080099,3.11E-11,1.89E-09,2.39E-08,DUSP3
ENSG00000166685,ENSG00000166685.11,4.886400519,-0.234039298,0.850251,2.97E-11,1.81E-09,2.39E-08,COG1
ENSG00000180769,ENSG00000180769.8,-0.571408693,0.730968159,1.659752539,3.27E-11,1.98E-09,2.39E-08,WDFY3-AS2
ENSG00000006194,ENSG00000006194.9,5.667174757,-0.190501879,0.876300825,3.80E-11,2.28E-09,2.67E-08,ZNF263
ENSG00000068878,ENSG00000068878.14,7.677348899,0.333972473,1.260479341,7.23E-11,4.02E-09,2.67E-08,PSME4
ENSG00000082074,ENSG00000082074.15,8.853054704,0.316468314,1.2452784,3.81E-11,2.28E-09,2.67E-08,FYB1
ENSG00000086065,ENSG00000086065.13,4.453437612,0.549223918,1.463298319,6.52E-11,3.68E-09,2.67E-08,CHMP5
ENSG00000092841,ENSG00000092841.18,8.00565917,0.45394808,1.369783683,3.27E-11,1.98E-09,2.67E-08,MYL6
ENSG00000096093,ENSG00000096093.15,4.078580165,-0.324578117,0.798531865,6.78E-11,3.80E-09,2.67E-08,EFHC1
ENSG00000099985,ENSG00000099985.3,2.75736896,0.737087846,1.666807903,5.92E-11,3.38E-09,2.67E-08,OSM
ENSG00000105048,ENSG00000105048.16,0.893196686,1.087675036,2.125312573,7.62E-11,4.20E-09,2.67E-08,TNNT1
ENSG00000112297,ENSG00000112297.14,7.907804839,0.17723577,1.130715337,4.43E-11,2.62E-09,2.67E-08,CRYBG1
ENSG00000113812,ENSG00000113812.13,5.420219406,-0.174278297,0.886210732,5.60E-11,3.22E-09,2.67E-08,ACTR8
ENSG00000116478,ENSG00000116478.11,6.800537027,-0.191590987,0.875639544,7.55E-11,4.17E-09,2.67E-08,HDAC1
ENSG00000119950,ENSG00000119950.20,8.430965007,0.825645578,1.772327943,7.93E-11,4.35E-09,2.67E-08,MXI1
ENSG00000121060,ENSG00000121060.16,8.342821823,0.526995927,1.44092568,4.44E-11,2.62E-09,2.67E-08,TRIM25
ENSG00000129757,ENSG00000129757.12,3.906170236,-0.837054196,0.559785415,6.66E-11,3.74E-09,2.67E-08,CDKN1C
ENSG00000130340,ENSG00000130340.15,4.754226245,-0.331639974,0.794632677,4.86E-11,2.84E-09,2.67E-08,SNX9
ENSG00000132912,ENSG00000132912.12,6.445791705,0.2240281,1.167990144,5.93E-11,3.39E-09,2.67E-08,DCTN4
ENSG00000133302,ENSG00000133302.12,4.992108469,0.385334071,1.306162208,7.52E-11,4.16E-09,2.67E-08,SLF1
ENSG00000133742,ENSG00000133742.13,6.774445684,1.220700554,2.330598607,6.89E-11,3.86E-09,2.67E-08,CA1
ENSG00000143452,ENSG00000143452.15,2.464243273,0.677796195,1.599694257,3.50E-11,2.11E-09,2.67E-08,HORMAD1
ENSG00000143727,ENSG00000143727.15,6.185897191,0.402222468,1.321542175,5.35E-11,3.09E-09,2.67E-08,ACP1
ENSG00000157551,ENSG00000157551.17,8.23069517,0.733328721,1.662470477,6.54E-11,3.69E-09,2.67E-08,KCNJ15
ENSG00000163565,ENSG00000163565.18,7.881604839,0.365429831,1.288265393,6.51E-11,3.67E-09,2.67E-08,IFI16
ENSG00000164124,ENSG00000164124.10,3.868888101,0.672338532,1.593654104,5.89E-11,3.37E-09,2.67E-08,TMEM144
ENSG00000164821,ENSG00000164821.4,1.981166456,1.353143791,2.554682126,8.17E-11,4.45E-09,2.67E-08,DEFA4
ENSG00000165185,ENSG00000165185.14,3.473779601,0.426998156,1.344433276,5.64E-11,3.24E-09,2.67E-08,KIAA1958
ENSG00000166123,ENSG00000166123.13,0.684276607,-0.704732473,0.613556253,8.10E-11,4.42E-09,2.67E-08,GPT2
ENSG00000167261,ENSG00000167261.13,6.808313407,-0.528653512,0.693201407,6.17E-11,3.50E-09,2.67E-08,DPEP2
ENSG00000170525,ENSG00000170525.19,6.176888897,0.596579335,1.512127023,5.58E-11,3.21E-09,2.67E-08,PFKFB3
ENSG00000172936,ENSG00000172936.12,6.896446229,0.441133781,1.357670871,7.84E-11,4.30E-09,2.67E-08,MYD88
ENSG00000175556,ENSG00000175556.16,3.846439424,0.320321741,1.248608975,4.75E-11,2.78E-09,2.67E-08,LONRF3
ENSG00000176293,ENSG00000176293.19,1.536375588,-0.763704839,0.588981882,4.80E-11,2.81E-09,2.67E-08,ZNF135
ENSG00000177868,ENSG00000177868.11,4.139554325,0.556229331,1.470421056,6.00E-11,3.42E-09,2.67E-08,SVBP
ENSG00000180611,ENSG00000180611.6,2.208713203,0.546618161,1.460657734,8.15E-11,4.44E-09,2.67E-08,MB21D2
ENSG00000181016,ENSG00000181016.9,3.392994019,0.57560072,1.490297875,4.24E-11,2.51E-09,2.67E-08,LSMEM1
ENSG00000184867,ENSG00000184867.13,1.912134958,-0.548429362,0.683764126,6.15E-11,3.50E-09,2.67E-08,ARMCX2
ENSG00000185344,ENSG00000185344.13,5.984168975,-0.183400881,0.880624641,6.85E-11,3.84E-09,2.67E-08,ATP6V0A2
ENSG00000196159,ENSG00000196159.11,2.286714287,-0.862520378,0.549990888,5.27E-11,3.05E-09,2.67E-08,FAT4
ENSG00000198838,ENSG00000198838.13,0.538905242,-0.982114906,0.506237082,4.39E-11,2.59E-09,2.67E-08,RYR3
ENSG00000198912,ENSG00000198912.10,4.700570543,-0.212902679,0.862799545,5.48E-11,3.16E-09,2.67E-08,C1orf174
ENSG00000203867,ENSG00000203867.7,-1.02749613,-0.743249338,0.597392347,6.97E-11,3.90E-09,2.67E-08,RBM20
ENSG00000204257,ENSG00000204257.14,5.574359908,-0.358738203,0.779846344,4.14E-11,2.46E-09,2.67E-08,HLA-DMA
ENSG00000204560,ENSG00000204560.9,6.153134506,-0.299926155,0.812293973,3.80E-11,2.27E-09,2.67E-08,DHX16
ENSG00000204852,ENSG00000204852.15,3.855614143,-0.445927007,0.734112459,4.41E-11,2.60E-09,2.67E-08,TCTN1
ENSG00000222898,ENSG00000222898.1,0.571446358,0.678265912,1.600215175,5.88E-11,3.36E-09,2.67E-08,RN7SKP97
ENSG00000242258,ENSG00000242258.1,0.725951166,-0.670607593,0.628242047,7.04E-11,3.93E-09,2.67E-08,LINC00996
ENSG00000242616,ENSG00000242616.3,-0.167495993,0.699085327,1.623475179,4.50E-11,2.65E-09,2.67E-08,GNG10
ENSG00000246363,ENSG00000246363.2,0.918529159,-1.105675417,0.464684872,4.07E-11,2.42E-09,2.67E-08,LINC02458
ENSG00000250616,ENSG00000250616.2,4.255923642,-0.666583895,0.629996669,5.95E-11,3.40E-09,2.67E-08,YPEL3-DT
ENSG00000250687,ENSG00000250687.6,-0.156996258,0.79849707,1.739288276,7.29E-11,4.05E-09,2.67E-08,NAIPP1
ENSG00000251473,ENSG00000251473.2,-1.613496532,0.632857261,1.550632986,3.40E-11,2.05E-09,2.67E-08,
ENSG00000262370,ENSG00000262370.5,4.4365102,-0.554636168,0.680828734,7.87E-11,4.32E-09,2.67E-08,
ENSG00000265888,ENSG00000265888.1,-1.484106127,0.627933164,1.545349506,8.03E-11,4.39E-09,2.67E-08,DSCAS
ENSG00000265972,ENSG00000265972.5,11.70012051,-0.30744782,0.808070001,5.93E-11,3.39E-09,2.67E-08,TXNIP
ENSG00000268734,ENSG00000268734.1,2.334485625,0.638605478,1.556823592,6.20E-11,3.52E-09,2.67E-08,
ENSG00000270133,ENSG00000270133.1,1.445359478,0.477386394,1.392219217,8.04E-11,4.39E-09,2.67E-08,
ENSG00000272602,ENSG00000272602.5,3.20601995,-0.652479005,0.636186205,6.27E-11,3.56E-09,2.67E-08,ZNF595
ENSG00000112299,ENSG00000112299.7,5.189555967,0.779783252,1.716872913,9.07E-11,4.90E-09,4.95E-08,VNN1
ENSG00000126861,ENSG00000126861.4,1.24624039,0.63470388,1.552619034,8.36E-11,4.55E-09,4.95E-08,OMG
ENSG00000130826,ENSG00000130826.17,4.863810145,-0.243571074,0.844651973,8.18E-11,4.46E-09,4.95E-08,DKC1
ENSG00000132906,ENSG00000132906.17,4.207864133,-0.368690656,0.774485076,9.90E-11,5.30E-09,4.95E-08,CASP9
ENSG00000166446,ENSG00000166446.14,4.061935442,0.305365779,1.235731903,9.15E-11,4.94E-09,4.95E-08,CDYL2
ENSG00000167536,ENSG00000167536.13,5.207631016,0.51189123,1.425918209,9.36E-11,5.04E-09,4.95E-08,DHRS13
ENSG00000167664,ENSG00000167664.8,2.451366924,-0.776230016,0.583890597,9.87E-11,5.28E-09,4.95E-08,TMIGD2
ENSG00000181894,ENSG00000181894.14,4.005295149,-0.331469335,0.79472667,8.81E-11,4.77E-09,4.95E-08,ZNF329
ENSG00000196419,ENSG00000196419.12,7.27677195,-0.341563072,0.789185814,9.41E-11,5.06E-09,4.95E-08,XRCC6
ENSG00000229677,ENSG00000229677.1,2.682079407,0.438635391,1.355321756,9.75E-11,5.22E-09,4.95E-08,RPL17P28
ENSG00000275371,ENSG00000275371.1,0.943381102,-0.751012588,0.594186368,9.53E-11,5.12E-09,4.95E-08,
ENSG00000135108,ENSG00000135108.14,5.508278995,-0.244185126,0.844292541,1.12E-10,5.93E-09,8.74E-08,FBXO21
ENSG00000156136,ENSG00000156136.9,5.795565613,0.327583625,1.25490976,1.12E-10,5.92E-09,8.74E-08,DCK
ENSG00000156471,ENSG00000156471.12,6.683183861,-0.198445165,0.871489287,1.02E-10,5.47E-09,8.74E-08,PTDSS1
ENSG00000204599,ENSG00000204599.14,4.424361331,-0.208472081,0.865453324,9.94E-11,5.31E-09,8.74E-08,TRIM39
ENSG00000255833,ENSG00000255833.1,0.809639377,-0.661116928,0.632388515,1.12E-10,5.94E-09,8.74E-08,TIFAB
ENSG00000034713,ENSG00000034713.7,6.546060974,0.562459662,1.476784854,1.27E-10,6.68E-09,8.88E-08,GABARAPL2
ENSG00000055332,ENSG00000055332.16,6.729349024,0.605158213,1.52114556,1.37E-10,7.18E-09,8.88E-08,EIF2AK2
ENSG00000069974,ENSG00000069974.15,6.825431781,0.281118291,1.215136421,1.29E-10,6.76E-09,8.88E-08,RAB27A
ENSG00000106638,ENSG00000106638.15,4.438516375,-0.226844431,0.854501878,1.19E-10,6.31E-09,8.88E-08,TBL2
ENSG00000108651,ENSG00000108651.9,5.8985919,-0.185303467,0.879464064,1.24E-10,6.53E-09,8.88E-08,UTP6
ENSG00000115241,ENSG00000115241.10,5.508535003,-0.317986882,0.80218846,1.33E-10,6.95E-09,8.88E-08,PPM1G
ENSG00000124785,ENSG00000124785.8,-0.171779311,0.963939516,1.950629142,1.26E-10,6.65E-09,8.88E-08,NRN1
ENSG00000153814,ENSG00000153814.11,6.242523892,0.635262738,1.553220591,1.13E-10,6.01E-09,8.88E-08,JAZF1
ENSG00000177374,ENSG00000177374.12,1.793786946,-0.641850108,0.640890545,1.35E-10,7.07E-09,8.88E-08,HIC1
ENSG00000012983,ENSG00000012983.11,5.93634895,0.309512818,1.239289135,2.04E-10,1.03E-08,9.19E-08,MAP4K5
ENSG00000062524,ENSG00000062524.15,2.35373303,-0.858913351,0.551367696,1.86E-10,9.44E-09,9.19E-08,LTK
ENSG00000124588,ENSG00000124588.19,5.881095779,0.556666684,1.470866882,1.71E-10,8.75E-09,9.19E-08,NQO2
ENSG00000132792,ENSG00000132792.18,5.204102784,-0.230178313,0.852529515,1.87E-10,9.52E-09,9.19E-08,CTNNBL1
ENSG00000135045,ENSG00000135045.6,3.072941741,0.499435423,1.413660239,2.01E-10,1.01E-08,9.19E-08,C9orf40
ENSG00000137831,ENSG00000137831.14,1.913942009,0.587176268,1.502303467,1.87E-10,9.51E-09,9.19E-08,UACA
ENSG00000138496,ENSG00000138496.16,7.558052982,0.525265308,1.43919822,2.01E-10,1.01E-08,9.19E-08,PARP9
ENSG00000144354,ENSG00000144354.13,1.533018794,0.538378164,1.452338922,1.90E-10,9.63E-09,9.19E-08,CDCA7
ENSG00000147894,ENSG00000147894.14,7.77290201,0.45081186,1.366809197,1.88E-10,9.55E-09,9.19E-08,C9orf72
ENSG00000149534,ENSG00000149534.8,1.592975625,-1.38484675,0.382930174,1.55E-10,8.01E-09,9.19E-08,MS4A2
ENSG00000150048,ENSG00000150048.10,1.774203923,0.581872254,1.496790445,1.71E-10,8.75E-09,9.19E-08,CLEC1A
ENSG00000151923,ENSG00000151923.17,5.693730207,0.288720057,1.221556046,1.74E-10,8.90E-09,9.19E-08,TIAL1
ENSG00000158006,ENSG00000158006.13,5.034982741,-0.280922998,0.823064274,1.39E-10,7.26E-09,9.19E-08,PAFAH2
ENSG00000163950,ENSG00000163950.12,5.444563079,-0.23526232,0.849530518,1.96E-10,9.91E-09,9.19E-08,SLBP
ENSG00000164398,ENSG00000164398.12,3.735137997,0.45573752,1.371483742,1.84E-10,9.37E-09,9.19E-08,ACSL6
ENSG00000183691,ENSG00000183691.4,1.587136539,-1.106093845,0.464550118,1.74E-10,8.91E-09,9.19E-08,NOG
ENSG00000186431,ENSG00000186431.18,5.209892998,0.62491258,1.542117378,1.86E-10,9.44E-09,9.19E-08,FCAR
ENSG00000188021,ENSG00000188021.8,5.386623914,0.222642335,1.166868782,1.79E-10,9.15E-09,9.19E-08,UBQLN2
ENSG00000226057,ENSG00000226057.6,-0.518109324,0.7646409,1.698947062,1.46E-10,7.60E-09,9.19E-08,PHF2P2
ENSG00000253230,ENSG00000253230.8,-1.980909199,0.657635036,1.577494566,1.69E-10,8.68E-09,9.19E-08,MIR124-1HG
ENSG00000254288,ENSG00000254288.1,0.248629811,0.742171914,1.672692109,1.94E-10,9.84E-09,9.19E-08,
ENSG00000274929,ENSG00000274929.1,2.471582501,0.400482959,1.319949705,1.96E-10,9.93E-09,9.19E-08,
ENSG00000171658,ENSG00000171658.8,-0.948321506,0.721674501,1.649094988,2.04E-10,1.03E-08,1.01E-07,NMRAL2P
ENSG00000057657,ENSG00000057657.15,5.577901762,0.323252223,1.251147796,2.70E-10,1.32E-08,1.33E-07,PRDM1
ENSG00000059804,ENSG00000059804.15,8.378089249,0.489802471,1.404252597,2.80E-10,1.37E-08,1.33E-07,SLC2A3
ENSG00000069248,ENSG00000069248.11,6.059485498,-0.164777725,0.892065949,4.07E-10,1.90E-08,1.33E-07,NUP133
ENSG00000080819,ENSG00000080819.6,4.589599293,0.212914108,1.159026946,4.15E-10,1.94E-08,1.33E-07,CPOX
ENSG00000085491,ENSG00000085491.15,5.783420249,0.27824784,1.212721134,2.78E-10,1.36E-08,1.33E-07,SLC25A24
ENSG00000090376,ENSG00000090376.10,8.1184307,0.469239157,1.384379187,3.74E-10,1.77E-08,1.33E-07,IRAK3
ENSG00000100207,ENSG00000100207.18,7.128707151,-0.268088263,0.830419218,2.96E-10,1.44E-08,1.33E-07,TCF20
ENSG00000102524,ENSG00000102524.11,6.612009311,0.519801539,1.433758003,4.44E-10,2.05E-08,1.33E-07,TNFSF13B
ENSG00000106484,ENSG00000106484.14,2.180230805,-0.506406011,0.703973969,4.17E-10,1.94E-08,1.33E-07,MEST
ENSG00000109684,ENSG00000109684.14,0.671103792,-0.820703207,0.566165911,3.87E-10,1.82E-08,1.33E-07,CLNK
ENSG00000110107,ENSG00000110107.8,5.350325915,-0.325110274,0.79823737,3.73E-10,1.77E-08,1.33E-07,PRPF19
ENSG00000111237,ENSG00000111237.18,5.830225974,0.284589059,1.218063258,2.07E-10,1.04E-08,1.33E-07,VPS29
ENSG00000112118,ENSG00000112118.18,5.412411956,-0.304771064,0.809570674,4.35E-10,2.01E-08,1.33E-07,MCM3
ENSG00000113520,ENSG00000113520.10,-1.167852343,-0.806235784,0.571872016,3.66E-10,1.73E-08,1.33E-07,IL4
ENSG00000116678,ENSG00000116678.19,3.989485266,0.57468884,1.489356205,3.70E-10,1.75E-08,1.33E-07,LEPR
ENSG00000116717,ENSG00000116717.11,2.82328053,0.501141383,1.415332855,2.17E-10,1.08E-08,1.33E-07,GADD45A
ENSG00000117748,ENSG00000117748.9,5.808656768,-0.236763745,0.848646864,4.37E-10,2.02E-08,1.33E-07,RPA2
ENSG00000119686,ENSG00000119686.9,4.029052334,0.421867658,1.339660706,3.27E-10,1.57E-08,1.33E-07,FLVCR2
ENSG00000123610,ENSG00000123610.4,4.329903064,0.859295226,1.814151859,4.50E-10,2.07E-08,1.33E-07,TNFAIP6
ENSG00000130433,ENSG00000130433.7,0.715693741,-0.971354953,0.51002683,3.84E-10,1.81E-08,1.33E-07,CACNG6
ENSG00000131981,ENSG00000131981.15,6.294004345,0.687894712,1.610931012,4.49E-10,2.07E-08,1.33E-07,LGALS3
ENSG00000135049,ENSG00000135049.15,8.101208045,0.33249566,1.259189713,3.15E-10,1.52E-08,1.33E-07,AGTPBP1
ENSG00000135272,ENSG00000135272.10,6.311700958,0.303945625,1.234516077,3.47E-10,1.66E-08,1.33E-07,MDFIC
ENSG00000137936,ENSG00000137936.16,0.475321012,-0.588094836,0.665220791,3.84E-10,1.81E-08,1.33E-07,BCAR3
ENSG00000139636,ENSG00000139636.15,6.013222289,-0.250440507,0.840639699,3.04E-10,1.48E-08,1.33E-07,LMBR1L
ENSG00000145431,ENSG00000145431.10,2.725805052,0.449834245,1.365883318,3.84E-10,1.81E-08,1.33E-07,PDGFC
ENSG00000146007,ENSG00000146007.10,6.474012657,0.498306404,1.412554376,2.62E-10,1.29E-08,1.33E-07,ZMAT2
ENSG00000147394,ENSG00000147394.18,5.500880166,-0.585559247,0.666390968,2.27E-10,1.13E-08,1.33E-07,ZNF185
ENSG00000147408,ENSG00000147408.14,5.623574583,0.440507439,1.35708157,4.07E-10,1.90E-08,1.33E-07,CSGALNACT1
ENSG00000149792,ENSG00000149792.8,4.928695846,-0.242608517,0.845215707,4.11E-10,1.92E-08,1.33E-07,MRPL49
ENSG00000154734,ENSG00000154734.14,3.204914983,-0.728626197,0.603478301,3.86E-10,1.82E-08,1.33E-07,ADAMTS1
ENSG00000155367,ENSG00000155367.15,-0.443811736,-0.664655173,0.630839467,2.99E-10,1.45E-08,1.33E-07,PPM1J
ENSG00000155657,ENSG00000155657.26,8.377570327,-0.595840919,0.661658675,2.18E-10,1.09E-08,1.33E-07,TTN
ENSG00000163492,ENSG00000163492.14,4.914801508,-0.564976819,0.675966278,2.78E-10,1.36E-08,1.33E-07,CCDC141
ENSG00000167633,ENSG00000167633.18,0.666507851,-1.047156421,0.483921043,3.17E-10,1.53E-08,1.33E-07,KIR3DL1
ENSG00000170515,ENSG00000170515.13,4.716533515,0.38520936,1.306049304,4.09E-10,1.91E-08,1.33E-07,PA2G4
ENSG00000171291,ENSG00000171291.8,4.40150436,-0.414813532,0.750116441,4.41E-10,2.04E-08,1.33E-07,ZNF439
ENSG00000171766,ENSG00000171766.15,1.793099123,-0.662018635,0.631993386,4.04E-10,1.89E-08,1.33E-07,GATM
ENSG00000172493,ENSG00000172493.20,7.700076532,0.320566487,1.248820813,3.45E-10,1.65E-08,1.33E-07,AFF1
ENSG00000177565,ENSG00000177565.16,7.911290628,0.246746468,1.186528264,3.64E-10,1.73E-08,1.33E-07,TBL1XR1
ENSG00000179593,ENSG00000179593.15,-0.26858337,-0.831109059,0.562096969,2.30E-10,1.15E-08,1.33E-07,ALOX15B
ENSG00000185271,ENSG00000185271.7,-0.187973542,-0.733480139,0.601451312,2.76E-10,1.35E-08,1.33E-07,KLHL33
ENSG00000196792,ENSG00000196792.11,5.39872937,0.229864808,1.172725051,4.44E-10,2.05E-08,1.33E-07,STRN3
ENSG00000197860,ENSG00000197860.9,5.858140492,0.285883013,1.21915623,2.76E-10,1.35E-08,1.33E-07,SGTB
ENSG00000198814,ENSG00000198814.12,6.765059872,0.527776787,1.441705795,4.13E-10,1.93E-08,1.33E-07,GK
ENSG00000203721,ENSG00000203721.6,2.745946763,0.542460101,1.456453964,2.85E-10,1.39E-08,1.33E-07,LINC00862
ENSG00000213096,ENSG00000213096.10,4.311750145,0.480986807,1.395698001,2.85E-10,1.39E-08,1.33E-07,ZNF254
ENSG00000230817,ENSG00000230817.5,-1.173203893,0.726069338,1.654126235,2.46E-10,1.22E-08,1.33E-07,LINC01362
ENSG00000231233,ENSG00000231233.1,0.992109308,0.711293154,1.637271021,3.74E-10,1.77E-08,1.33E-07,CFAP58-DT
ENSG00000241258,ENSG00000241258.6,4.874372629,-0.195795709,0.873091216,2.44E-10,1.21E-08,1.33E-07,CRCP
ENSG00000243806,ENSG00000243806.1,1.353957586,0.682426525,1.604836723,2.51E-10,1.24E-08,1.33E-07,RPL7P18
ENSG00000251429,ENSG00000251429.1,0.650881358,0.756951504,1.689915962,4.09E-10,1.91E-08,1.33E-07,AIDAP2
ENSG00000251442,ENSG00000251442.5,2.436749319,0.577803157,1.492574721,3.30E-10,1.58E-08,1.33E-07,LINC01094
ENSG00000259956,ENSG00000259956.1,6.347535997,-0.196790073,0.872489653,3.04E-10,1.48E-08,1.33E-07,RBM15B
ENSG00000261253,ENSG00000261253.2,0.85647839,-0.806146504,0.571907407,3.76E-10,1.78E-08,1.33E-07,
ENSG00000262636,ENSG00000262636.1,0.283918213,0.741480426,1.671890575,4.19E-10,1.95E-08,1.33E-07,
ENSG00000278829,ENSG00000278829.1,4.282093084,0.334430072,1.260879208,2.33E-10,1.16E-08,1.33E-07,
ENSG00000047597,ENSG00000047597.5,6.181099548,0.925591464,1.899462808,4.90E-10,2.23E-08,1.77E-07,XK
ENSG00000099337,ENSG00000099337.4,4.52732951,-0.281075833,0.822977086,5.08E-10,2.30E-08,1.77E-07,KCNK6
ENSG00000111249,ENSG00000111249.13,-0.168399453,-0.711321862,0.610760277,4.95E-10,2.25E-08,1.77E-07,CUX2
ENSG00000112511,ENSG00000112511.17,5.138978585,-0.303927665,0.810044087,4.82E-10,2.20E-08,1.77E-07,PHF1
ENSG00000114993,ENSG00000114993.16,-0.164802115,-0.68418947,0.622355378,5.29E-10,2.39E-08,1.77E-07,RTKN
ENSG00000139517,ENSG00000139517.7,4.499895884,0.304591802,1.235069135,5.38E-10,2.42E-08,1.77E-07,LNX2
ENSG00000142444,ENSG00000142444.6,4.189057306,-0.239660477,0.846944608,5.51E-10,2.47E-08,1.77E-07,TIMM29
ENSG00000143797,ENSG00000143797.11,6.997098395,0.485013788,1.399599241,4.97E-10,2.26E-08,1.77E-07,MBOAT2
ENSG00000147202,ENSG00000147202.17,6.023159501,0.231367903,1.17394751,4.78E-10,2.19E-08,1.77E-07,DIAPH2
ENSG00000152332,ENSG00000152332.15,8.348704889,0.217018679,1.162329156,5.39E-10,2.43E-08,1.77E-07,UHMK1
ENSG00000163444,ENSG00000163444.11,5.831848437,0.256032218,1.194189855,5.48E-10,2.46E-08,1.77E-07,TMEM183A
ENSG00000168405,ENSG00000168405.15,5.154326628,0.250312827,1.189465005,4.51E-10,2.08E-08,1.77E-07,CMAHP
ENSG00000182518,ENSG00000182518.13,2.078259544,0.486401131,1.40094579,5.15E-10,2.33E-08,1.77E-07,FAM104B
ENSG00000196455,ENSG00000196455.7,6.299647901,-0.135627882,0.910273583,4.93E-10,2.25E-08,1.77E-07,PIK3R4
ENSG00000233038,ENSG00000233038.5,3.934697202,-0.645549812,0.639249126,5.37E-10,2.42E-08,1.77E-07,PTPRN2-AS1
ENSG00000254420,ENSG00000254420.1,-1.661251686,0.527682805,1.44161188,4.93E-10,2.24E-08,1.77E-07,
ENSG00000262879,ENSG00000262879.5,3.437616253,-0.326132392,0.797672037,5.19E-10,2.35E-08,1.77E-07,
ENSG00000278434,ENSG00000278434.1,1.450015022,-0.526123282,0.694418225,5.12E-10,2.32E-08,1.77E-07,
ENSG00000101161,ENSG00000101161.7,6.299007813,-0.360279591,0.779013594,5.54E-10,2.48E-08,2.01E-07,PRPF6
ENSG00000143149,ENSG00000143149.12,5.816930181,-0.251603449,0.83996234,5.65E-10,2.53E-08,2.01E-07,ALDH9A1
ENSG00000085063,ENSG00000085063.14,5.73507978,0.36574196,1.288544142,6.12E-10,2.71E-08,2.51E-07,CD59
ENSG00000133884,ENSG00000133884.9,5.13338987,-0.329835571,0.795627159,5.84E-10,2.60E-08,2.51E-07,DPF2
ENSG00000164096,ENSG00000164096.12,6.363529088,0.271271267,1.206870824,5.78E-10,2.58E-08,2.51E-07,C4orf3
ENSG00000167264,ENSG00000167264.17,4.725681568,-0.291483239,0.817061603,6.04E-10,2.68E-08,2.51E-07,DUS2
ENSG00000198732,ENSG00000198732.10,-1.190623994,-0.627286211,0.647393053,5.94E-10,2.64E-08,2.51E-07,SMOC1
ENSG00000023902,ENSG00000023902.13,7.263609706,-0.301723628,0.811282555,6.59E-10,2.90E-08,2.68E-07,PLEKHO1
ENSG00000089737,ENSG00000089737.16,6.917445079,-0.243449354,0.844723239,6.81E-10,2.99E-08,2.68E-07,DDX24
ENSG00000103275,ENSG00000103275.19,6.287449313,-0.230379225,0.852410799,6.15E-10,2.73E-08,2.68E-07,UBE2I
ENSG00000118705,ENSG00000118705.16,6.804433463,-0.246550486,0.842909422,6.45E-10,2.85E-08,2.68E-07,RPN2
ENSG00000124490,ENSG00000124490.13,-1.156023264,0.792965741,1.732632568,6.78E-10,2.97E-08,2.68E-07,CRISP2
ENSG00000137996,ENSG00000137996.12,5.210492467,0.157363559,1.115247225,6.75E-10,2.96E-08,2.68E-07,RTCA
ENSG00000182986,ENSG00000182986.12,3.272423901,-0.354056609,0.782381082,6.74E-10,2.96E-08,2.68E-07,ZNF320
ENSG00000277586,ENSG00000277586.2,1.452120754,0.862927291,1.818724841,6.73E-10,2.95E-08,2.68E-07,NEFL
ENSG00000085662,ENSG00000085662.13,4.740365794,-0.301072087,0.811649024,6.84E-10,3.00E-08,4.69E-07,AKR1B1
ENSG00000028839,ENSG00000028839.9,5.112836835,0.281316189,1.215303115,1.28E-09,5.32E-08,4.99E-07,TBPL1
ENSG00000049089,ENSG00000049089.13,2.695393572,-0.714571757,0.609385992,8.28E-10,3.58E-08,4.99E-07,COL9A2
ENSG00000068024,ENSG00000068024.16,7.03908518,0.381746111,1.302917838,1.28E-09,5.33E-08,4.99E-07,HDAC4
ENSG00000087589,ENSG00000087589.16,6.057296991,-0.440132378,0.737066974,7.46E-10,3.25E-08,4.99E-07,CASS4
ENSG00000093167,ENSG00000093167.17,6.4790973,0.224208041,1.168135831,1.11E-09,4.67E-08,4.99E-07,LRRFIP2
ENSG00000107290,ENSG00000107290.13,9.644563763,-0.209387647,0.864904262,1.21E-09,5.08E-08,4.99E-07,SETX
ENSG00000115904,ENSG00000115904.12,6.70435467,0.228562649,1.17166704,9.56E-10,4.09E-08,4.99E-07,SOS1
ENSG00000122733,ENSG00000122733.12,0.031337369,-0.885383777,0.541343499,1.23E-09,5.14E-08,4.99E-07,PHF24
ENSG00000130764,ENSG00000130764.9,5.05443918,-0.264576733,0.832442926,1.08E-09,4.59E-08,4.99E-07,LRRC47
ENSG00000133063,ENSG00000133063.15,2.619621205,0.580494351,1.495361559,1.20E-09,5.02E-08,4.99E-07,CHIT1
ENSG00000136689,ENSG00000136689.18,4.923353077,0.542108849,1.456099405,1.00E-09,4.26E-08,4.99E-07,IL1RN
ENSG00000138756,ENSG00000138756.17,7.509564724,0.296596195,1.228243151,1.07E-09,4.55E-08,4.99E-07,BMP2K
ENSG00000144724,ENSG00000144724.19,0.078448246,-0.83548542,0.560394453,9.41E-10,4.03E-08,4.99E-07,PTPRG
ENSG00000148154,ENSG00000148154.9,5.714974655,0.327776226,1.255077303,8.50E-10,3.67E-08,4.99E-07,UGCG
ENSG00000150403,ENSG00000150403.17,6.097396436,0.286490721,1.219669884,1.17E-09,4.90E-08,4.99E-07,TMCO3
ENSG00000156381,ENSG00000156381.8,3.979852578,0.921376849,1.893921913,9.94E-10,4.24E-08,4.99E-07,ANKRD9
ENSG00000158715,ENSG00000158715.5,2.343329012,-0.978510587,0.507503407,1.22E-09,5.12E-08,4.99E-07,SLC45A3
ENSG00000168710,ENSG00000168710.17,6.33333506,-0.152263584,0.899837512,8.55E-10,3.69E-08,4.99E-07,AHCYL1
ENSG00000174243,ENSG00000174243.9,6.874550471,-0.275469458,0.826181432,8.82E-10,3.80E-08,4.99E-07,DDX23
ENSG00000176407,ENSG00000176407.17,6.394977014,0.167064341,1.122771494,1.18E-09,4.96E-08,4.99E-07,KCMF1
ENSG00000178752,ENSG00000178752.15,-1.104184901,0.958843498,1.943751108,8.99E-10,3.86E-08,4.99E-07,ERFE
ENSG00000179409,ENSG00000179409.10,4.44664666,-0.347450914,0.785971599,1.17E-09,4.93E-08,4.99E-07,GEMIN4
ENSG00000179639,ENSG00000179639.10,4.289595485,-0.858300575,0.551601936,6.99E-10,3.06E-08,4.99E-07,FCER1A
ENSG00000182983,ENSG00000182983.14,1.145028299,-0.702797923,0.61437954,1.17E-09,4.91E-08,4.99E-07,ZNF662
ENSG00000196470,ENSG00000196470.11,5.044509903,-0.229703084,0.852810388,1.08E-09,4.59E-08,4.99E-07,SIAH1
ENSG00000196781,ENSG00000196781.14,3.347431227,-0.487498363,0.713260822,9.83E-10,4.20E-08,4.99E-07,TLE1
ENSG00000197301,ENSG00000197301.7,0.664202509,0.583863669,1.498857957,1.09E-09,4.59E-08,4.99E-07,HMGA2-AS1
ENSG00000198695,ENSG00000198695.2,0.218282708,-0.871425193,0.546606608,1.10E-09,4.66E-08,4.99E-07,MT-ND6
ENSG00000198829,ENSG00000198829.6,1.138853795,0.69858599,1.622913368,1.06E-09,4.51E-08,4.99E-07,SUCNR1
ENSG00000204252,ENSG00000204252.13,5.339516631,-0.579623928,0.669138181,1.03E-09,4.37E-08,4.99E-07,HLA-DOA
ENSG00000225889,ENSG00000225889.7,4.997042065,-0.559230195,0.678664194,1.05E-09,4.44E-08,4.99E-07,
ENSG00000229961,ENSG00000229961.2,1.172494349,-0.732954935,0.601670307,1.28E-09,5.34E-08,4.99E-07,
ENSG00000232112,ENSG00000232112.3,4.141324365,0.616822303,1.533493767,1.19E-09,4.99E-08,4.99E-07,TMA7
ENSG00000250510,ENSG00000250510.7,2.34138388,-0.749329621,0.594879917,7.65E-10,3.33E-08,4.99E-07,GPR162
ENSG00000261596,ENSG00000261596.2,3.382358875,0.388176047,1.308737763,1.06E-09,4.49E-08,4.99E-07,
ENSG00000272625,ENSG00000272625.1,1.951126651,0.471497102,1.386547559,1.05E-09,4.45E-08,4.99E-07,
ENSG00000283602,ENSG00000283602.1,2.742494057,0.576809809,1.491547383,1.13E-09,4.76E-08,4.99E-07,
ENSG00000090975,ENSG00000090975.12,3.54616855,-0.56798821,0.67455678,1.41E-09,5.81E-08,6.43E-07,PITPNM2
ENSG00000101079,ENSG00000101079.20,5.111505006,-0.23954254,0.847013847,1.62E-09,6.59E-08,6.43E-07,NDRG3
ENSG00000101425,ENSG00000101425.12,1.80455847,0.900229033,1.866362252,1.73E-09,6.98E-08,6.43E-07,BPI
ENSG00000105085,ENSG00000105085.10,3.174024436,-0.284264996,0.821159856,1.59E-09,6.50E-08,6.43E-07,MED26
ENSG00000105939,ENSG00000105939.12,8.411235234,0.24337852,1.183761565,1.51E-09,6.20E-08,6.43E-07,ZC3HAV1
ENSG00000106771,ENSG00000106771.12,6.512793216,0.230516084,1.173254574,1.57E-09,6.41E-08,6.43E-07,TMEM245
ENSG00000108312,ENSG00000108312.14,6.188209648,-0.264348857,0.832574422,1.49E-09,6.13E-08,6.43E-07,UBTF
ENSG00000109670,ENSG00000109670.13,7.05095783,0.179481556,1.132476848,1.69E-09,6.87E-08,6.43E-07,FBXW7
ENSG00000114923,ENSG00000114923.16,-0.108622067,-0.694510696,0.617918856,1.47E-09,6.05E-08,6.43E-07,SLC4A3
ENSG00000115170,ENSG00000115170.13,4.161207705,0.254501563,1.192923528,1.56E-09,6.38E-08,6.43E-07,ACVR1
ENSG00000129696,ENSG00000129696.12,4.186976629,-0.191250244,0.875846381,1.62E-09,6.61E-08,6.43E-07,TTI2
ENSG00000132170,ENSG00000132170.19,-0.410754473,0.667148015,1.587930769,1.74E-09,7.04E-08,6.43E-07,PPARG
ENSG00000132963,ENSG00000132963.7,4.453308856,0.270149788,1.205933028,1.43E-09,5.91E-08,6.43E-07,POMP
ENSG00000148634,ENSG00000148634.15,7.478880046,0.201454336,1.149856906,1.72E-09,6.96E-08,6.43E-07,HERC4
ENSG00000155090,ENSG00000155090.14,3.414234112,0.397429628,1.317159108,1.29E-09,5.38E-08,6.43E-07,KLF10
ENSG00000172296,ENSG00000172296.12,0.469226957,-0.690452151,0.619659614,1.43E-09,5.88E-08,6.43E-07,SPTLC3
ENSG00000175779,ENSG00000175779.1,0.715670639,0.637014989,1.555108229,1.41E-09,5.82E-08,6.43E-07,LINC02694
ENSG00000196090,ENSG00000196090.12,-1.62169323,-0.600505349,0.659522897,1.66E-09,6.75E-08,6.43E-07,PTPRT
ENSG00000205269,ENSG00000205269.5,6.703561047,0.430987145,1.348155719,1.44E-09,5.94E-08,6.43E-07,TMEM170B
ENSG00000223519,ENSG00000223519.7,0.479970249,-0.783839518,0.580818971,1.39E-09,5.73E-08,6.43E-07,KIF28P
ENSG00000248863,ENSG00000248863.2,2.088543279,0.380836588,1.302096694,1.66E-09,6.74E-08,6.43E-07,
ENSG00000253981,ENSG00000253981.5,4.449664606,-0.622624089,0.649488511,1.52E-09,6.24E-08,6.43E-07,ALG1L13P
ENSG00000110048,ENSG00000110048.11,5.997511077,-0.168048145,0.890046031,2.05E-09,8.17E-08,8.36E-07,OSBP
ENSG00000115271,ENSG00000115271.10,8.672868654,0.533780649,1.447718041,2.22E-09,8.77E-08,8.36E-07,GCA
ENSG00000115944,ENSG00000115944.14,5.793827218,0.210728212,1.157272179,2.05E-09,8.15E-08,8.36E-07,COX7A2L
ENSG00000123349,ENSG00000123349.13,6.558860889,0.555667856,1.469848902,1.75E-09,7.06E-08,8.36E-07,PFDN5
ENSG00000153113,ENSG00000153113.23,8.033196384,0.187482242,1.138774617,1.78E-09,7.17E-08,8.36E-07,CAST
ENSG00000163827,ENSG00000163827.12,0.086168227,0.837977022,1.787541854,1.91E-09,7.65E-08,8.36E-07,LRRC2
ENSG00000168291,ENSG00000168291.12,5.549460725,-0.170800998,0.888349324,1.97E-09,7.86E-08,8.36E-07,PDHB
ENSG00000169567,ENSG00000169567.11,5.294444824,0.477272863,1.392109663,1.87E-09,7.51E-08,8.36E-07,HINT1
ENSG00000174946,ENSG00000174946.6,4.153745859,0.462194956,1.377636198,2.25E-09,8.87E-08,8.36E-07,GPR171
ENSG00000184205,ENSG00000184205.14,3.758092913,-0.372123193,0.77264457,2.06E-09,8.21E-08,8.36E-07,TSPYL2
ENSG00000186047,ENSG00000186047.9,0.794693473,-0.578801893,0.669519559,2.12E-09,8.41E-08,8.36E-07,DLEU7
ENSG00000198258,ENSG00000198258.10,5.343958303,0.320917289,1.24912451,2.07E-09,8.25E-08,8.36E-07,UBL5
ENSG00000203710,ENSG00000203710.10,7.883307709,0.541664917,1.455651417,2.24E-09,8.83E-08,8.36E-07,CR1
ENSG00000213281,ENSG00000213281.4,5.918081374,0.208569323,1.1555417,2.26E-09,8.90E-08,8.36E-07,NRAS
ENSG00000214753,ENSG00000214753.2,4.925472534,-0.196980211,0.872374672,2.31E-09,9.10E-08,8.36E-07,HNRNPUL2
ENSG00000223629,ENSG00000223629.1,-1.747055624,0.465517424,1.380812494,2.23E-09,8.82E-08,8.36E-07,DEFA8P
ENSG00000223638,ENSG00000223638.3,-1.798408115,-0.489791543,0.712127987,1.94E-09,7.75E-08,8.36E-07,RFPL4A
ENSG00000234076,ENSG00000234076.1,0.191880553,0.662335019,1.582642076,1.89E-09,7.58E-08,8.36E-07,TPRG1-AS1
ENSG00000242259,ENSG00000242259.8,5.003078136,-0.13699942,0.909408617,1.91E-09,7.65E-08,8.36E-07,C22orf39
ENSG00000254006,ENSG00000254006.5,-1.181080153,0.755037156,1.687675057,2.30E-09,9.07E-08,8.36E-07,
ENSG00000265354,ENSG00000265354.3,4.355911132,0.255235661,1.193530688,2.32E-09,9.13E-08,8.36E-07,TIMM23
ENSG00000279447,ENSG00000279447.1,3.082260341,-0.724508875,0.605203034,2.07E-09,8.23E-08,8.36E-07,
ENSG00000109790,ENSG00000109790.16,5.538741025,0.27008159,1.205876023,2.40E-09,9.41E-08,9.87E-07,KLHL5
ENSG00000119771,ENSG00000119771.14,0.33818939,-0.685318058,0.621868714,2.68E-09,1.04E-07,9.87E-07,KLHL29
ENSG00000126822,ENSG00000126822.16,8.218991705,-0.48972248,0.712162078,2.55E-09,9.93E-08,9.87E-07,PLEKHG3
ENSG00000139687,ENSG00000139687.13,6.268031625,0.231945622,1.174417704,2.43E-09,9.50E-08,9.87E-07,RB1
ENSG00000141469,ENSG00000141469.16,5.970167525,0.746556587,1.677783527,2.48E-09,9.69E-08,9.87E-07,SLC14A1
ENSG00000141570,ENSG00000141570.10,2.125107883,-0.431077161,0.741707797,2.34E-09,9.19E-08,9.87E-07,CBX8
ENSG00000143878,ENSG00000143878.9,6.702348122,-0.467922232,0.72300512,2.49E-09,9.72E-08,9.87E-07,RHOB
ENSG00000153936,ENSG00000153936.16,4.745511134,0.2561953,1.194324853,2.64E-09,1.02E-07,9.87E-07,HS2ST1
ENSG00000163687,ENSG00000163687.13,0.071794078,-0.666705194,0.629943702,2.62E-09,1.02E-07,9.87E-07,DNASE1L3
ENSG00000166704,ENSG00000166704.11,4.283337069,-0.243939661,0.844436204,2.67E-09,1.03E-07,9.87E-07,ZNF606
ENSG00000204455,ENSG00000204455.7,-1.114275172,-0.778479824,0.58298076,2.71E-09,1.05E-07,9.87E-07,TRIM51BP
ENSG00000249993,ENSG00000249993.1,-0.479688155,-0.621449084,0.650017703,2.68E-09,1.04E-07,9.87E-07,BFSP2-AS1
ENSG00000004455,ENSG00000004455.16,6.624745709,-0.119270123,0.920653303,3.90E-09,1.45E-07,1.18E-06,AK2
ENSG00000073737,ENSG00000073737.16,5.166930892,-0.640093871,0.641671196,4.00E-09,1.48E-07,1.18E-06,DHRS9
ENSG00000099910,ENSG00000099910.16,5.226701162,-0.266701192,0.831218004,3.16E-09,1.20E-07,1.18E-06,KLHL22
ENSG00000100554,ENSG00000100554.11,5.264278698,0.276202694,1.211003214,2.72E-09,1.05E-07,1.18E-06,ATP6V1D
ENSG00000102870,ENSG00000102870.5,2.7162007,-0.385334286,0.765601581,3.72E-09,1.39E-07,1.18E-06,ZNF629
ENSG00000106003,ENSG00000106003.12,7.359559659,-0.411953061,0.751605192,3.40E-09,1.29E-07,1.18E-06,LFNG
ENSG00000112406,ENSG00000112406.4,8.027825267,0.185170771,1.136951545,2.98E-09,1.14E-07,1.18E-06,HECA
ENSG00000113712,ENSG00000113712.17,6.696934352,0.143958682,1.10493284,3.80E-09,1.42E-07,1.18E-06,CSNK1A1
ENSG00000115526,ENSG00000115526.10,1.523798566,-0.468994852,0.722467777,3.12E-09,1.19E-07,1.18E-06,CHST10
ENSG00000117091,ENSG00000117091.9,8.035495811,0.265399978,1.201969242,3.59E-09,1.35E-07,1.18E-06,CD48
ENSG00000119487,ENSG00000119487.16,6.349421431,-0.14337099,0.905401129,3.84E-09,1.43E-07,1.18E-06,MAPKAP1
ENSG00000121671,ENSG00000121671.11,5.412730238,-0.27490168,0.826506643,2.97E-09,1.14E-07,1.18E-06,CRY2
ENSG00000123240,ENSG00000123240.16,7.161504879,0.543144529,1.457145083,3.96E-09,1.47E-07,1.18E-06,OPTN
ENSG00000127184,ENSG00000127184.12,5.119984499,0.527845283,1.441774245,3.35E-09,1.27E-07,1.18E-06,COX7C
ENSG00000129103,ENSG00000129103.17,5.824356718,-0.248491362,0.841776207,4.06E-09,1.51E-07,1.18E-06,SUMF2
ENSG00000130147,ENSG00000130147.15,1.180382586,-0.533259259,0.690991918,3.16E-09,1.21E-07,1.18E-06,SH3BP4
ENSG00000132002,ENSG00000132002.7,5.898711357,-0.248876851,0.841551315,3.82E-09,1.43E-07,1.18E-06,DNAJB1
ENSG00000138623,ENSG00000138623.9,3.640013089,-0.585339591,0.666492437,4.05E-09,1.50E-07,1.18E-06,SEMA7A
ENSG00000155959,ENSG00000155959.10,4.211597208,0.446987714,1.363190998,3.23E-09,1.23E-07,1.18E-06,VBP1
ENSG00000156411,ENSG00000156411.9,4.133811384,0.416470545,1.334658407,3.13E-09,1.20E-07,1.18E-06,ATP5MJ
ENSG00000156735,ENSG00000156735.10,4.612672121,0.260184257,1.197631653,3.70E-09,1.39E-07,1.18E-06,BAG4
ENSG00000159140,ENSG00000159140.19,9.475565208,-0.120125629,0.920107525,4.04E-09,1.50E-07,1.18E-06,SON
ENSG00000163710,ENSG00000163710.7,-1.235547082,0.737551784,1.667343998,3.69E-09,1.38E-07,1.18E-06,PCOLCE2
ENSG00000165476,ENSG00000165476.13,4.662472308,0.289236469,1.22199338,3.24E-09,1.23E-07,1.18E-06,REEP3
ENSG00000166974,ENSG00000166974.12,6.23512495,-0.17632459,0.884954638,3.47E-09,1.31E-07,1.18E-06,MAPRE2
ENSG00000182544,ENSG00000182544.8,4.557357144,-0.305545748,0.809136076,2.84E-09,1.09E-07,1.18E-06,MFSD5
ENSG00000184900,ENSG00000184900.15,3.935713936,0.263644538,1.200507601,3.48E-09,1.31E-07,1.18E-06,SUMO3
ENSG00000185897,ENSG00000185897.6,-1.273565759,0.652608964,1.572008441,3.23E-09,1.23E-07,1.18E-06,FFAR3
ENSG00000211445,ENSG00000211445.11,-0.051493359,-0.742326483,0.597774606,3.74E-09,1.40E-07,1.18E-06,GPX3
ENSG00000219626,ENSG00000219626.8,4.096197958,0.217174792,1.162454938,3.91E-09,1.46E-07,1.18E-06,FAM228B
ENSG00000225885,ENSG00000225885.6,-0.3941859,-0.66230208,0.631869231,3.20E-09,1.22E-07,1.18E-06,
ENSG00000237765,ENSG00000237765.6,4.976920864,0.394028688,1.314057757,3.08E-09,1.18E-07,1.18E-06,FAM200B
ENSG00000251348,ENSG00000251348.1,0.740542196,-0.59480048,0.66213602,3.66E-09,1.37E-07,1.18E-06,HSPD1P11
ENSG00000272341,ENSG00000272341.1,2.021872424,0.410909695,1.329523885,3.00E-09,1.15E-07,1.18E-06,
ENSG00000277301,ENSG00000277301.1,0.96918731,-0.776405883,0.583819424,3.96E-09,1.47E-07,1.18E-06,
ENSG00000280650,ENSG00000280650.1,-1.26433144,0.872635993,1.831005333,3.97E-09,1.48E-07,1.18E-06,KCNIP4-IT1
ENSG00000058335,ENSG00000058335.15,-1.239789321,-0.822241568,0.565562525,4.91E-09,1.78E-07,1.37E-06,RASGRF1
ENSG00000066279,ENSG00000066279.17,2.965552078,0.547116379,1.461162242,4.91E-09,1.78E-07,1.37E-06,ASPM
ENSG00000077984,ENSG00000077984.5,4.566935091,0.564616555,1.478994364,4.34E-09,1.60E-07,1.37E-06,CST7
ENSG00000089486,ENSG00000089486.16,3.14946324,-0.469352071,0.722288912,4.29E-09,1.58E-07,1.37E-06,CDIP1
ENSG00000113300,ENSG00000113300.11,6.031453506,0.198981597,1.147887771,4.92E-09,1.78E-07,1.37E-06,CNOT6
ENSG00000118816,ENSG00000118816.9,8.340686784,0.476168694,1.391044617,4.55E-09,1.66E-07,1.37E-06,CCNI
ENSG00000121552,ENSG00000121552.3,4.03897634,0.588857833,1.504055531,4.37E-09,1.61E-07,1.37E-06,CSTA
ENSG00000127311,ENSG00000127311.9,7.295170501,0.225042981,1.168812069,4.50E-09,1.65E-07,1.37E-06,HELB
ENSG00000131401,ENSG00000131401.11,5.355814539,-0.666670411,0.62995889,4.40E-09,1.62E-07,1.37E-06,NAPSB
ENSG00000144848,ENSG00000144848.10,6.19807554,0.319544893,1.247936817,4.67E-09,1.70E-07,1.37E-06,ATG3
ENSG00000158813,ENSG00000158813.17,1.907035462,0.716899428,1.64364579,4.64E-09,1.69E-07,1.37E-06,EDA
ENSG00000162433,ENSG00000162433.14,0.228234471,0.606843181,1.522923191,4.20E-09,1.55E-07,1.37E-06,AK4
ENSG00000165061,ENSG00000165061.14,-0.290617017,-0.968348609,0.511090752,4.78E-09,1.74E-07,1.37E-06,ZMAT4
ENSG00000168439,ENSG00000168439.16,5.66303502,-0.30013523,0.812176264,4.10E-09,1.52E-07,1.37E-06,STIP1
ENSG00000175130,ENSG00000175130.6,2.726595513,-0.400278542,0.757711977,4.18E-09,1.54E-07,1.37E-06,MARCKSL1
ENSG00000175582,ENSG00000175582.19,6.77321491,0.284817336,1.218256007,4.79E-09,1.74E-07,1.37E-06,RAB6A
ENSG00000188822,ENSG00000188822.7,4.066374064,-0.510904623,0.701782257,4.93E-09,1.78E-07,1.37E-06,CNR2
ENSG00000248334,ENSG00000248334.6,3.420828097,-0.414857181,0.750093746,4.65E-09,1.70E-07,1.37E-06,WHAMMP2
ENSG00000251682,ENSG00000251682.1,4.008998984,0.397120997,1.316877362,4.70E-09,1.71E-07,1.37E-06,
ENSG00000095787,ENSG00000095787.21,7.945907659,0.179496737,1.132488764,5.97E-09,2.11E-07,1.39E-06,WAC
ENSG00000102038,ENSG00000102038.15,-0.778284076,-0.717507053,0.608147401,5.01E-09,1.81E-07,1.39E-06,SMARCA1
ENSG00000107864,ENSG00000107864.14,3.749372058,0.263284356,1.20020792,5.11E-09,1.84E-07,1.39E-06,CPEB3
ENSG00000109436,ENSG00000109436.7,5.695576961,-0.32624826,0.797607975,5.88E-09,2.08E-07,1.39E-06,TBC1D9
ENSG00000116863,ENSG00000116863.10,4.881200196,-0.373959843,0.771661566,5.56E-09,1.98E-07,1.39E-06,ADPRS
ENSG00000118680,ENSG00000118680.12,7.576527119,0.269963678,1.20577747,6.04E-09,2.13E-07,1.39E-06,MYL12B
ENSG00000125498,ENSG00000125498.19,-0.393491214,-0.793943727,0.576765299,5.83E-09,2.06E-07,1.39E-06,KIR2DL1
ENSG00000137497,ENSG00000137497.17,8.009075182,-0.314047956,0.804381632,4.94E-09,1.79E-07,1.39E-06,NUMA1
ENSG00000145495,ENSG00000145495.15,7.97237596,0.19839964,1.147424828,5.98E-09,2.11E-07,1.39E-06,MARCHF6
ENSG00000148344,ENSG00000148344.10,-0.271544567,-0.834055911,0.56095,5.60E-09,1.99E-07,1.39E-06,PTGES
ENSG00000161526,ENSG00000161526.14,6.203202886,-0.193508345,0.874476582,5.97E-09,2.10E-07,1.39E-06,SAP30BP
ENSG00000162551,ENSG00000162551.13,5.695179823,0.858494416,1.813145141,5.40E-09,1.93E-07,1.39E-06,ALPL
ENSG00000163512,ENSG00000163512.13,5.033118409,0.382026769,1.303171329,5.45E-09,1.95E-07,1.39E-06,AZI2
ENSG00000165704,ENSG00000165704.14,1.912510904,0.392490374,1.312657353,5.81E-09,2.06E-07,1.39E-06,HPRT1
ENSG00000168389,ENSG00000168389.17,2.260207322,-0.479033697,0.717458009,5.89E-09,2.08E-07,1.39E-06,MFSD2A
ENSG00000171155,ENSG00000171155.7,4.031262208,0.356398987,1.28022642,5.69E-09,2.02E-07,1.39E-06,C1GALT1C1
ENSG00000172349,ENSG00000172349.17,9.315643012,-0.210869269,0.864016478,5.22E-09,1.88E-07,1.39E-06,IL16
ENSG00000174125,ENSG00000174125.7,8.736593288,0.427917498,1.345290275,5.79E-09,2.05E-07,1.39E-06,TLR1
ENSG00000188641,ENSG00000188641.12,8.697917315,0.251235996,1.190226378,5.40E-09,1.93E-07,1.39E-06,DPYD
ENSG00000196123,ENSG00000196123.12,1.780065341,0.428787591,1.346101867,5.47E-09,1.95E-07,1.39E-06,MATCAP1
ENSG00000197601,ENSG00000197601.12,7.302086669,0.346365299,1.271353563,5.47E-09,1.95E-07,1.39E-06,FAR1
ENSG00000236333,ENSG00000236333.3,-0.447617541,0.846465049,1.79808977,5.94E-09,2.09E-07,1.39E-06,TRHDE-AS1
ENSG00000254275,ENSG00000254275.6,0.61687786,0.862517794,1.818208685,5.50E-09,1.96E-07,1.39E-06,LINC00824
ENSG00000254946,ENSG00000254946.1,-1.847915656,0.348651997,1.273370279,5.65E-09,2.01E-07,1.39E-06,LINC02751
ENSG00000272825,ENSG00000272825.1,2.246632306,0.413886665,1.332270161,5.63E-09,2.00E-07,1.39E-06,
ENSG00000133872,ENSG00000133872.13,8.556811244,-0.218491376,0.859463707,6.13E-09,2.15E-07,1.82E-06,SARAF
ENSG00000150540,ENSG00000150540.13,4.031577722,0.468603889,1.383769732,6.05E-09,2.13E-07,1.82E-06,HNMT
ENSG00000054523,ENSG00000054523.17,6.62450639,0.401956104,1.321298203,8.47E-09,2.88E-07,2.54E-06,KIF1B
ENSG00000066135,ENSG00000066135.12,6.431008262,-0.191331153,0.875797264,8.24E-09,2.81E-07,2.54E-06,KDM4A
ENSG00000067064,ENSG00000067064.10,5.288004697,0.388506428,1.309037501,7.49E-09,2.58E-07,2.54E-06,IDI1
ENSG00000077238,ENSG00000077238.13,7.935394647,0.43196279,1.349067739,8.53E-09,2.90E-07,2.54E-06,IL4R
ENSG00000078053,ENSG00000078053.16,-0.98429267,0.644514522,1.563213164,6.44E-09,2.25E-07,2.54E-06,AMPH
ENSG00000082014,ENSG00000082014.16,4.055986086,0.453728832,1.369575531,7.47E-09,2.58E-07,2.54E-06,SMARCD3
ENSG00000100605,ENSG00000100605.16,6.540607029,-0.533552963,0.69085126,8.56E-09,2.91E-07,2.54E-06,ITPK1
ENSG00000106952,ENSG00000106952.7,5.667607919,0.242502682,1.18304314,8.41E-09,2.86E-07,2.54E-06,TNFSF8
ENSG00000109046,ENSG00000109046.14,8.038543465,0.282319324,1.216148434,6.78E-09,2.36E-07,2.54E-06,WSB1
ENSG00000116337,ENSG00000116337.15,7.198269046,-0.536886333,0.689256879,8.33E-09,2.84E-07,2.54E-06,AMPD2
ENSG00000116489,ENSG00000116489.12,7.990117147,0.343802102,1.269096789,7.38E-09,2.55E-07,2.54E-06,CAPZA1
ENSG00000127903,ENSG00000127903.13,1.348277149,-0.620221669,0.65057096,7.70E-09,2.65E-07,2.54E-06,ZNF835
ENSG00000133317,ENSG00000133317.14,3.056509521,-0.646291444,0.638920598,6.17E-09,2.17E-07,2.54E-06,LGALS12
ENSG00000134489,ENSG00000134489.6,3.355548225,-0.717858708,0.607999184,7.54E-09,2.60E-07,2.54E-06,HRH4
ENSG00000135392,ENSG00000135392.15,4.915975116,-0.186332027,0.878837279,7.40E-09,2.55E-07,2.54E-06,DNAJC14
ENSG00000162105,ENSG00000162105.17,-1.371828133,-0.575936725,0.670850535,7.95E-09,2.72E-07,2.54E-06,SHANK2
ENSG00000162852,ENSG00000162852.13,6.716400642,-0.194634203,0.873794419,7.27E-09,2.51E-07,2.54E-06,CNST
ENSG00000163959,ENSG00000163959.9,-0.968598703,0.599693637,1.515394731,7.11E-09,2.46E-07,2.54E-06,SLC51A
ENSG00000165629,ENSG00000165629.19,5.777280775,0.326288891,1.253784058,6.43E-09,2.25E-07,2.54E-06,ATP5F1C
ENSG00000166165,ENSG00000166165.12,1.446502047,-0.657379985,0.634028684,7.62E-09,2.62E-07,2.54E-06,CKB
ENSG00000174695,ENSG00000174695.9,6.331715322,0.311058732,1.240617802,7.53E-09,2.59E-07,2.54E-06,TMEM167A
ENSG00000180667,ENSG00000180667.10,8.673278779,0.729058344,1.657556841,6.72E-09,2.34E-07,2.54E-06,YOD1
ENSG00000204227,ENSG00000204227.4,4.324209639,-0.329141293,0.796010136,8.21E-09,2.80E-07,2.54E-06,RING1
ENSG00000223547,ENSG00000223547.9,4.883338438,-0.406367533,0.754520742,7.30E-09,2.52E-07,2.54E-06,ZNF844
ENSG00000232125,ENSG00000232125.2,0.241513308,-0.720473881,0.606898062,8.52E-09,2.90E-07,2.54E-06,DYTN
ENSG00000241889,ENSG00000241889.1,-0.344803089,-0.724753158,0.605100567,6.29E-09,2.21E-07,2.54E-06,CTDNEP1P1
ENSG00000251215,ENSG00000251215.1,4.381256222,0.343276468,1.268634488,7.70E-09,2.64E-07,2.54E-06,GOLGA5P1
ENSG00000251230,ENSG00000251230.5,1.678172989,0.746612787,1.677848887,8.10E-09,2.77E-07,2.54E-06,MIR3945HG
ENSG00000260923,ENSG00000260923.6,0.670984389,0.758309939,1.691507928,7.13E-09,2.47E-07,2.54E-06,LINC02193
ENSG00000277246,ENSG00000277246.1,0.812453168,0.454403515,1.370216169,8.55E-09,2.90E-07,2.54E-06,
ENSG00000171824,ENSG00000171824.13,5.807700226,-0.184966042,0.879669781,8.78E-09,2.97E-07,2.68E-06,EXOSC10
ENSG00000283384,ENSG00000283384.1,0.346637669,0.769720856,1.704939866,8.62E-09,2.93E-07,2.68E-06,
ENSG00000001497,ENSG00000001497.16,4.480879302,-0.279134702,0.824085138,1.27E-08,4.17E-07,3.75E-06,LAS1L
ENSG00000026103,ENSG00000026103.21,6.494180033,0.35680668,1.280588252,1.15E-08,3.79E-07,3.75E-06,FAS
ENSG00000049759,ENSG00000049759.17,3.823685784,0.527173642,1.441103189,9.81E-09,3.29E-07,3.75E-06,NEDD4L
ENSG00000067369,ENSG00000067369.13,6.089630484,-0.207317925,0.866145964,1.33E-08,4.33E-07,3.75E-06,TP53BP1
ENSG00000067606,ENSG00000067606.16,4.118317504,-0.360745728,0.778761934,1.11E-08,3.70E-07,3.75E-06,PRKCZ
ENSG00000072274,ENSG00000072274.12,6.971895426,0.428141676,1.345499333,1.12E-08,3.71E-07,3.75E-06,TFRC
ENSG00000078618,ENSG00000078618.21,8.018364858,0.249775094,1.189021741,9.80E-09,3.29E-07,3.75E-06,NRDC
ENSG00000100433,ENSG00000100433.15,-0.286152879,-0.6438092,0.640020846,1.17E-08,3.86E-07,3.75E-06,KCNK10
ENSG00000102316,ENSG00000102316.16,5.875119976,-0.275859021,0.825958373,9.64E-09,3.24E-07,3.75E-06,MAGED2
ENSG00000102934,ENSG00000102934.9,0.064811913,-0.690554608,0.619615609,1.21E-08,3.98E-07,3.75E-06,PLLP
ENSG00000103642,ENSG00000103642.11,5.045080721,0.296870174,1.228476427,8.79E-09,2.98E-07,3.75E-06,LACTB
ENSG00000104164,ENSG00000104164.10,6.116371566,0.259114857,1.196744236,1.36E-08,4.43E-07,3.75E-06,BLOC1S6
ENSG00000107372,ENSG00000107372.12,7.81227134,0.239986911,1.180981947,1.10E-08,3.67E-07,3.75E-06,ZFAND5
ENSG00000107954,ENSG00000107954.10,2.946316281,-0.589863518,0.664405758,1.20E-08,3.95E-07,3.75E-06,NEURL1
ENSG00000108924,ENSG00000108924.13,0.596730596,0.573679426,1.488314508,1.35E-08,4.38E-07,3.75E-06,HLF
ENSG00000109743,ENSG00000109743.10,6.00200728,0.414463869,1.332803292,1.29E-08,4.21E-07,3.75E-06,BST1
ENSG00000111412,ENSG00000111412.5,5.577887051,-0.167901677,0.890136396,1.00E-08,3.36E-07,3.75E-06,SPRING1
ENSG00000111790,ENSG00000111790.13,6.624420299,0.331484137,1.258307161,9.62E-09,3.23E-07,3.75E-06,FGFR1OP2
ENSG00000115594,ENSG00000115594.11,4.966042838,0.659723061,1.579779341,1.33E-08,4.32E-07,3.75E-06,IL1R1
ENSG00000116016,ENSG00000116016.13,2.047734432,-0.590022967,0.664332331,1.39E-08,4.49E-07,3.75E-06,EPAS1
ENSG00000117480,ENSG00000117480.15,2.884655516,-0.55695065,0.679737372,1.37E-08,4.44E-07,3.75E-06,FAAH
ENSG00000118518,ENSG00000118518.15,6.100578721,0.226833853,1.170263861,9.33E-09,3.14E-07,3.75E-06,RNF146
ENSG00000119392,ENSG00000119392.14,5.837268529,-0.181241133,0.881943944,1.34E-08,4.36E-07,3.75E-06,GLE1
ENSG00000123091,ENSG00000123091.4,7.706238808,0.638083319,1.556260229,1.36E-08,4.43E-07,3.75E-06,RNF11
ENSG00000124374,ENSG00000124374.8,3.497089683,-0.365059106,0.776437064,1.21E-08,3.99E-07,3.75E-06,PAIP2B
ENSG00000134602,ENSG00000134602.15,6.251786271,-0.236328828,0.848902737,1.17E-08,3.87E-07,3.75E-06,STK26
ENSG00000135018,ENSG00000135018.13,7.596989084,0.205240368,1.152878412,1.24E-08,4.08E-07,3.75E-06,UBQLN1
ENSG00000136938,ENSG00000136938.8,4.855285359,0.43016121,1.347384128,1.43E-08,4.62E-07,3.75E-06,ANP32B
ENSG00000137486,ENSG00000137486.16,6.323660715,-0.353448225,0.782711081,1.40E-08,4.52E-07,3.75E-06,ARRB1
ENSG00000138061,ENSG00000138061.11,5.587978754,0.55425351,1.468408641,1.01E-08,3.38E-07,3.75E-06,CYP1B1
ENSG00000140265,ENSG00000140265.12,5.297056807,-0.177610204,0.884166388,1.32E-08,4.30E-07,3.75E-06,ZSCAN29
ENSG00000143942,ENSG00000143942.4,0.551632757,0.501973396,1.416149323,1.42E-08,4.60E-07,3.75E-06,CHAC2
ENSG00000144744,ENSG00000144744.16,6.459319943,0.252638824,1.191384276,9.12E-09,3.08E-07,3.75E-06,UBA3
ENSG00000148834,ENSG00000148834.12,5.706263803,0.275512115,1.210423678,1.08E-08,3.59E-07,3.75E-06,GSTO1
ENSG00000152804,ENSG00000152804.10,4.696556993,0.312318993,1.241702013,1.13E-08,3.74E-07,3.75E-06,HHEX
ENSG00000167112,ENSG00000167112.9,4.061682694,-0.265411151,0.831961602,1.29E-08,4.21E-07,3.75E-06,TRUB2
ENSG00000168175,ENSG00000168175.14,5.750426092,0.17069949,1.125604101,9.00E-09,3.04E-07,3.75E-06,MAPK1IP1L
ENSG00000170035,ENSG00000170035.15,4.156838975,0.275479693,1.210396476,1.09E-08,3.61E-07,3.75E-06,UBE2E3
ENSG00000180758,ENSG00000180758.11,2.786942764,-0.399830562,0.757947295,1.35E-08,4.38E-07,3.75E-06,GPR157
ENSG00000182010,ENSG00000182010.10,3.523414458,0.609154792,1.525365306,1.25E-08,4.11E-07,3.75E-06,RTKN2
ENSG00000204010,ENSG00000204010.3,5.630259005,0.903240651,1.870262341,1.23E-08,4.05E-07,3.75E-06,IFIT1B
ENSG00000204406,ENSG00000204406.12,6.690863169,0.212599468,1.158774199,1.26E-08,4.14E-07,3.75E-06,MBD5
ENSG00000227502,ENSG00000227502.2,-1.316223873,0.630373627,1.547965832,1.43E-08,4.62E-07,3.75E-06,MROCKI
ENSG00000247315,ENSG00000247315.3,4.851740533,-0.189029456,0.877195638,1.10E-08,3.65E-07,3.75E-06,ZCCHC3
ENSG00000259330,ENSG00000259330.2,5.587865313,-0.305970676,0.80889779,1.11E-08,3.70E-07,3.75E-06,INAFM2
ENSG00000272168,ENSG00000272168.6,-0.260148223,-0.585668606,0.666340457,1.16E-08,3.84E-07,3.75E-06,CASC15
ENSG00000067596,ENSG00000067596.10,7.02311412,-0.231397953,0.8518091,1.71E-08,5.39E-07,3.81E-06,DHX8
ENSG00000072682,ENSG00000072682.18,1.133442164,0.530536817,1.444466572,1.56E-08,4.97E-07,3.81E-06,P4HA2
ENSG00000075399,ENSG00000075399.13,4.251649501,0.505264431,1.419383491,1.70E-08,5.36E-07,3.81E-06,VPS9D1
ENSG00000103381,ENSG00000103381.11,8.772471382,-0.441739082,0.736246573,1.68E-08,5.30E-07,3.81E-06,CPPED1
ENSG00000104131,ENSG00000104131.12,5.013953006,0.258245915,1.196023648,1.68E-08,5.31E-07,3.81E-06,EIF3J
ENSG00000109099,ENSG00000109099.13,0.115982453,-0.758875807,0.590956643,1.65E-08,5.24E-07,3.81E-06,PMP22
ENSG00000124102,ENSG00000124102.4,4.094348058,0.899548251,1.865481756,1.66E-08,5.25E-07,3.81E-06,PI3
ENSG00000125485,ENSG00000125485.17,4.294199572,-0.264498282,0.832488194,1.67E-08,5.27E-07,3.81E-06,DDX31
ENSG00000135334,ENSG00000135334.8,5.23525293,0.24043681,1.181350289,1.72E-08,5.42E-07,3.81E-06,AKIRIN2
ENSG00000148143,ENSG00000148143.12,-0.325274001,0.705498563,1.630708103,1.70E-08,5.37E-07,3.81E-06,ZNF462
ENSG00000150347,ENSG00000150347.14,6.261195175,0.25483809,1.193201825,1.60E-08,5.09E-07,3.81E-06,ARID5B
ENSG00000154723,ENSG00000154723.12,2.974440244,0.385209751,1.306049658,1.47E-08,4.72E-07,3.81E-06,ATP5PF
ENSG00000157045,ENSG00000157045.8,4.539669135,0.383374135,1.30438896,1.63E-08,5.17E-07,3.81E-06,NTAN1
ENSG00000158526,ENSG00000158526.7,3.839823456,-0.270599817,0.828974819,1.59E-08,5.06E-07,3.81E-06,TSR2
ENSG00000163625,ENSG00000163625.15,8.811565941,0.486850738,1.401382454,1.64E-08,5.19E-07,3.81E-06,WDFY3
ENSG00000164104,ENSG00000164104.11,5.73632227,0.438203786,1.354916351,1.48E-08,4.74E-07,3.81E-06,HMGB2
ENSG00000169439,ENSG00000169439.11,1.22263523,-0.741248702,0.598221347,1.62E-08,5.14E-07,3.81E-06,SDC2
ENSG00000182782,ENSG00000182782.7,4.854183749,0.557930869,1.472156318,1.58E-08,5.04E-07,3.81E-06,HCAR2
ENSG00000198892,ENSG00000198892.6,2.054494829,-1.018569404,0.493605576,1.53E-08,4.89E-07,3.81E-06,SHISA4
ENSG00000218739,ENSG00000218739.9,4.295029016,0.204281476,1.152112403,1.46E-08,4.70E-07,3.81E-06,CEBPZOS
ENSG00000227740,ENSG00000227740.1,0.439387291,0.597373247,1.512959373,1.68E-08,5.30E-07,3.81E-06,LINC02803
ENSG00000235531,ENSG00000235531.9,1.819975545,0.672297043,1.593608274,1.55E-08,4.95E-07,3.81E-06,MSC-AS1
ENSG00000256433,ENSG00000256433.2,1.120309059,0.636481351,1.554533117,1.43E-08,4.63E-07,3.81E-06,
ENSG00000257322,ENSG00000257322.5,0.294993834,0.591638097,1.506956839,1.57E-08,5.00E-07,3.81E-06,
ENSG00000004487,ENSG00000004487.15,5.719535725,-0.201106726,0.869882999,1.95E-08,6.04E-07,5.13E-06,KDM1A
ENSG00000117450,ENSG00000117450.13,5.921216923,0.25163663,1.190556947,1.88E-08,5.86E-07,5.13E-06,PRDX1
ENSG00000138376,ENSG00000138376.10,4.427870148,0.336700124,1.262864738,1.90E-08,5.91E-07,5.13E-06,BARD1
ENSG00000144130,ENSG00000144130.11,0.295238161,0.723627588,1.651329006,1.87E-08,5.84E-07,5.13E-06,NT5DC4
ENSG00000163219,ENSG00000163219.11,8.842580465,-0.279453729,0.823902926,1.75E-08,5.51E-07,5.13E-06,ARHGAP25
ENSG00000166033,ENSG00000166033.11,-0.421562746,0.700066017,1.624579131,1.92E-08,5.97E-07,5.13E-06,HTRA1
ENSG00000166908,ENSG00000166908.17,4.805050644,-0.231893455,0.851516591,1.77E-08,5.57E-07,5.13E-06,PIP4K2C
ENSG00000181061,ENSG00000181061.13,3.232807411,0.393334287,1.313425424,1.73E-08,5.44E-07,5.13E-06,HIGD1A
ENSG00000187866,ENSG00000187866.8,5.075000751,0.155258418,1.113621074,1.87E-08,5.82E-07,5.13E-06,PABIR1
ENSG00000197448,ENSG00000197448.13,7.181339141,0.196747715,1.146111747,1.97E-08,6.11E-07,5.13E-06,GSTK1
ENSG00000198730,ENSG00000198730.7,5.973345878,-0.178867658,0.883396084,1.80E-08,5.64E-07,5.13E-06,CTR9
ENSG00000198843,ENSG00000198843.12,6.46810815,0.264539914,1.2012529,1.95E-08,6.05E-07,5.13E-06,SELENOT
ENSG00000212743,ENSG00000212743.2,3.868747131,0.575265496,1.48995163,1.82E-08,5.71E-07,5.13E-06,LINC02656
ENSG00000235621,ENSG00000235621.8,1.610511763,-0.752047859,0.593760136,1.84E-08,5.75E-07,5.13E-06,LINC00494
ENSG00000243650,ENSG00000243650.3,3.221602776,0.310970677,1.240542083,1.83E-08,5.73E-07,5.13E-06,RN7SL834P
ENSG00000121316,ENSG00000121316.10,7.956243928,0.435436225,1.35231967,2.02E-08,6.25E-07,5.83E-06,PLBD1
ENSG00000140259,ENSG00000140259.6,4.680586184,-0.254800388,0.838103087,1.98E-08,6.13E-07,5.83E-06,MFAP1
ENSG00000251034,ENSG00000251034.1,2.036001266,-0.46936811,0.722280882,2.01E-08,6.21E-07,5.83E-06,
ENSG00000004897,ENSG00000004897.11,6.988141444,0.284941518,1.218360875,2.52E-08,7.59E-07,5.96E-06,CDC27
ENSG00000075239,ENSG00000075239.13,3.567434656,0.341356735,1.266947493,2.45E-08,7.41E-07,5.96E-06,ACAT1
ENSG00000106799,ENSG00000106799.12,7.542868209,0.245725148,1.185688589,2.34E-08,7.11E-07,5.96E-06,TGFBR1
ENSG00000108604,ENSG00000108604.15,6.761997641,-0.30488963,0.809504144,2.24E-08,6.84E-07,5.96E-06,SMARCD2
ENSG00000122026,ENSG00000122026.10,7.192862417,0.561438356,1.475739785,2.27E-08,6.93E-07,5.96E-06,RPL21
ENSG00000128918,ENSG00000128918.14,2.728379052,0.661863886,1.582125326,2.39E-08,7.26E-07,5.96E-06,ALDH1A2
ENSG00000128928,ENSG00000128928.8,5.121118459,-0.307511439,0.808034368,2.36E-08,7.18E-07,5.96E-06,IVD
ENSG00000129295,ENSG00000129295.8,3.519086372,0.692326619,1.615887343,2.47E-08,7.47E-07,5.96E-06,DNAAF11
ENSG00000131126,ENSG00000131126.18,-1.668154626,-0.433713458,0.74035368,2.45E-08,7.41E-07,5.96E-06,TEX101
ENSG00000133169,ENSG00000133169.5,-1.249062973,0.656862634,1.576650221,2.08E-08,6.41E-07,5.96E-06,BEX1
ENSG00000135722,ENSG00000135722.8,2.064046199,0.420971957,1.338829233,2.03E-08,6.28E-07,5.96E-06,FBXL8
ENSG00000140379,ENSG00000140379.7,4.34187506,0.679659012,1.601761126,2.35E-08,7.15E-07,5.96E-06,BCL2A1
ENSG00000147689,ENSG00000147689.16,-0.757729217,0.999126928,1.998790031,2.14E-08,6.58E-07,5.96E-06,FAM83A
ENSG00000156650,ENSG00000156650.12,5.872212606,-0.169901373,0.888903447,2.51E-08,7.56E-07,5.96E-06,KAT6B
ENSG00000161929,ENSG00000161929.14,5.262521247,-0.335343606,0.792595342,2.53E-08,7.62E-07,5.96E-06,SCIMP
ENSG00000165775,ENSG00000165775.17,5.215088391,0.320679088,1.248918286,2.36E-08,7.17E-07,5.96E-06,FUNDC2
ENSG00000166797,ENSG00000166797.10,4.416254292,0.321800635,1.249889569,2.41E-08,7.31E-07,5.96E-06,CIAO2A
ENSG00000168887,ENSG00000168887.10,6.163496904,-0.150155606,0.901153261,2.42E-08,7.32E-07,5.96E-06,C2orf68
ENSG00000184983,ENSG00000184983.9,3.795883404,0.360565242,1.283928837,2.52E-08,7.60E-07,5.96E-06,NDUFA6
ENSG00000224020,ENSG00000224020.1,0.788663924,-0.642391741,0.64064998,2.41E-08,7.30E-07,5.96E-06,MIR181A2HG
ENSG00000238269,ENSG00000238269.8,-0.025544704,0.799123089,1.740043157,2.37E-08,7.19E-07,5.96E-06,PAGE2B
ENSG00000239839,ENSG00000239839.6,3.769481604,1.616334075,3.0659498,2.14E-08,6.59E-07,5.96E-06,DEFA3
ENSG00000251073,ENSG00000251073.1,0.604289867,0.612747669,1.529168799,2.18E-08,6.68E-07,5.96E-06,NUDT19P5
ENSG00000275700,ENSG00000275700.4,5.663739089,-0.225773114,0.855136651,2.27E-08,6.94E-07,5.96E-06,AATF
ENSG00000283064,ENSG00000283064.1,1.173243733,0.452582893,1.368488103,2.46E-08,7.43E-07,5.96E-06,H2BC6-AS1
ENSG00000086288,ENSG00000086288.11,3.446622463,0.43362758,1.350625387,2.72E-08,8.12E-07,6.20E-06,NME8
ENSG00000104756,ENSG00000104756.15,5.030561416,0.218055281,1.163164611,2.63E-08,7.89E-07,6.20E-06,KCTD9
ENSG00000106392,ENSG00000106392.10,6.507075993,0.268235264,1.204333759,2.58E-08,7.77E-07,6.20E-06,C1GALT1
ENSG00000127884,ENSG00000127884.4,4.47155709,-0.291077492,0.817291428,2.66E-08,7.96E-07,6.20E-06,ECHS1
ENSG00000129245,ENSG00000129245.11,4.775082227,-0.275756716,0.826016945,2.66E-08,7.96E-07,6.20E-06,FXR2
ENSG00000186566,ENSG00000186566.12,6.537863257,-0.152382857,0.899763122,2.69E-08,8.05E-07,6.20E-06,GPATCH8
ENSG00000189013,ENSG00000189013.14,-1.046939025,-0.639413127,0.641974044,2.67E-08,8.00E-07,6.20E-06,KIR2DL4
ENSG00000242473,ENSG00000242473.1,-0.656558563,-0.687919329,0.620748455,2.61E-08,7.82E-07,6.20E-06,KIR2DP1
ENSG00000269404,ENSG00000269404.6,2.930637668,-0.582555013,0.667780091,2.58E-08,7.77E-07,6.20E-06,SPIB
ENSG00000280017,ENSG00000280017.1,-1.078643037,0.624362887,1.541529915,2.53E-08,7.63E-07,6.20E-06,
ENSG00000003096,ENSG00000003096.14,0.210457782,-0.531209343,0.691974441,3.12E-08,9.17E-07,8.40E-06,KLHL13
ENSG00000044459,ENSG00000044459.14,3.730316439,0.385517129,1.306327952,4.38E-08,1.24E-06,8.40E-06,CNTLN
ENSG00000084090,ENSG00000084090.13,7.012719035,-0.160776056,0.894543748,4.39E-08,1.24E-06,8.40E-06,STARD7
ENSG00000092068,ENSG00000092068.19,-0.485593979,-0.733419841,0.601476451,2.73E-08,8.15E-07,8.40E-06,SLC7A8
ENSG00000100129,ENSG00000100129.17,7.067243178,-0.213530125,0.862424385,3.75E-08,1.08E-06,8.40E-06,EIF3L
ENSG00000101365,ENSG00000101365.20,5.353124284,-0.245950824,0.843259853,4.07E-08,1.16E-06,8.40E-06,IDH3B
ENSG00000102221,ENSG00000102221.13,1.772199903,-0.499557604,0.707323646,4.73E-08,1.32E-06,8.40E-06,JADE3
ENSG00000104880,ENSG00000104880.17,3.027904104,-0.384348998,0.766124627,3.09E-08,9.10E-07,8.40E-06,ARHGEF18
ENSG00000106701,ENSG00000106701.11,3.194668308,0.377482048,1.299072589,2.81E-08,8.36E-07,8.40E-06,FSD1L
ENSG00000108829,ENSG00000108829.9,5.816245494,-0.207694716,0.865919781,4.54E-08,1.27E-06,8.40E-06,LRRC59
ENSG00000110852,ENSG00000110852.4,5.483176804,0.509388883,1.423447104,4.72E-08,1.32E-06,8.40E-06,CLEC2B
ENSG00000118515,ENSG00000118515.11,7.003403928,-0.35556532,0.781563328,4.48E-08,1.26E-06,8.40E-06,SGK1
ENSG00000121858,ENSG00000121858.10,7.936073367,0.401225649,1.320629382,3.17E-08,9.31E-07,8.40E-06,TNFSF10
ENSG00000123444,ENSG00000123444.13,4.853176214,-0.187664021,0.878026251,4.30E-08,1.22E-06,8.40E-06,KBTBD4
ENSG00000124177,ENSG00000124177.14,7.277406692,-0.194427903,0.873919378,3.00E-08,8.88E-07,8.40E-06,CHD6
ENSG00000125538,ENSG00000125538.11,5.661575422,0.477551754,1.3923788,3.96E-08,1.13E-06,8.40E-06,IL1B
ENSG00000136504,ENSG00000136504.11,7.141046272,-0.173517736,0.886678048,4.05E-08,1.15E-06,8.40E-06,KAT7
ENSG00000137672,ENSG00000137672.12,1.214738309,-0.752734896,0.593477444,3.60E-08,1.04E-06,8.40E-06,TRPC6
ENSG00000139641,ENSG00000139641.12,7.215738799,-0.337880024,0.791203096,4.47E-08,1.26E-06,8.40E-06,ESYT1
ENSG00000141034,ENSG00000141034.9,4.717920553,0.465303708,1.38060796,3.93E-08,1.12E-06,8.40E-06,GID4
ENSG00000141622,ENSG00000141622.13,2.270629968,-0.672220609,0.627540029,4.21E-08,1.19E-06,8.40E-06,ARK2C
ENSG00000143753,ENSG00000143753.12,6.03942843,0.196944048,1.14626773,3.72E-08,1.07E-06,8.40E-06,DEGS1
ENSG00000144028,ENSG00000144028.14,7.910097158,-0.227070178,0.85436818,3.11E-08,9.16E-07,8.40E-06,SNRNP200
ENSG00000144320,ENSG00000144320.13,5.79840338,0.297406115,1.228932873,4.48E-08,1.26E-06,8.40E-06,LNPK
ENSG00000146425,ENSG00000146425.10,6.011302319,0.264300306,1.201053408,3.14E-08,9.24E-07,8.40E-06,DYNLT1
ENSG00000152439,ENSG00000152439.12,3.475420666,-0.298481578,0.813107734,3.22E-08,9.44E-07,8.40E-06,ZNF773
ENSG00000157625,ENSG00000157625.15,6.086118277,0.179121855,1.132194527,4.26E-08,1.21E-06,8.40E-06,TAB3
ENSG00000161681,ENSG00000161681.15,-1.486747724,-0.507162373,0.703604994,3.57E-08,1.03E-06,8.40E-06,SHANK1
ENSG00000163605,ENSG00000163605.14,6.334982159,0.333330127,1.25991825,4.42E-08,1.24E-06,8.40E-06,PPP4R2
ENSG00000164136,ENSG00000164136.16,4.496037622,0.327966428,1.255242781,3.28E-08,9.61E-07,8.40E-06,IL15
ENSG00000164265,ENSG00000164265.8,-1.311020275,-0.653509435,0.635731978,4.03E-08,1.15E-06,8.40E-06,SCGB3A2
ENSG00000165457,ENSG00000165457.13,1.271869592,-0.577242263,0.670243736,4.60E-08,1.29E-06,8.40E-06,FOLR2
ENSG00000165863,ENSG00000165863.16,-1.499250902,-0.561929162,0.677395749,2.96E-08,8.77E-07,8.40E-06,SPMIP5
ENSG00000166710,ENSG00000166710.17,12.05275131,0.351268121,1.275681451,3.87E-08,1.11E-06,8.40E-06,B2M
ENSG00000166734,ENSG00000166734.18,6.629864299,0.229851065,1.172713879,3.78E-08,1.09E-06,8.40E-06,GOLM2
ENSG00000167634,ENSG00000167634.12,-0.948342509,-0.59616766,0.66150884,3.21E-08,9.43E-07,8.40E-06,NLRP7
ENSG00000169583,ENSG00000169583.12,0.700772422,-0.672299781,0.627505591,4.45E-08,1.25E-06,8.40E-06,CLIC3
ENSG00000169919,ENSG00000169919.16,4.949856124,-0.242526106,0.84526399,4.06E-08,1.16E-06,8.40E-06,GUSB
ENSG00000170298,ENSG00000170298.15,-0.907394755,-0.667825313,0.629454799,3.50E-08,1.02E-06,8.40E-06,LGALS9B
ENSG00000170312,ENSG00000170312.15,0.295566347,0.587651125,1.502798025,3.91E-08,1.12E-06,8.40E-06,CDK1
ENSG00000172046,ENSG00000172046.18,6.706544695,-0.363794958,0.777117708,3.28E-08,9.59E-07,8.40E-06,USP19
ENSG00000174130,ENSG00000174130.12,7.779905259,0.398408839,1.318053416,2.84E-08,8.45E-07,8.40E-06,TLR6
ENSG00000175324,ENSG00000175324.9,3.669348901,0.307990353,1.237982012,4.51E-08,1.27E-06,8.40E-06,LSM1
ENSG00000179841,ENSG00000179841.8,2.265374919,-0.629721603,0.64630112,4.66E-08,1.30E-06,8.40E-06,AKAP5
ENSG00000182899,ENSG00000182899.14,7.212122233,0.466920276,1.382155826,3.55E-08,1.03E-06,8.40E-06,RPL35A
ENSG00000183530,ENSG00000183530.13,7.702255362,-0.134811922,0.910788561,3.38E-08,9.86E-07,8.40E-06,PRR14L
ENSG00000184677,ENSG00000184677.16,6.79664721,-0.223577491,0.856439065,3.51E-08,1.02E-06,8.40E-06,ZBTB40
ENSG00000186049,ENSG00000186049.8,2.232556542,-1.193679422,0.437186446,3.29E-08,9.62E-07,8.40E-06,KRT73
ENSG00000188186,ENSG00000188186.10,6.197882882,-0.39509429,0.760439675,3.32E-08,9.72E-07,8.40E-06,LAMTOR4
ENSG00000189043,ENSG00000189043.9,4.832017555,0.402350309,1.321659287,4.43E-08,1.25E-06,8.40E-06,NDUFA4
ENSG00000196230,ENSG00000196230.12,7.210486622,-0.218890383,0.859226037,3.65E-08,1.06E-06,8.40E-06,TUBB
ENSG00000198218,ENSG00000198218.10,6.426001419,-0.170830712,0.888331028,4.65E-08,1.30E-06,8.40E-06,QRICH1
ENSG00000204287,ENSG00000204287.13,8.738744001,-0.325213605,0.798180199,4.70E-08,1.31E-06,8.40E-06,HLA-DRA
ENSG00000204381,ENSG00000204381.11,-0.816399317,-0.576539865,0.670570134,3.60E-08,1.04E-06,8.40E-06,LAYN
ENSG00000205784,ENSG00000205784.2,2.850864595,-0.391171018,0.762510433,4.31E-08,1.22E-06,8.40E-06,ARRDC5
ENSG00000224789,ENSG00000224789.1,0.25795371,0.689203099,1.612392635,2.94E-08,8.72E-07,8.40E-06,
ENSG00000225447,ENSG00000225447.1,1.896255434,0.454065736,1.369895397,3.39E-08,9.87E-07,8.40E-06,RPS15AP10
ENSG00000232450,ENSG00000232450.1,1.631990511,0.451478565,1.367440978,3.85E-08,1.11E-06,8.40E-06,
ENSG00000234518,ENSG00000234518.2,1.003379863,0.49867758,1.412917843,3.23E-08,9.47E-07,8.40E-06,PTGES3P1
ENSG00000236438,ENSG00000236438.7,4.675778474,0.697691278,1.621907203,3.68E-08,1.06E-06,8.40E-06,FAM157A
ENSG00000238241,ENSG00000238241.1,-0.362956027,-0.806280498,0.571854292,4.18E-08,1.19E-06,8.40E-06,CCR12P
ENSG00000241666,ENSG00000241666.2,1.647377771,-0.408593262,0.753357597,3.95E-08,1.13E-06,8.40E-06,
ENSG00000241886,ENSG00000241886.1,2.584313575,0.558583026,1.472821943,2.77E-08,8.27E-07,8.40E-06,
ENSG00000242661,ENSG00000242661.1,-0.841452113,0.639763401,1.558073617,3.18E-08,9.35E-07,8.40E-06,RPS3AP43
ENSG00000249937,ENSG00000249937.5,-1.595733694,-0.482365769,0.715802869,3.89E-08,1.11E-06,8.40E-06,LINC02223
ENSG00000250138,ENSG00000250138.4,1.014948746,1.00719525,2.00999965,3.15E-08,9.27E-07,8.40E-06,
ENSG00000258473,ENSG00000258473.1,-1.263395973,-0.593006911,0.662959704,3.33E-08,9.73E-07,8.40E-06,
ENSG00000260947,ENSG00000260947.1,-0.116784781,-0.834850845,0.560640998,4.01E-08,1.14E-06,8.40E-06,
ENSG00000263874,ENSG00000263874.2,2.678942328,0.326172704,1.253683089,3.53E-08,1.02E-06,8.40E-06,LASP1NB
ENSG00000272325,ENSG00000272325.1,6.616398229,-0.185418699,0.879393821,3.64E-08,1.05E-06,8.40E-06,NUDT3
ENSG00000276058,ENSG00000276058.1,1.662424809,0.426778465,1.344228564,4.71E-08,1.31E-06,8.40E-06,STMN1P1
ENSG00000276293,ENSG00000276293.4,6.233148235,-0.210906883,0.863993951,3.77E-08,1.09E-06,8.40E-06,PIP4K2B
ENSG00000087157,ENSG00000087157.18,7.279694327,0.400839932,1.320276348,4.98E-08,1.38E-06,8.44E-06,PGS1
ENSG00000102580,ENSG00000102580.14,7.034530534,0.290173149,1.222787025,4.94E-08,1.37E-06,8.44E-06,DNAJC3
ENSG00000143158,ENSG00000143158.10,4.983743356,0.275089231,1.21006893,4.78E-08,1.33E-06,8.44E-06,MPC2
ENSG00000149636,ENSG00000149636.15,3.411127912,-0.20277688,0.868876551,4.83E-08,1.34E-06,8.44E-06,DSN1
ENSG00000166881,ENSG00000166881.9,5.159203996,-0.199997797,0.870551893,4.92E-08,1.36E-06,8.44E-06,NEMP1
ENSG00000197497,ENSG00000197497.10,2.058195492,-0.429560507,0.742487937,4.73E-08,1.32E-06,8.44E-06,ZNF665
ENSG00000197880,ENSG00000197880.8,1.208187575,-0.615561982,0.652675603,4.85E-08,1.34E-06,8.44E-06,MDS2
ENSG00000229117,ENSG00000229117.8,7.058264887,0.539336082,1.453303564,4.89E-08,1.35E-06,8.44E-06,RPL41
ENSG00000276900,ENSG00000276900.1,4.025864766,0.446814755,1.36302758,4.82E-08,1.34E-06,8.44E-06,
ENSG00000071082,ENSG00000071082.10,6.263853385,0.675773774,1.59745332,5.13E-08,1.41E-06,8.57E-06,RPL31
ENSG00000079335,ENSG00000079335.18,6.425698503,0.226915213,1.170329859,5.23E-08,1.43E-06,8.57E-06,CDC14A
ENSG00000100373,ENSG00000100373.9,0.486790769,-0.659041346,0.633298977,5.06E-08,1.39E-06,8.57E-06,UPK3A
ENSG00000100380,ENSG00000100380.13,5.879463276,0.377811053,1.299368875,5.26E-08,1.44E-06,8.57E-06,ST13
ENSG00000101608,ENSG00000101608.12,8.109454997,0.185208269,1.136981097,5.35E-08,1.46E-06,8.57E-06,MYL12A
ENSG00000135960,ENSG00000135960.9,2.117471056,-0.741475675,0.598127239,5.24E-08,1.44E-06,8.57E-06,EDAR
ENSG00000147889,ENSG00000147889.17,1.649510738,0.399948208,1.319460542,5.22E-08,1.43E-06,8.57E-06,CDKN2A
ENSG00000167680,ENSG00000167680.15,-0.497206356,0.71096364,1.636897108,5.29E-08,1.45E-06,8.57E-06,SEMA6B
ENSG00000197956,ENSG00000197956.9,7.183456746,0.272517001,1.207913379,5.02E-08,1.39E-06,8.57E-06,S100A6
ENSG00000223609,ENSG00000223609.7,-1.561880765,0.722131919,1.64961793,5.33E-08,1.46E-06,8.57E-06,HBD
ENSG00000258634,ENSG00000258634.3,3.66561679,-0.278164761,0.824639366,5.14E-08,1.41E-06,8.57E-06,
ENSG00000260035,ENSG00000260035.1,-1.489621373,0.566234648,1.480654101,5.22E-08,1.43E-06,8.57E-06,
ENSG00000268157,ENSG00000268157.1,-1.887360281,-0.307242604,0.808184953,4.98E-08,1.38E-06,8.57E-06,
ENSG00000275395,ENSG00000275395.4,3.01397631,-0.730620557,0.602644638,5.23E-08,1.43E-06,8.57E-06,FCGBP
ENSG00000064652,ENSG00000064652.10,2.619282764,0.275001919,1.209995699,5.57E-08,1.51E-06,1.20E-05,SNX24
ENSG00000075415,ENSG00000075415.12,7.241117626,-0.114881123,0.9234584,5.86E-08,1.58E-06,1.20E-05,SLC25A3
ENSG00000092036,ENSG00000092036.18,4.517786607,0.414075732,1.332444768,5.66E-08,1.53E-06,1.20E-05,HAUS4
ENSG00000099194,ENSG00000099194.5,2.040822942,0.453854564,1.369694896,6.04E-08,1.62E-06,1.20E-05,SCD
ENSG00000100151,ENSG00000100151.15,3.520912707,-0.354370671,0.782210783,5.97E-08,1.61E-06,1.20E-05,PICK1
ENSG00000109083,ENSG00000109083.13,3.685100635,0.235030831,1.176931889,5.98E-08,1.61E-06,1.20E-05,IFT20
ENSG00000111490,ENSG00000111490.12,2.836240902,-0.429952048,0.742286457,6.20E-08,1.66E-06,1.20E-05,TBC1D30
ENSG00000132205,ENSG00000132205.10,6.572807503,0.344198314,1.269445373,5.80E-08,1.57E-06,1.20E-05,EMILIN2
ENSG00000153006,ENSG00000153006.15,4.969071527,0.24693086,1.186679925,6.13E-08,1.65E-06,1.20E-05,SREK1IP1
ENSG00000160049,ENSG00000160049.11,5.150522775,-0.188170648,0.877717971,5.45E-08,1.49E-06,1.20E-05,DFFA
ENSG00000160714,ENSG00000160714.9,5.881777727,-0.179944082,0.88273721,5.75E-08,1.56E-06,1.20E-05,UBE2Q1
ENSG00000168517,ENSG00000168517.10,1.621126867,-0.467482057,0.723225746,6.17E-08,1.65E-06,1.20E-05,HEXIM2
ENSG00000168916,ENSG00000168916.15,2.188554784,0.647267894,1.566199393,6.17E-08,1.65E-06,1.20E-05,ZNF608
ENSG00000168939,ENSG00000168939.11,3.427331544,0.350504536,1.275006441,5.81E-08,1.57E-06,1.20E-05,SPRY3
ENSG00000171488,ENSG00000171488.14,6.730393404,0.221742709,1.166141381,5.81E-08,1.57E-06,1.20E-05,LRRC8C
ENSG00000178229,ENSG00000178229.7,3.999410721,-0.234192165,0.850160912,6.16E-08,1.65E-06,1.20E-05,ZNF543
ENSG00000182149,ENSG00000182149.20,7.741548896,-0.155086749,0.89807837,5.36E-08,1.46E-06,1.20E-05,IST1
ENSG00000188158,ENSG00000188158.14,3.94524524,-0.485143279,0.714426114,6.12E-08,1.64E-06,1.20E-05,NHS
ENSG00000224067,ENSG00000224067.2,0.505723177,0.697918483,1.622162651,5.67E-08,1.54E-06,1.20E-05,
ENSG00000240047,ENSG00000240047.2,0.390235294,0.691570427,1.615040594,5.50E-08,1.50E-06,1.20E-05,RPS3AP32
ENSG00000278238,ENSG00000278238.1,-0.639919592,0.608884926,1.525080003,6.13E-08,1.64E-06,1.20E-05,CKAP2-DT
ENSG00000091164,ENSG00000091164.12,4.87616808,0.196533041,1.145941217,6.46E-08,1.72E-06,1.56E-05,TXNL1
ENSG00000107736,ENSG00000107736.19,6.478209107,-0.40850886,0.753401672,6.33E-08,1.69E-06,1.56E-05,CDH23
ENSG00000123728,ENSG00000123728.9,5.254173498,0.288325681,1.221222166,6.65E-08,1.77E-06,1.56E-05,RAP2C
ENSG00000154027,ENSG00000154027.18,3.581783578,-0.658147537,0.633691453,6.21E-08,1.66E-06,1.56E-05,AK5
ENSG00000160695,ENSG00000160695.14,5.646373371,-0.213844378,0.862236548,6.71E-08,1.78E-06,1.56E-05,VPS11
ENSG00000169224,ENSG00000169224.12,1.22820369,-0.822056272,0.565635169,6.71E-08,1.78E-06,1.56E-05,GCSAML
ENSG00000171863,ENSG00000171863.12,6.560381736,0.56946483,1.483972987,6.56E-08,1.75E-06,1.56E-05,RPS7
ENSG00000172977,ENSG00000172977.12,5.457016555,-0.255319518,0.837801564,6.28E-08,1.68E-06,1.56E-05,KAT5
ENSG00000230387,ENSG00000230387.2,-1.751260395,-0.451425436,0.73131992,6.57E-08,1.75E-06,1.56E-05,
ENSG00000259326,ENSG00000259326.1,1.696226394,-0.396750564,0.759567159,6.59E-08,1.75E-06,1.56E-05,
ENSG00000060688,ENSG00000060688.12,5.408663906,-0.168907538,0.889516,7.46E-08,1.96E-06,1.71E-05,SNRNP40
ENSG00000085832,ENSG00000085832.16,7.662586477,0.138169551,1.100507938,7.06E-08,1.86E-06,1.71E-05,EPS15
ENSG00000089220,ENSG00000089220.4,5.304048124,-0.319077038,0.801582525,7.11E-08,1.88E-06,1.71E-05,PEBP1
ENSG00000100483,ENSG00000100483.13,4.863595407,0.270447721,1.206182092,7.10E-08,1.87E-06,1.71E-05,VCPKMT
ENSG00000100485,ENSG00000100485.11,7.402452858,0.30890416,1.238766403,6.72E-08,1.78E-06,1.71E-05,SOS2
ENSG00000103365,ENSG00000103365.15,6.889205931,-0.236099891,0.849037458,6.86E-08,1.82E-06,1.71E-05,GGA2
ENSG00000106018,ENSG00000106018.13,0.068534526,-0.642454012,0.640622328,7.19E-08,1.89E-06,1.71E-05,VIPR2
ENSG00000106609,ENSG00000106609.16,6.806561534,-0.14359346,0.905261522,7.29E-08,1.92E-06,1.71E-05,TMEM248
ENSG00000131845,ENSG00000131845.14,4.385277773,-0.243522636,0.844680332,7.15E-08,1.89E-06,1.71E-05,ZNF304
ENSG00000132386,ENSG00000132386.10,1.694104866,-0.545462994,0.68517148,7.39E-08,1.94E-06,1.71E-05,SERPINF1
ENSG00000145741,ENSG00000145741.15,7.086729814,0.343092731,1.26847293,7.50E-08,1.97E-06,1.71E-05,BTF3
ENSG00000168002,ENSG00000168002.11,5.360084349,-0.156332122,0.897303459,7.02E-08,1.86E-06,1.71E-05,POLR2G
ENSG00000198879,ENSG00000198879.11,6.094043761,-0.209992279,0.864541858,7.44E-08,1.95E-06,1.71E-05,SFMBT2
ENSG00000226321,ENSG00000226321.5,-0.327061268,-0.635067515,0.64391068,7.26E-08,1.91E-06,1.71E-05,CROCC2
ENSG00000076770,ENSG00000076770.14,9.543282756,0.656690712,1.576462347,8.03E-08,2.09E-06,1.76E-05,MBNL3
ENSG00000101928,ENSG00000101928.12,3.660065498,0.397339559,1.317076878,8.09E-08,2.10E-06,1.76E-05,MOSPD1
ENSG00000119048,ENSG00000119048.7,6.278774759,0.341327644,1.266921946,7.54E-08,1.98E-06,1.76E-05,UBE2B
ENSG00000158623,ENSG00000158623.14,3.946734847,-0.244761708,0.843955182,7.86E-08,2.05E-06,1.76E-05,COPG2
ENSG00000160746,ENSG00000160746.12,4.449408903,0.250949596,1.18999012,8.11E-08,2.11E-06,1.76E-05,ANO10
ENSG00000163597,ENSG00000163597.14,5.556161279,-0.188251482,0.877668794,8.25E-08,2.14E-06,1.76E-05,SNHG16
ENSG00000174282,ENSG00000174282.11,5.640652388,-0.259881344,0.835156605,7.69E-08,2.01E-06,1.76E-05,ZBTB4
ENSG00000185818,ENSG00000185818.7,-1.174238377,-0.54985475,0.683088898,7.96E-08,2.07E-06,1.76E-05,NAT8L
ENSG00000187735,ENSG00000187735.13,5.478508662,0.250283922,1.189441174,8.15E-08,2.12E-06,1.76E-05,TCEA1
ENSG00000198932,ENSG00000198932.12,5.394427494,-0.382389216,0.767166051,8.23E-08,2.14E-06,1.76E-05,GPRASP1
ENSG00000234232,ENSG00000234232.7,-1.636415876,0.453997218,1.369830339,7.97E-08,2.08E-06,1.76E-05,PDE4DIPP7
ENSG00000248385,ENSG00000248385.7,-1.127206908,0.654032199,1.57356001,7.97E-08,2.08E-06,1.76E-05,TARM1
ENSG00000258565,ENSG00000258565.1,2.426456394,0.442268313,1.35873896,7.68E-08,2.01E-06,1.76E-05,BLZF2P
ENSG00000007944,ENSG00000007944.14,6.638631249,-0.27225935,0.828021796,1.03E-07,2.60E-06,2.07E-05,MYLIP
ENSG00000015676,ENSG00000015676.17,6.672543705,-0.205768245,0.86707684,9.79E-08,2.49E-06,2.07E-05,NUDCD3
ENSG00000019995,ENSG00000019995.6,6.763790799,0.292877267,1.225081108,1.02E-07,2.59E-06,2.07E-05,ZRANB1
ENSG00000065526,ENSG00000065526.10,7.859694393,-0.159689096,0.895217971,9.91E-08,2.52E-06,2.07E-05,SPEN
ENSG00000065923,ENSG00000065923.9,5.215594246,-0.390389461,0.762923623,9.28E-08,2.38E-06,2.07E-05,SLC9A7
ENSG00000066032,ENSG00000066032.18,-1.547573481,-0.535027268,0.690145632,9.80E-08,2.49E-06,2.07E-05,CTNNA2
ENSG00000096968,ENSG00000096968.13,7.708622262,0.322230551,1.250262085,8.79E-08,2.26E-06,2.07E-05,JAK2
ENSG00000100320,ENSG00000100320.22,0.524911761,-0.537919474,0.688763466,9.24E-08,2.37E-06,2.07E-05,RBFOX2
ENSG00000108592,ENSG00000108592.16,5.148005442,-0.246359644,0.843020931,8.95E-08,2.30E-06,2.07E-05,FTSJ3
ENSG00000111057,ENSG00000111057.10,0.893784073,-0.541968266,0.686833224,9.37E-08,2.40E-06,2.07E-05,KRT18
ENSG00000113742,ENSG00000113742.12,7.536086124,0.31235617,1.241734011,9.40E-08,2.40E-06,2.07E-05,CPEB4
ENSG00000114698,ENSG00000114698.14,0.718968084,0.682966533,1.605437535,1.03E-07,2.60E-06,2.07E-05,PLSCR4
ENSG00000121406,ENSG00000121406.8,4.706558637,-0.239773823,0.84687807,8.51E-08,2.20E-06,2.07E-05,ZNF549
ENSG00000127955,ENSG00000127955.15,0.211382236,-0.532774613,0.691224082,9.83E-08,2.50E-06,2.07E-05,GNAI1
ENSG00000132518,ENSG00000132518.6,-1.008397646,-0.585801475,0.666279091,8.77E-08,2.26E-06,2.07E-05,GUCY2D
ENSG00000141562,ENSG00000141562.17,5.977938555,0.334531204,1.260967598,9.81E-08,2.50E-06,2.07E-05,NARF
ENSG00000154262,ENSG00000154262.12,1.447702652,-0.71999141,0.607101057,9.01E-08,2.31E-06,2.07E-05,ABCA6
ENSG00000158411,ENSG00000158411.11,4.822616006,0.202868855,1.150984859,8.90E-08,2.29E-06,2.07E-05,MITD1
ENSG00000163378,ENSG00000163378.13,3.511783214,0.22074794,1.165337579,1.02E-07,2.57E-06,2.07E-05,EOGT
ENSG00000164070,ENSG00000164070.11,-0.98612408,0.590668231,1.505944113,8.80E-08,2.27E-06,2.07E-05,HSPA4L
ENSG00000164211,ENSG00000164211.12,4.464083333,0.375859441,1.297612337,9.92E-08,2.52E-06,2.07E-05,STARD4
ENSG00000166200,ENSG00000166200.14,5.231790201,0.387097593,1.30775981,9.63E-08,2.46E-06,2.07E-05,COPS2
ENSG00000170340,ENSG00000170340.10,5.196130408,0.253460632,1.192063123,9.71E-08,2.47E-06,2.07E-05,B3GNT2
ENSG00000177409,ENSG00000177409.11,7.954782541,0.487275219,1.40179484,9.57E-08,2.44E-06,2.07E-05,SAMD9L
ENSG00000183023,ENSG00000183023.18,7.253610336,0.407746682,1.326612185,8.76E-08,2.26E-06,2.07E-05,SLC8A1
ENSG00000185361,ENSG00000185361.8,3.81833685,-0.311403539,0.805857392,8.28E-08,2.15E-06,2.07E-05,TNFAIP8L1
ENSG00000221823,ENSG00000221823.10,6.988233373,0.430203648,1.347423763,8.77E-08,2.26E-06,2.07E-05,PPP3R1
ENSG00000227811,ENSG00000227811.2,0.958437726,-0.563240709,0.676780211,9.07E-08,2.33E-06,2.07E-05,INKA2-AS1
ENSG00000250305,ENSG00000250305.8,-0.586563709,0.613545857,1.530015064,1.03E-07,2.61E-06,2.07E-05,TRMT9B
ENSG00000277481,ENSG00000277481.1,1.046047379,0.82973717,1.777361533,1.01E-07,2.55E-06,2.07E-05,PKD1L3
ENSG00000279913,ENSG00000279913.1,2.426093759,0.384064501,1.305013291,8.67E-08,2.24E-06,2.07E-05,
ENSG00000007341,ENSG00000007341.18,3.841072398,0.180555997,1.133320569,1.45E-07,3.50E-06,2.37E-05,ST7L
ENSG00000013503,ENSG00000013503.9,4.084568209,-0.189455936,0.876936366,1.64E-07,3.89E-06,2.37E-05,POLR3B
ENSG00000024526,ENSG00000024526.16,-0.484224491,0.609788737,1.526035726,1.60E-07,3.81E-06,2.37E-05,DEPDC1
ENSG00000025772,ENSG00000025772.7,3.39098187,-0.305055009,0.809411354,1.61E-07,3.83E-06,2.37E-05,TOMM34
ENSG00000035499,ENSG00000035499.12,0.546275142,0.502243952,1.416414926,1.18E-07,2.95E-06,2.37E-05,DEPDC1B
ENSG00000054983,ENSG00000054983.16,6.08565115,0.191453571,1.141913659,1.33E-07,3.25E-06,2.37E-05,GALC
ENSG00000088325,ENSG00000088325.15,1.797388586,0.508332241,1.422404941,1.38E-07,3.37E-06,2.37E-05,TPX2
ENSG00000095397,ENSG00000095397.13,1.139687269,-0.655956113,0.634654749,1.30E-07,3.19E-06,2.37E-05,WHRN
ENSG00000100505,ENSG00000100505.13,1.675283456,0.63313947,1.550936339,1.69E-07,3.99E-06,2.37E-05,TRIM9
ENSG00000104320,ENSG00000104320.13,6.804979431,0.307354045,1.237436115,1.57E-07,3.76E-06,2.37E-05,NBN
ENSG00000104497,ENSG00000104497.13,3.522036056,0.402643688,1.32192808,1.35E-07,3.30E-06,2.37E-05,SNX16
ENSG00000107282,ENSG00000107282.7,0.715317198,-0.537582282,0.688924466,1.13E-07,2.84E-06,2.37E-05,APBA1
ENSG00000109332,ENSG00000109332.19,9.112000018,0.208676148,1.155627266,1.51E-07,3.64E-06,2.37E-05,UBE2D3
ENSG00000110077,ENSG00000110077.14,7.646642637,0.330658341,1.257587115,1.28E-07,3.15E-06,2.37E-05,MS4A6A
ENSG00000110799,ENSG00000110799.13,1.786368401,-0.718871106,0.607572676,1.37E-07,3.34E-06,2.37E-05,VWF
ENSG00000113811,ENSG00000113811.10,5.438578607,0.466423364,1.381679848,1.52E-07,3.65E-06,2.37E-05,SELENOK
ENSG00000114988,ENSG00000114988.11,3.807370005,-0.18076663,0.882234064,1.63E-07,3.88E-06,2.37E-05,LMAN2L
ENSG00000115204,ENSG00000115204.14,4.971871523,-0.177294685,0.884359777,1.49E-07,3.59E-06,2.37E-05,MPV17
ENSG00000115339,ENSG00000115339.13,5.226626231,0.292054142,1.224382341,1.51E-07,3.63E-06,2.37E-05,GALNT3
ENSG00000119523,ENSG00000119523.9,4.739847478,-0.163086066,0.893112571,1.40E-07,3.40E-06,2.37E-05,ALG2
ENSG00000120451,ENSG00000120451.10,7.225440416,-0.187009014,0.87842498,1.25E-07,3.09E-06,2.37E-05,SNX19
ENSG00000124224,ENSG00000124224.16,5.179930879,0.346514672,1.271485202,1.63E-07,3.88E-06,2.37E-05,PPP4R1L
ENSG00000126787,ENSG00000126787.12,1.030723015,0.637549138,1.555684104,1.08E-07,2.71E-06,2.37E-05,DLGAP5
ENSG00000127831,ENSG00000127831.10,1.744520017,-0.741389008,0.598163171,1.51E-07,3.62E-06,2.37E-05,VIL1
ENSG00000131174,ENSG00000131174.4,3.807048079,0.456196442,1.371920081,1.16E-07,2.89E-06,2.37E-05,COX7B
ENSG00000133401,ENSG00000133401.15,0.399479038,-0.569907022,0.673660203,1.40E-07,3.40E-06,2.37E-05,PDZD2
ENSG00000134072,ENSG00000134072.10,4.712762984,-0.417868726,0.7485296,1.51E-07,3.63E-06,2.37E-05,CAMK1
ENSG00000135636,ENSG00000135636.13,7.581457821,0.667756843,1.588601029,1.45E-07,3.51E-06,2.37E-05,DYSF
ENSG00000137210,ENSG00000137210.13,4.336160676,0.213254808,1.159300689,1.44E-07,3.48E-06,2.37E-05,TMEM14B
ENSG00000137815,ENSG00000137815.14,5.459761985,-0.168172595,0.889969257,1.56E-07,3.74E-06,2.37E-05,RTF1
ENSG00000139508,ENSG00000139508.14,5.117240217,0.171006857,1.125843937,1.04E-07,2.64E-06,2.37E-05,SLC46A3
ENSG00000140459,ENSG00000140459.17,-1.587005939,-0.486310222,0.713848475,1.03E-07,2.61E-06,2.37E-05,CYP11A1
ENSG00000142583,ENSG00000142583.17,1.656043826,0.572137154,1.486724318,1.62E-07,3.86E-06,2.37E-05,SLC2A5
ENSG00000142627,ENSG00000142627.12,-1.131381929,-0.556282192,0.680052394,1.17E-07,2.91E-06,2.37E-05,EPHA2
ENSG00000143811,ENSG00000143811.18,4.40811957,-0.220472865,0.858284075,1.22E-07,3.01E-06,2.37E-05,PYCR2
ENSG00000143970,ENSG00000143970.16,6.987303614,0.149305572,1.109035519,1.34E-07,3.27E-06,2.37E-05,ASXL2
ENSG00000146021,ENSG00000146021.14,4.303882519,-0.357987944,0.780252001,1.48E-07,3.56E-06,2.37E-05,KLHL3
ENSG00000153395,ENSG00000153395.9,6.907809198,-0.267023618,0.831032257,1.56E-07,3.74E-06,2.37E-05,LPCAT1
ENSG00000158481,ENSG00000158481.12,3.061566486,-0.433509151,0.740458533,1.64E-07,3.90E-06,2.37E-05,CD1C
ENSG00000159921,ENSG00000159921.14,4.524589275,-0.183832525,0.880361204,1.46E-07,3.52E-06,2.37E-05,GNE
ENSG00000162896,ENSG00000162896.5,-1.412699942,-0.654933887,0.635104595,1.16E-07,2.90E-06,2.37E-05,PIGR
ENSG00000163686,ENSG00000163686.14,3.406718659,-0.25534298,0.837787939,1.36E-07,3.33E-06,2.37E-05,ABHD6
ENSG00000163875,ENSG00000163875.15,5.222275415,-0.158971178,0.895663563,1.26E-07,3.11E-06,2.37E-05,MEAF6
ENSG00000164402,ENSG00000164402.13,2.676820622,0.345621917,1.270698638,1.65E-07,3.91E-06,2.37E-05,SEPTIN8
ENSG00000165140,ENSG00000165140.9,3.546355825,-0.390106408,0.763073321,1.15E-07,2.88E-06,2.37E-05,FBP1
ENSG00000166145,ENSG00000166145.14,3.565645539,-0.51186267,0.70131638,1.15E-07,2.87E-06,2.37E-05,SPINT1
ENSG00000166529,ENSG00000166529.14,2.923121091,-0.229851734,0.852722522,1.20E-07,2.98E-06,2.37E-05,ZSCAN21
ENSG00000167333,ENSG00000167333.12,3.755359462,-0.229403395,0.852987559,1.71E-07,4.02E-06,2.37E-05,TRIM68
ENSG00000167996,ENSG00000167996.15,7.604871641,0.403788697,1.322977657,1.52E-07,3.65E-06,2.37E-05,FTH1
ENSG00000168036,ENSG00000168036.16,8.117048499,-0.106857249,0.928608731,1.33E-07,3.25E-06,2.37E-05,CTNNB1
ENSG00000170442,ENSG00000170442.11,-1.541669108,-0.485961888,0.714020852,1.26E-07,3.10E-06,2.37E-05,KRT86
ENSG00000170486,ENSG00000170486.10,1.856077039,-1.111246521,0.462893907,1.69E-07,4.00E-06,2.37E-05,KRT72
ENSG00000170801,ENSG00000170801.9,-1.254085999,0.578650061,1.493451162,1.62E-07,3.85E-06,2.37E-05,HTRA3
ENSG00000170949,ENSG00000170949.17,6.121753499,-0.161207223,0.894276442,1.45E-07,3.52E-06,2.37E-05,ZNF160
ENSG00000174231,ENSG00000174231.16,7.998329514,-0.306836325,0.808412579,1.39E-07,3.39E-06,2.37E-05,PRPF8
ENSG00000174652,ENSG00000174652.17,6.751077398,-0.253152032,0.839061212,1.10E-07,2.77E-06,2.37E-05,ZNF266
ENSG00000175575,ENSG00000175575.12,3.729126433,-0.205532488,0.867218544,1.44E-07,3.50E-06,2.37E-05,PAAF1
ENSG00000178035,ENSG00000178035.11,5.403774495,-0.287253724,0.819460478,1.47E-07,3.55E-06,2.37E-05,IMPDH2
ENSG00000179918,ENSG00000179918.18,4.653061846,0.191470823,1.141927314,1.30E-07,3.20E-06,2.37E-05,SEPHS2
ENSG00000182957,ENSG00000182957.15,7.4423816,0.163442666,1.119956475,1.47E-07,3.55E-06,2.37E-05,SPATA13
ENSG00000184182,ENSG00000184182.18,4.445414598,0.214262107,1.160110403,1.67E-07,3.95E-06,2.37E-05,UBE2F
ENSG00000184828,ENSG00000184828.9,-1.285351416,-0.541871472,0.686879307,1.22E-07,3.03E-06,2.37E-05,ZBTB7C
ENSG00000186081,ENSG00000186081.11,-1.095491323,-0.61064037,0.654905944,1.70E-07,4.01E-06,2.37E-05,KRT5
ENSG00000186594,ENSG00000186594.14,3.58973329,0.261843504,1.199009844,1.45E-07,3.50E-06,2.37E-05,MIR22HG
ENSG00000187098,ENSG00000187098.14,2.365396322,0.355025943,1.279008581,1.47E-07,3.54E-06,2.37E-05,MITF
ENSG00000196218,ENSG00000196218.12,1.061661674,-0.504952637,0.704683512,1.14E-07,2.85E-06,2.37E-05,RYR1
ENSG00000197140,ENSG00000197140.14,-0.219514485,0.574933304,1.489608597,1.12E-07,2.81E-06,2.37E-05,ADAM32
ENSG00000197506,ENSG00000197506.7,-0.264743641,0.678172498,1.600111565,1.70E-07,4.01E-06,2.37E-05,SLC28A3
ENSG00000197763,ENSG00000197763.14,0.70048334,-0.520291327,0.697231025,1.20E-07,2.98E-06,2.37E-05,TXNRD3
ENSG00000198794,ENSG00000198794.11,-0.191992679,-0.614187442,0.653297742,1.54E-07,3.69E-06,2.37E-05,SCAMP5
ENSG00000198821,ENSG00000198821.10,7.47636559,-0.332143985,0.794355117,1.70E-07,4.01E-06,2.37E-05,CD247
ENSG00000204590,ENSG00000204590.12,5.136111909,-0.230523407,0.852325613,1.35E-07,3.31E-06,2.37E-05,GNL1
ENSG00000214797,ENSG00000214797.3,-0.002764993,-0.614694166,0.653068321,1.33E-07,3.26E-06,2.37E-05,
ENSG00000225783,ENSG00000225783.6,7.760360424,0.431618494,1.348745825,1.38E-07,3.36E-06,2.37E-05,MIAT
ENSG00000226266,ENSG00000226266.6,2.524913384,0.290180988,1.222793669,1.13E-07,2.83E-06,2.37E-05,
ENSG00000228382,ENSG00000228382.1,3.221798751,-0.358384057,0.7800378,1.67E-07,3.95E-06,2.37E-05,ITPKB-IT1
ENSG00000228526,ENSG00000228526.6,-0.775386361,0.551266658,1.465371699,1.28E-07,3.16E-06,2.37E-05,MIR34AHG
ENSG00000229106,ENSG00000229106.1,2.312064383,-0.579350118,0.669265189,1.19E-07,2.96E-06,2.37E-05,BTBD6P1
ENSG00000230551,ENSG00000230551.4,6.015162124,0.241939026,1.182581019,1.68E-07,3.96E-06,2.37E-05,
ENSG00000232542,ENSG00000232542.1,2.291727997,0.349103683,1.273769015,1.46E-07,3.53E-06,2.37E-05,DPYD-IT1
ENSG00000245888,ENSG00000245888.6,0.881769517,0.400949119,1.320376273,1.36E-07,3.32E-06,2.37E-05,NSMCE1-DT
ENSG00000249042,ENSG00000249042.5,-0.571058104,0.543813822,1.457821237,1.11E-07,2.78E-06,2.37E-05,FAM151B-DT
ENSG00000249173,ENSG00000249173.5,-1.590213805,0.585260653,1.500310027,1.33E-07,3.26E-06,2.37E-05,LINC01093
ENSG00000251379,ENSG00000251379.1,1.508487298,0.605012849,1.5209923,1.58E-07,3.77E-06,2.37E-05,
ENSG00000253115,ENSG00000253115.1,-0.757571858,0.567831453,1.482293826,1.33E-07,3.26E-06,2.37E-05,
ENSG00000258101,ENSG00000258101.2,1.537235578,0.552150331,1.466269537,1.53E-07,3.67E-06,2.37E-05,
ENSG00000261211,ENSG00000261211.1,0.818183508,0.685792492,1.608585356,1.67E-07,3.96E-06,2.37E-05,
ENSG00000012963,ENSG00000012963.14,4.54301312,-0.158942801,0.89568118,2.43E-07,5.47E-06,3.43E-05,UBR7
ENSG00000077254,ENSG00000077254.14,7.139568346,0.165738217,1.121739918,2.45E-07,5.50E-06,3.43E-05,USP33
ENSG00000078140,ENSG00000078140.13,5.844325211,0.193905944,1.143856398,1.90E-07,4.42E-06,3.43E-05,UBE2K
ENSG00000099204,ENSG00000099204.18,7.411863637,-0.320911216,0.800564076,2.50E-07,5.59E-06,3.43E-05,ABLIM1
ENSG00000100994,ENSG00000100994.11,5.698998738,-0.387420471,0.764495296,2.18E-07,4.98E-06,3.43E-05,PYGB
ENSG00000102760,ENSG00000102760.12,5.369207952,0.42345679,1.341137158,2.43E-07,5.45E-06,3.43E-05,RGCC
ENSG00000102781,ENSG00000102781.13,4.286095842,0.267575138,1.203782825,1.71E-07,4.03E-06,3.43E-05,KATNAL1
ENSG00000103485,ENSG00000103485.17,0.54348064,-0.501981688,0.706136165,2.00E-07,4.63E-06,3.43E-05,QPRT
ENSG00000112234,ENSG00000112234.8,6.638174534,0.187916965,1.139117813,2.02E-07,4.67E-06,3.43E-05,FBXL4
ENSG00000112799,ENSG00000112799.8,4.59198859,-0.317004731,0.802734756,2.04E-07,4.71E-06,3.43E-05,LY86
ENSG00000116898,ENSG00000116898.11,3.878299692,0.212229487,1.158477069,2.20E-07,5.02E-06,3.43E-05,MRPS15
ENSG00000120156,ENSG00000120156.20,0.760221134,-0.881497931,0.542803553,2.52E-07,5.63E-06,3.43E-05,TEK
ENSG00000124098,ENSG00000124098.9,8.689544383,0.757375559,1.690412756,2.44E-07,5.48E-06,3.43E-05,FAM210B
ENSG00000125257,ENSG00000125257.13,6.004688947,0.477915126,1.392729544,2.26E-07,5.14E-06,3.43E-05,ABCC4
ENSG00000126351,ENSG00000126351.12,3.586105118,-0.374798222,0.771213269,1.85E-07,4.31E-06,3.43E-05,THRA
ENSG00000127586,ENSG00000127586.16,2.802316419,-0.508584807,0.702911612,2.34E-07,5.28E-06,3.43E-05,CHTF18
ENSG00000130635,ENSG00000130635.15,-0.602826685,-0.628302803,0.646937029,2.39E-07,5.39E-06,3.43E-05,COL5A1
ENSG00000131080,ENSG00000131080.14,0.107905478,0.526569673,1.440500013,2.00E-07,4.63E-06,3.43E-05,EDA2R
ENSG00000131378,ENSG00000131378.13,5.857722694,-0.214245603,0.861996787,2.14E-07,4.90E-06,3.43E-05,RFTN1
ENSG00000133812,ENSG00000133812.15,7.231160116,0.294144503,1.226157668,2.09E-07,4.80E-06,3.43E-05,SBF2
ENSG00000137944,ENSG00000137944.17,4.358829413,0.217724854,1.162898237,1.85E-07,4.32E-06,3.43E-05,KYAT3
ENSG00000138175,ENSG00000138175.8,2.459216682,0.263511977,1.200397298,1.78E-07,4.17E-06,3.43E-05,ARL3
ENSG00000139354,ENSG00000139354.10,1.585772417,0.450972238,1.366961147,1.83E-07,4.28E-06,3.43E-05,GAS2L3
ENSG00000140941,ENSG00000140941.12,6.211961302,0.275989185,1.210824007,1.93E-07,4.48E-06,3.43E-05,MAP1LC3B
ENSG00000143374,ENSG00000143374.16,3.99620844,-0.243398619,0.844752946,2.15E-07,4.92E-06,3.43E-05,TARS2
ENSG00000143578,ENSG00000143578.15,2.419509784,-0.303559923,0.810250593,1.83E-07,4.27E-06,3.43E-05,CREB3L4
ENSG00000143776,ENSG00000143776.18,3.929280231,0.567914152,1.482378798,2.51E-07,5.62E-06,3.43E-05,CDC42BPA
ENSG00000144021,ENSG00000144021.2,6.379307241,-0.085848626,0.942230132,2.17E-07,4.96E-06,3.43E-05,CIAO1
ENSG00000144815,ENSG00000144815.15,5.863950474,0.172286043,1.126842626,2.48E-07,5.55E-06,3.43E-05,NXPE3
ENSG00000146834,ENSG00000146834.13,5.092735229,-0.297737218,0.813527366,2.53E-07,5.65E-06,3.43E-05,MEPCE
ENSG00000148296,ENSG00000148296.6,4.960128012,-0.204121202,0.868067297,2.32E-07,5.26E-06,3.43E-05,SURF6
ENSG00000149480,ENSG00000149480.6,6.759661881,-0.24490371,0.843872117,1.97E-07,4.55E-06,3.43E-05,MTA2
ENSG00000152684,ENSG00000152684.10,3.848031323,0.266772527,1.203113313,2.05E-07,4.73E-06,3.43E-05,PELO
ENSG00000154309,ENSG00000154309.8,2.691874184,-0.267806215,0.830581581,2.48E-07,5.54E-06,3.43E-05,DISP1
ENSG00000155008,ENSG00000155008.13,3.114023981,0.237026513,1.178561066,1.84E-07,4.31E-06,3.43E-05,APOOL
ENSG00000155016,ENSG00000155016.17,3.702602327,-0.267358503,0.830839376,1.86E-07,4.33E-06,3.43E-05,CYP2U1
ENSG00000156853,ENSG00000156853.12,4.074695318,-0.199441227,0.870887803,1.89E-07,4.41E-06,3.43E-05,ZNF689
ENSG00000156966,ENSG00000156966.6,0.480650352,-0.569990472,0.673621237,2.42E-07,5.44E-06,3.43E-05,B3GNT7
ENSG00000162894,ENSG00000162894.11,5.385158362,-0.371524584,0.772965226,1.77E-07,4.15E-06,3.43E-05,FCMR
ENSG00000162946,ENSG00000162946.21,5.82415135,0.34586062,1.2709089,2.38E-07,5.37E-06,3.43E-05,DISC1
ENSG00000163558,ENSG00000163558.12,4.559206436,0.225561367,1.16923212,2.29E-07,5.19E-06,3.43E-05,PRKCI
ENSG00000167107,ENSG00000167107.12,3.689537574,-0.349365059,0.784929475,2.06E-07,4.74E-06,3.43E-05,ACSF2
ENSG00000173281,ENSG00000173281.4,7.618412534,0.439205718,1.355857649,2.06E-07,4.74E-06,3.43E-05,PPP1R3B
ENSG00000173988,ENSG00000173988.12,0.224649012,0.460040005,1.375579961,2.14E-07,4.91E-06,3.43E-05,LRRC63
ENSG00000177173,ENSG00000177173.5,3.681696205,0.296917291,1.228516548,2.26E-07,5.14E-06,3.43E-05,NAP1L4P1
ENSG00000177733,ENSG00000177733.6,5.953076079,-0.218325848,0.859562323,2.39E-07,5.39E-06,3.43E-05,HNRNPA0
ENSG00000178695,ENSG00000178695.5,6.932210628,0.311137626,1.240685648,1.90E-07,4.42E-06,3.43E-05,KCTD12
ENSG00000178922,ENSG00000178922.16,2.394085476,-0.376145414,0.770493444,1.73E-07,4.07E-06,3.43E-05,HYI
ENSG00000180644,ENSG00000180644.7,7.140473252,-0.557294859,0.679575215,2.33E-07,5.27E-06,3.43E-05,PRF1
ENSG00000181191,ENSG00000181191.11,3.785394876,-0.302700644,0.810733328,2.19E-07,4.99E-06,3.43E-05,PJA1
ENSG00000183508,ENSG00000183508.4,10.67897054,0.842270377,1.792869371,1.89E-07,4.41E-06,3.43E-05,TENT5C
ENSG00000183624,ENSG00000183624.13,5.107687789,-0.2138433,0.862237193,2.22E-07,5.05E-06,3.43E-05,HMCES
ENSG00000183914,ENSG00000183914.14,-1.171834203,-0.592282362,0.663292739,2.45E-07,5.50E-06,3.43E-05,DNAH2
ENSG00000188243,ENSG00000188243.12,2.936301213,0.639984216,1.558312111,2.26E-07,5.13E-06,3.43E-05,COMMD6
ENSG00000189221,ENSG00000189221.9,0.865225757,1.096971344,2.139051687,2.00E-07,4.63E-06,3.43E-05,MAOA
ENSG00000196943,ENSG00000196943.12,5.66619072,-0.237717337,0.848086111,2.26E-07,5.14E-06,3.43E-05,NOP9
ENSG00000198155,ENSG00000198155.5,1.523394573,-0.449957413,0.732064458,2.28E-07,5.18E-06,3.43E-05,ZNF876P
ENSG00000198826,ENSG00000198826.10,2.388824916,0.426932832,1.344372403,1.99E-07,4.60E-06,3.43E-05,ARHGAP11A
ENSG00000198918,ENSG00000198918.7,5.814106301,0.608676828,1.524860038,2.24E-07,5.10E-06,3.43E-05,RPL39
ENSG00000213762,ENSG00000213762.11,5.22623581,-0.193780951,0.87431136,2.50E-07,5.60E-06,3.43E-05,ZNF134
ENSG00000215126,ENSG00000215126.10,2.835779992,0.409625357,1.328340822,2.32E-07,5.25E-06,3.43E-05,ZNG1F
ENSG00000225900,ENSG00000225900.1,0.739683792,0.448028253,1.36417455,1.90E-07,4.42E-06,3.43E-05,HSPE1P13
ENSG00000227953,ENSG00000227953.6,0.896861248,-0.522935482,0.695954319,2.26E-07,5.14E-06,3.43E-05,LINC01341
ENSG00000236548,ENSG00000236548.1,-0.884218722,0.52892877,1.442857447,1.81E-07,4.24E-06,3.43E-05,RNF217-AS1
ENSG00000237036,ENSG00000237036.4,1.795676758,0.296239601,1.227939602,1.86E-07,4.34E-06,3.43E-05,ZEB1-AS1
ENSG00000243317,ENSG00000243317.7,5.723161877,0.448151004,1.364290625,2.00E-07,4.63E-06,3.43E-05,STMP1
ENSG00000245958,ENSG00000245958.6,5.431095748,0.241636587,1.182333135,2.03E-07,4.68E-06,3.43E-05,SEPTIN7P14
ENSG00000253364,ENSG00000253364.2,-0.721064068,-0.754162373,0.592890517,2.02E-07,4.67E-06,3.43E-05,COPDA1
ENSG00000255423,ENSG00000255423.1,3.858887573,0.213229759,1.159280561,1.77E-07,4.15E-06,3.43E-05,EBLN2
ENSG00000260386,ENSG00000260386.6,-0.756532749,-0.595199405,0.661952956,2.26E-07,5.13E-06,3.43E-05,LDC1P
ENSG00000272563,ENSG00000272563.1,-1.329321839,0.504696967,1.418825306,2.45E-07,5.50E-06,3.43E-05,
ENSG00000275278,ENSG00000275278.1,-0.04786944,0.608113145,1.524264368,2.40E-07,5.41E-06,3.43E-05,
ENSG00000279361,ENSG00000279361.1,2.520014549,-0.33357886,0.79356546,2.29E-07,5.20E-06,3.43E-05,
ENSG00000280381,ENSG00000280381.1,2.061970524,-0.578591728,0.669617098,2.51E-07,5.61E-06,3.43E-05,
ENSG00000282508,ENSG00000282508.1,3.1599354,0.545991116,1.46002302,2.11E-07,4.85E-06,3.43E-05,LINC01002
ENSG00000231160,ENSG00000231160.9,2.293282702,-0.421007964,0.746902606,2.53E-07,5.66E-06,3.54E-05,KLF3-AS1
ENSG00000006607,ENSG00000006607.13,5.032247507,-0.241213638,0.846033305,2.95E-07,6.45E-06,4.49E-05,FARP2
ENSG00000009307,ENSG00000009307.15,9.23334641,0.236897596,1.178455757,2.68E-07,5.94E-06,4.49E-05,CSDE1
ENSG00000072401,ENSG00000072401.14,6.147455736,0.430489715,1.347690966,3.02E-07,6.59E-06,4.49E-05,UBE2D1
ENSG00000085563,ENSG00000085563.14,4.403950316,-0.397894723,0.758965008,2.55E-07,5.68E-06,4.49E-05,ABCB1
ENSG00000109065,ENSG00000109065.11,4.384280006,-0.283453035,0.821622141,2.98E-07,6.50E-06,4.49E-05,NAT9
ENSG00000112182,ENSG00000112182.14,5.775761817,-0.445860344,0.734146382,2.70E-07,5.98E-06,4.49E-05,BACH2
ENSG00000112212,ENSG00000112212.11,1.034110192,0.815699831,1.76015177,2.76E-07,6.10E-06,4.49E-05,TSPO2
ENSG00000113391,ENSG00000113391.18,5.55553062,0.204058485,1.151934339,2.97E-07,6.48E-06,4.49E-05,FAM172A
ENSG00000114999,ENSG00000114999.7,5.189654488,0.203661141,1.151617119,2.82E-07,6.21E-06,4.49E-05,TTL
ENSG00000117222,ENSG00000117222.13,5.919496105,-0.123914343,0.917694367,2.76E-07,6.10E-06,4.49E-05,RBBP5
ENSG00000120053,ENSG00000120053.10,3.25641921,-0.255225829,0.837855972,2.80E-07,6.17E-06,4.49E-05,GOT1
ENSG00000130449,ENSG00000130449.5,6.417372527,0.221349585,1.165823659,2.89E-07,6.33E-06,4.49E-05,ZSWIM6
ENSG00000130772,ENSG00000130772.13,4.265571811,-0.19186299,0.875474468,2.67E-07,5.92E-06,4.49E-05,MED18
ENSG00000133256,ENSG00000133256.12,2.207496654,-0.330699919,0.795150625,2.99E-07,6.52E-06,4.49E-05,PDE6B
ENSG00000134419,ENSG00000134419.15,5.824471435,0.397494582,1.317218411,2.86E-07,6.27E-06,4.49E-05,RPS15A
ENSG00000137656,ENSG00000137656.11,4.530837468,-0.157120539,0.896813227,3.02E-07,6.58E-06,4.49E-05,BUD13
ENSG00000138002,ENSG00000138002.14,3.922671797,-0.278983781,0.82417135,2.81E-07,6.19E-06,4.49E-05,IFT172
ENSG00000139304,ENSG00000139304.12,-1.846924049,-0.345460462,0.787056733,2.61E-07,5.80E-06,4.49E-05,PTPRQ
ENSG00000149557,ENSG00000149557.12,1.491317181,-0.579589096,0.669154337,2.71E-07,5.99E-06,4.49E-05,FEZ1
ENSG00000154914,ENSG00000154914.16,-0.243622791,-0.563912274,0.676465248,2.67E-07,5.91E-06,4.49E-05,USP43
ENSG00000167034,ENSG00000167034.9,1.825219568,-1.260256236,0.417469807,2.72E-07,6.02E-06,4.49E-05,NKX3-1
ENSG00000168079,ENSG00000168079.16,-0.928577263,-0.611377142,0.654571574,3.00E-07,6.54E-06,4.49E-05,SCARA5
ENSG00000171204,ENSG00000171204.12,3.783520307,0.299329197,1.230572107,2.93E-07,6.41E-06,4.49E-05,TMEM126B
ENSG00000198400,ENSG00000198400.11,-0.382050612,-0.722539328,0.606029813,3.03E-07,6.59E-06,4.49E-05,NTRK1
ENSG00000198830,ENSG00000198830.10,7.023574564,-0.158620792,0.895881119,2.71E-07,5.99E-06,4.49E-05,HMGN2
ENSG00000204086,ENSG00000204086.4,1.450589687,0.329366138,1.256461215,2.99E-07,6.53E-06,4.49E-05,RPA4
ENSG00000224388,ENSG00000224388.1,0.071831329,-0.643642063,0.640094997,2.64E-07,5.85E-06,4.49E-05,BACE2-IT1
ENSG00000231304,ENSG00000231304.2,2.230048279,0.403226286,1.322462016,2.70E-07,5.98E-06,4.49E-05,SGO1-AS1
ENSG00000231424,ENSG00000231424.2,-1.652498614,-0.548874342,0.68355326,2.69E-07,5.95E-06,4.49E-05,
ENSG00000250562,ENSG00000250562.1,-1.891332123,0.329713947,1.256764162,2.70E-07,5.98E-06,4.49E-05,RPL38P4
ENSG00000251431,ENSG00000251431.1,-1.750487313,0.364502233,1.287437353,2.85E-07,6.26E-06,4.49E-05,
ENSG00000259150,ENSG00000259150.5,-1.842445156,-0.342993429,0.788403765,2.78E-07,6.13E-06,4.49E-05,LINC00929
ENSG00000269887,ENSG00000269887.1,0.278671845,0.677311979,1.599157437,3.02E-07,6.58E-06,4.49E-05,
ENSG00000271461,ENSG00000271461.1,2.470116032,0.515237294,1.4292292,2.84E-07,6.25E-06,4.49E-05,CKAP2LP1
ENSG00000012822,ENSG00000012822.15,6.99269472,-0.268783795,0.830018965,3.45E-07,7.37E-06,4.92E-05,CALCOCO1
ENSG00000013275,ENSG00000013275.7,5.27736587,-0.279341982,0.823966745,3.54E-07,7.55E-06,4.92E-05,PSMC4
ENSG00000057704,ENSG00000057704.12,6.738062507,-0.40390499,0.755809737,3.15E-07,6.82E-06,4.92E-05,TMCC3
ENSG00000060140,ENSG00000060140.8,1.889167425,0.600352423,1.516086872,3.17E-07,6.86E-06,4.92E-05,STYK1
ENSG00000081019,ENSG00000081019.13,6.295656932,0.164348267,1.120659709,3.15E-07,6.82E-06,4.92E-05,RSBN1
ENSG00000100292,ENSG00000100292.16,4.889162558,-0.4574768,0.728258833,3.57E-07,7.59E-06,4.92E-05,HMOX1
ENSG00000104043,ENSG00000104043.14,6.0089559,0.323092399,1.2510092,3.26E-07,7.02E-06,4.92E-05,ATP8B4
ENSG00000105639,ENSG00000105639.18,7.389898271,0.419410644,1.337381109,3.37E-07,7.23E-06,4.92E-05,JAK3
ENSG00000106070,ENSG00000106070.17,3.694852509,0.520755984,1.434706849,3.69E-07,7.81E-06,4.92E-05,GRB10
ENSG00000114127,ENSG00000114127.10,8.083428476,0.218124609,1.163220507,3.24E-07,7.00E-06,4.92E-05,XRN1
ENSG00000114650,ENSG00000114650.18,5.777301522,-0.400048675,0.757832714,3.18E-07,6.88E-06,4.92E-05,SCAP
ENSG00000117036,ENSG00000117036.11,5.934766074,-0.115464169,0.923085272,3.41E-07,7.30E-06,4.92E-05,ETV3
ENSG00000122862,ENSG00000122862.4,9.951726689,0.411859521,1.330399491,3.72E-07,7.85E-06,4.92E-05,SRGN
ENSG00000128266,ENSG00000128266.8,3.976040225,-0.649179813,0.637642717,3.50E-07,7.46E-06,4.92E-05,GNAZ
ENSG00000132185,ENSG00000132185.16,3.92733281,-0.691025017,0.619413608,3.68E-07,7.78E-06,4.92E-05,FCRLA
ENSG00000134215,ENSG00000134215.15,6.771278143,0.201156137,1.14961926,3.41E-07,7.30E-06,4.92E-05,VAV3
ENSG00000136021,ENSG00000136021.18,6.736991859,0.185323526,1.137071934,3.44E-07,7.36E-06,4.92E-05,SCYL2
ENSG00000141499,ENSG00000141499.16,2.95723627,-0.282712385,0.822044053,3.39E-07,7.27E-06,4.92E-05,WRAP53
ENSG00000145362,ENSG00000145362.17,-0.631962606,-0.777563581,0.583351123,3.37E-07,7.22E-06,4.92E-05,ANK2
ENSG00000145491,ENSG00000145491.11,3.692205921,0.475253226,1.390162203,3.58E-07,7.61E-06,4.92E-05,ROPN1L
ENSG00000149262,ENSG00000149262.16,5.655128269,-0.123937815,0.917679436,3.23E-07,6.96E-06,4.92E-05,INTS4
ENSG00000154957,ENSG00000154957.13,5.130305553,-0.161172357,0.894298055,3.67E-07,7.77E-06,4.92E-05,ZNF18
ENSG00000155368,ENSG00000155368.16,4.226374518,0.361123425,1.284425689,3.48E-07,7.43E-06,4.92E-05,DBI
ENSG00000157184,ENSG00000157184.6,4.755669306,-0.1488591,0.901963464,3.62E-07,7.68E-06,4.92E-05,CPT2
ENSG00000166126,ENSG00000166126.10,0.292907991,-0.582250908,0.667920867,3.35E-07,7.18E-06,4.92E-05,AMN
ENSG00000168234,ENSG00000168234.12,6.322434438,0.225456884,1.169147444,3.63E-07,7.69E-06,4.92E-05,TTC39C
ENSG00000170485,ENSG00000170485.16,-0.222893937,-0.666230938,0.630150817,3.40E-07,7.28E-06,4.92E-05,NPAS2
ENSG00000172939,ENSG00000172939.8,6.565494554,0.177055232,1.130573849,3.25E-07,7.01E-06,4.92E-05,OXSR1
ENSG00000176624,ENSG00000176624.10,6.531284046,-0.230312646,0.852450137,3.04E-07,6.61E-06,4.92E-05,MEX3C
ENSG00000180730,ENSG00000180730.4,-1.360173933,-0.549606734,0.683206339,3.56E-07,7.57E-06,4.92E-05,SHISA2
ENSG00000182307,ENSG00000182307.12,4.592137049,-0.179399674,0.883070378,3.56E-07,7.57E-06,4.92E-05,C8orf33
ENSG00000183549,ENSG00000183549.10,-1.783793085,-0.363407166,0.777326623,3.19E-07,6.90E-06,4.92E-05,ACSM5
ENSG00000185252,ENSG00000185252.18,3.417375126,-0.294909558,0.81512343,3.63E-07,7.71E-06,4.92E-05,ZNF74
ENSG00000187147,ENSG00000187147.17,5.647284331,-0.220362354,0.858349822,3.51E-07,7.48E-06,4.92E-05,RNF220
ENSG00000196072,ENSG00000196072.11,4.399069431,0.339057848,1.264930262,3.46E-07,7.39E-06,4.92E-05,BLOC1S2
ENSG00000198948,ENSG00000198948.11,5.266960636,-0.496595033,0.708777625,3.71E-07,7.83E-06,4.92E-05,MFAP3L
ENSG00000204524,ENSG00000204524.6,5.124551371,-0.137527583,0.909075748,3.31E-07,7.12E-06,4.92E-05,ZNF805
ENSG00000215244,ENSG00000215244.2,3.741357561,0.605398962,1.521399422,3.15E-07,6.82E-06,4.92E-05,LINC02649
ENSG00000217275,ENSG00000217275.2,0.247865766,0.608140383,1.524293146,3.40E-07,7.29E-06,4.92E-05,
ENSG00000231165,ENSG00000231165.3,-1.41039187,-0.481273645,0.716344939,3.28E-07,7.07E-06,4.92E-05,TRBV26OR9-2
ENSG00000242779,ENSG00000242779.6,0.814969466,-0.629640938,0.646337258,3.55E-07,7.56E-06,4.92E-05,ZNF702P
ENSG00000267711,ENSG00000267711.1,-0.592942143,0.546652437,1.460692437,3.33E-07,7.16E-06,4.92E-05,
ENSG00000282988,ENSG00000282988.1,2.517344283,0.546868846,1.460911562,3.45E-07,7.37E-06,4.92E-05,
ENSG00000034239,ENSG00000034239.10,-1.391991792,-0.582911396,0.667615152,3.76E-07,7.93E-06,6.55E-05,CLXN
ENSG00000205846,ENSG00000205846.3,1.493227223,0.591945462,1.507277929,3.72E-07,7.86E-06,6.55E-05,CLEC6A
ENSG00000064989,ENSG00000064989.12,2.041468724,0.466684801,1.38193025,4.64E-07,9.52E-06,6.60E-05,CALCRL
ENSG00000065534,ENSG00000065534.18,4.339525458,-0.576742257,0.670476068,4.54E-07,9.34E-06,6.60E-05,MYLK
ENSG00000108389,ENSG00000108389.9,6.517820893,-0.15973794,0.895187663,4.74E-07,9.70E-06,6.60E-05,MTMR4
ENSG00000110723,ENSG00000110723.11,2.242059072,-0.441440419,0.736399004,4.40E-07,9.10E-06,6.60E-05,EXPH5
ENSG00000112218,ENSG00000112218.8,0.306984009,0.581533721,1.49643926,4.22E-07,8.77E-06,6.60E-05,GPR63
ENSG00000115828,ENSG00000115828.15,6.595813858,0.479660283,1.39441528,4.19E-07,8.72E-06,6.60E-05,QPCT
ENSG00000118689,ENSG00000118689.14,8.281011091,0.515475891,1.429465589,4.56E-07,9.39E-06,6.60E-05,FOXO3
ENSG00000120137,ENSG00000120137.6,6.946434151,0.167092575,1.122793467,4.13E-07,8.61E-06,6.60E-05,PANK3
ENSG00000127837,ENSG00000127837.9,5.308283289,-0.343564177,0.788091924,4.56E-07,9.39E-06,6.60E-05,AAMP
ENSG00000129493,ENSG00000129493.14,5.118122929,-0.234659945,0.849885301,4.72E-07,9.67E-06,6.60E-05,HEATR5A
ENSG00000131480,ENSG00000131480.8,3.379366098,-0.535242106,0.690042867,3.94E-07,8.27E-06,6.60E-05,AOC2
ENSG00000135480,ENSG00000135480.15,-1.238077514,0.51348735,1.42749664,4.52E-07,9.32E-06,6.60E-05,KRT7
ENSG00000136147,ENSG00000136147.17,6.008087168,0.20386714,1.151781568,4.63E-07,9.50E-06,6.60E-05,PHF11
ENSG00000136603,ENSG00000136603.13,5.654337111,0.28841092,1.221294322,4.17E-07,8.68E-06,6.60E-05,SKIL
ENSG00000137727,ENSG00000137727.12,-0.673647903,-0.627324115,0.647376044,4.67E-07,9.57E-06,6.60E-05,ARHGAP20
ENSG00000138326,ENSG00000138326.18,6.48944646,0.56466009,1.479038996,4.11E-07,8.57E-06,6.60E-05,RPS24
ENSG00000140030,ENSG00000140030.5,6.237462657,0.323946292,1.251749858,4.13E-07,8.61E-06,6.60E-05,GPR65
ENSG00000145569,ENSG00000145569.5,5.940396951,0.228262675,1.171423445,3.92E-07,8.23E-06,6.60E-05,OTULINL
ENSG00000149182,ENSG00000149182.14,6.724549433,-0.224387405,0.855958404,4.76E-07,9.73E-06,6.60E-05,ARFGAP2
ENSG00000149474,ENSG00000149474.13,4.45509087,-0.213009898,0.862735426,3.76E-07,7.93E-06,6.60E-05,KAT14
ENSG00000152061,ENSG00000152061.23,8.360796027,-0.186190045,0.878923773,3.78E-07,7.98E-06,6.60E-05,RABGAP1L
ENSG00000152229,ENSG00000152229.18,5.948710897,0.332616305,1.259295017,4.71E-07,9.65E-06,6.60E-05,PSTPIP2
ENSG00000153214,ENSG00000153214.9,5.469189975,0.172014155,1.126630282,4.45E-07,9.19E-06,6.60E-05,TMEM87B
ENSG00000155463,ENSG00000155463.12,6.358043417,-0.136578652,0.909673889,3.86E-07,8.12E-06,6.60E-05,OXA1L
ENSG00000156675,ENSG00000156675.15,8.792234188,-0.364697846,0.776631514,4.62E-07,9.49E-06,6.60E-05,RAB11FIP1
ENSG00000163577,ENSG00000163577.7,2.929623955,0.348434662,1.273178467,4.09E-07,8.53E-06,6.60E-05,EIF5A2
ENSG00000165671,ENSG00000165671.19,8.248870072,-0.150973865,0.900642295,4.65E-07,9.54E-06,6.60E-05,NSD1
ENSG00000166035,ENSG00000166035.10,1.282092783,-0.661512431,0.632215175,4.22E-07,8.77E-06,6.60E-05,LIPC
ENSG00000167447,ENSG00000167447.12,4.778881171,-0.165218073,0.891793709,3.89E-07,8.17E-06,6.60E-05,SMG8
ENSG00000168883,ENSG00000168883.19,5.485027997,-0.118068594,0.921420375,4.23E-07,8.79E-06,6.60E-05,USP39
ENSG00000171385,ENSG00000171385.9,0.241451532,-0.664512528,0.630901844,4.33E-07,8.97E-06,6.60E-05,KCND3
ENSG00000172007,ENSG00000172007.5,5.132552461,0.284471698,1.217964174,4.71E-07,9.65E-06,6.60E-05,RAB33B
ENSG00000174473,ENSG00000174473.15,-0.77612678,-0.752536598,0.593559023,4.32E-07,8.95E-06,6.60E-05,GALNTL6
ENSG00000174482,ENSG00000174482.10,1.058141818,-0.777202748,0.583497044,4.70E-07,9.63E-06,6.60E-05,LINGO2
ENSG00000178538,ENSG00000178538.9,1.262495294,-0.705723382,0.613134979,4.05E-07,8.46E-06,6.60E-05,CA8
ENSG00000204580,ENSG00000204580.13,1.146461752,-0.531559037,0.691806734,4.13E-07,8.61E-06,6.60E-05,DDR1
ENSG00000229715,ENSG00000229715.4,3.821280783,0.357187474,1.280926304,4.47E-07,9.23E-06,6.60E-05,EEF1DP3
ENSG00000231440,ENSG00000231440.1,-1.530182057,0.469666857,1.384789659,4.38E-07,9.06E-06,6.60E-05,
ENSG00000234436,ENSG00000234436.1,0.506804003,0.6256818,1.542939828,4.23E-07,8.78E-06,6.60E-05,
ENSG00000235192,ENSG00000235192.1,2.579319614,0.385694034,1.306488145,4.14E-07,8.63E-06,6.60E-05,
ENSG00000248697,ENSG00000248697.1,1.01248786,0.511439674,1.425471973,4.56E-07,9.38E-06,6.60E-05,TOX4P1
ENSG00000259162,ENSG00000259162.1,-0.485941029,-0.567734724,0.674675312,4.37E-07,9.04E-06,6.60E-05,
ENSG00000259379,ENSG00000259379.1,2.558994077,0.62799611,1.545416932,4.34E-07,9.00E-06,6.60E-05,MTND5P32
ENSG00000260528,ENSG00000260528.4,4.876048615,0.616280076,1.532917522,3.86E-07,8.11E-06,6.60E-05,FAM157C
ENSG00000268833,ENSG00000268833.1,-0.50639066,0.627084997,1.544441254,4.19E-07,8.72E-06,6.60E-05,
ENSG00000275342,ENSG00000275342.4,2.495906027,-0.465026032,0.724458005,4.03E-07,8.43E-06,6.60E-05,PRAG1
ENSG00000278195,ENSG00000278195.1,2.307626958,-0.601893678,0.658888532,4.32E-07,8.95E-06,6.60E-05,SSTR3
ENSG00000042980,ENSG00000042980.12,5.76832166,-0.414669711,0.750191223,4.76E-07,9.73E-06,7.79E-05,ADAM28
ENSG00000075413,ENSG00000075413.17,7.869207066,0.264361942,1.201104722,4.94E-07,1.00E-05,7.79E-05,MARK3
ENSG00000106682,ENSG00000106682.14,7.079899697,-0.168642033,0.889679717,5.07E-07,1.03E-05,7.79E-05,EIF4H
ENSG00000120659,ENSG00000120659.14,-0.999202242,-0.565230016,0.675847654,5.04E-07,1.02E-05,7.79E-05,TNFSF11
ENSG00000122176,ENSG00000122176.10,-1.779455592,-0.650330966,0.637134133,5.07E-07,1.03E-05,7.79E-05,FMOD
ENSG00000123505,ENSG00000123505.15,7.60828319,-0.199745722,0.870704013,4.92E-07,1.00E-05,7.79E-05,AMD1
ENSG00000124788,ENSG00000124788.17,7.659177574,0.250329197,1.189478502,4.86E-07,9.90E-06,7.79E-05,ATXN1
ENSG00000151694,ENSG00000151694.12,6.47104535,0.192426526,1.142684026,4.88E-07,9.94E-06,7.79E-05,ADAM17
ENSG00000152078,ENSG00000152078.9,3.779535951,0.629513197,1.547042893,5.02E-07,1.02E-05,7.79E-05,TLCD4
ENSG00000169895,ENSG00000169895.5,5.330326772,-0.168326799,0.889874137,5.04E-07,1.02E-05,7.79E-05,SYAP1
ENSG00000203666,ENSG00000203666.12,2.474582081,0.367585533,1.290191782,4.79E-07,9.79E-06,7.79E-05,EFCAB2
ENSG00000216937,ENSG00000216937.13,4.855718325,0.363525062,1.286565638,4.87E-07,9.93E-06,7.79E-05,CCDC7
ENSG00000245719,ENSG00000245719.1,-1.726390743,0.432427798,1.349502639,5.04E-07,1.02E-05,7.79E-05,SKOR1-AS1
ENSG00000101945,ENSG00000101945.16,2.482559753,-0.342920588,0.788443572,5.17E-07,1.05E-05,8.78E-05,SUV39H1
ENSG00000132825,ENSG00000132825.6,5.559532168,0.260360913,1.197778311,5.09E-07,1.03E-05,8.78E-05,PPP1R3D
ENSG00000177971,ENSG00000177971.8,4.87823144,-0.226524594,0.854691338,5.16E-07,1.04E-05,8.78E-05,IMP3
ENSG00000004939,ENSG00000004939.13,9.212716038,0.875885457,1.835134058,6.78E-07,1.33E-05,0.000101847,SLC4A1
ENSG00000005194,ENSG00000005194.14,4.410340718,-0.163607247,0.892789988,6.11E-07,1.21E-05,0.000101847,CIAPIN1
ENSG00000009694,ENSG00000009694.13,4.456598006,0.500585749,1.414787865,7.11E-07,1.39E-05,0.000101847,TENM1
ENSG00000011143,ENSG00000011143.16,3.02213055,-0.257611015,0.836471902,6.63E-07,1.30E-05,0.000101847,MKS1
ENSG00000011426,ENSG00000011426.10,1.499258781,0.484270715,1.398878552,7.12E-07,1.39E-05,0.000101847,ANLN
ENSG00000046653,ENSG00000046653.14,-0.840206442,-0.559150476,0.678701696,7.45E-07,1.44E-05,0.000101847,GPM6B
ENSG00000056586,ENSG00000056586.15,7.436157048,0.111366044,1.080250608,7.07E-07,1.38E-05,0.000101847,RC3H2
ENSG00000065328,ENSG00000065328.16,0.34314685,0.566076156,1.480491447,6.66E-07,1.31E-05,0.000101847,MCM10
ENSG00000066044,ENSG00000066044.14,4.98578803,-0.180381036,0.882469893,7.36E-07,1.43E-05,0.000101847,ELAVL1
ENSG00000069020,ENSG00000069020.18,4.362526929,0.276065439,1.210888007,7.95E-07,1.52E-05,0.000101847,MAST4
ENSG00000073464,ENSG00000073464.11,4.123742725,-0.53061169,0.692261159,6.29E-07,1.24E-05,0.000101847,CLCN4
ENSG00000077616,ENSG00000077616.10,-1.174935803,-0.603690262,0.658068531,7.68E-07,1.48E-05,0.000101847,NAALAD2
ENSG00000080822,ENSG00000080822.16,5.959849942,0.22657169,1.170051223,6.71E-07,1.32E-05,0.000101847,CLDND1
ENSG00000080823,ENSG00000080823.22,0.932179334,-0.534834361,0.69023792,6.69E-07,1.31E-05,0.000101847,MOK
ENSG00000088682,ENSG00000088682.13,4.502449307,-0.142584624,0.905894767,5.99E-07,1.19E-05,0.000101847,COQ9
ENSG00000090530,ENSG00000090530.9,-0.731723324,-0.528938854,0.693064317,6.98E-07,1.36E-05,0.000101847,P3H2
ENSG00000100307,ENSG00000100307.12,6.487161295,-0.298994297,0.812818815,5.35E-07,1.08E-05,0.000101847,CBX7
ENSG00000100395,ENSG00000100395.14,4.614943884,-0.263760047,0.832914292,6.24E-07,1.24E-05,0.000101847,L3MBTL2
ENSG00000104142,ENSG00000104142.10,5.522298996,-0.376011397,0.770565021,6.25E-07,1.24E-05,0.000101847,VPS18
ENSG00000104299,ENSG00000104299.14,4.178007527,-0.176568732,0.884804892,7.88E-07,1.51E-05,0.000101847,INTS9
ENSG00000105968,ENSG00000105968.18,6.58655262,-0.098592307,0.933943832,7.65E-07,1.48E-05,0.000101847,H2AZ2
ENSG00000108883,ENSG00000108883.12,6.253830866,-0.211037536,0.86391571,7.49E-07,1.45E-05,0.000101847,EFTUD2
ENSG00000110514,ENSG00000110514.19,6.58201074,-0.265494765,0.831913385,7.37E-07,1.43E-05,0.000101847,MADD
ENSG00000111737,ENSG00000111737.11,5.394200407,-0.261099737,0.834451591,5.64E-07,1.13E-05,0.000101847,RAB35
ENSG00000111961,ENSG00000111961.17,3.037698106,0.528321848,1.442250585,6.75E-07,1.33E-05,0.000101847,SASH1
ENSG00000113558,ENSG00000113558.18,6.901609365,0.192487445,1.142732278,5.46E-07,1.10E-05,0.000101847,SKP1
ENSG00000114631,ENSG00000114631.10,0.541763212,-0.509486777,0.70247229,6.68E-07,1.31E-05,0.000101847,PODXL2
ENSG00000114861,ENSG00000114861.18,7.464274089,-0.17722227,0.884404168,6.16E-07,1.22E-05,0.000101847,FOXP1
ENSG00000122025,ENSG00000122025.14,3.09758048,-0.513030045,0.700749131,6.22E-07,1.23E-05,0.000101847,FLT3
ENSG00000122490,ENSG00000122490.18,5.932278578,0.488657693,1.403138765,6.19E-07,1.23E-05,0.000101847,SLC66A2
ENSG00000125457,ENSG00000125457.13,3.204402477,-0.262805471,0.833465582,7.42E-07,1.44E-05,0.000101847,MIF4GD
ENSG00000132773,ENSG00000132773.11,3.630148054,-0.204866184,0.867619158,7.85E-07,1.51E-05,0.000101847,TOE1
ENSG00000133119,ENSG00000133119.12,3.03022811,-0.237451578,0.848242352,7.83E-07,1.50E-05,0.000101847,RFC3
ENSG00000133858,ENSG00000133858.15,7.764656255,0.174516466,1.128586084,5.17E-07,1.05E-05,0.000101847,ZFC3H1
ENSG00000134508,ENSG00000134508.12,-0.725738581,-0.568089241,0.674509543,5.27E-07,1.06E-05,0.000101847,CABLES1
ENSG00000134827,ENSG00000134827.7,2.6957136,0.697070079,1.621208989,7.04E-07,1.37E-05,0.000101847,TCN1
ENSG00000135773,ENSG00000135773.12,-1.940640756,-0.245743999,0.843380752,5.42E-07,1.09E-05,0.000101847,CAPN9
ENSG00000136315,ENSG00000136315.4,-1.056104708,0.53444197,1.448381817,7.29E-07,1.42E-05,0.000101847,RNASE2CP
ENSG00000136811,ENSG00000136811.16,4.803046662,-0.228238646,0.85367649,6.52E-07,1.28E-05,0.000101847,ODF2
ENSG00000137261,ENSG00000137261.13,3.21171061,0.569610205,1.484122528,7.39E-07,1.43E-05,0.000101847,KIAA0319
ENSG00000139714,ENSG00000139714.12,2.041229263,-0.403647734,0.755944522,7.09E-07,1.38E-05,0.000101847,MORN3
ENSG00000139842,ENSG00000139842.14,6.997289512,0.225391558,1.169094506,7.06E-07,1.38E-05,0.000101847,CUL4A
ENSG00000143167,ENSG00000143167.11,2.451700646,-0.448300044,0.732905937,5.78E-07,1.16E-05,0.000101847,GPA33
ENSG00000145244,ENSG00000145244.11,1.279375144,0.883060236,1.844283237,7.17E-07,1.39E-05,0.000101847,CORIN
ENSG00000145687,ENSG00000145687.16,6.044132513,-0.192750597,0.874936004,6.00E-07,1.20E-05,0.000101847,SSBP2
ENSG00000148110,ENSG00000148110.15,6.674447383,0.264605397,1.201307425,5.24E-07,1.06E-05,0.000101847,MFSD14B
ENSG00000148459,ENSG00000148459.15,2.523453402,0.265826281,1.202324465,7.48E-07,1.45E-05,0.000101847,PDSS1
ENSG00000151458,ENSG00000151458.11,5.11581269,0.284924908,1.218346848,6.00E-07,1.19E-05,0.000101847,ANKRD50
ENSG00000153574,ENSG00000153574.8,6.262342167,0.535121697,1.449064384,7.82E-07,1.50E-05,0.000101847,RPIA
ENSG00000156026,ENSG00000156026.14,4.961563971,0.193704478,1.143696674,7.44E-07,1.44E-05,0.000101847,MCU
ENSG00000161647,ENSG00000161647.18,-0.35867138,0.52059552,1.434547283,5.45E-07,1.10E-05,0.000101847,MPP3
ENSG00000163958,ENSG00000163958.13,-1.255977561,0.544500852,1.458515635,7.74E-07,1.49E-05,0.000101847,ZDHHC19
ENSG00000166173,ENSG00000166173.10,-1.834409166,-0.278712158,0.824326536,7.52E-07,1.45E-05,0.000101847,LARP6
ENSG00000167779,ENSG00000167779.7,-1.084477816,-0.49116759,0.711449081,6.31E-07,1.25E-05,0.000101847,IGFBP6
ENSG00000167987,ENSG00000167987.10,2.947142832,-0.453770533,0.730132127,7.66E-07,1.48E-05,0.000101847,VPS37C
ENSG00000168785,ENSG00000168785.7,7.421773889,0.646857309,1.565753723,6.37E-07,1.26E-05,0.000101847,TSPAN5
ENSG00000168913,ENSG00000168913.6,0.20367647,-0.604834875,0.657546636,6.55E-07,1.29E-05,0.000101847,ENHO
ENSG00000172716,ENSG00000172716.16,6.482885147,0.195059807,1.144771616,7.66E-07,1.48E-05,0.000101847,SLFN11
ENSG00000175073,ENSG00000175073.7,7.840794071,0.22666399,1.170126082,6.80E-07,1.33E-05,0.000101847,VCPIP1
ENSG00000181029,ENSG00000181029.8,3.551301544,-0.275480975,0.826174836,5.81E-07,1.16E-05,0.000101847,TRAPPC5
ENSG00000182831,ENSG00000182831.11,8.224728847,0.212216757,1.158466846,6.86E-07,1.34E-05,0.000101847,HAPSTR1
ENSG00000196407,ENSG00000196407.11,-1.250141334,0.695829722,1.619815753,5.57E-07,1.12E-05,0.000101847,THEM5
ENSG00000197912,ENSG00000197912.14,6.536665325,-0.236217409,0.8489683,7.38E-07,1.43E-05,0.000101847,SPG7
ENSG00000197937,ENSG00000197937.12,4.229704911,-0.332020288,0.794423228,7.90E-07,1.52E-05,0.000101847,ZNF347
ENSG00000198643,ENSG00000198643.6,-1.029587067,-0.515509608,0.699545786,6.48E-07,1.28E-05,0.000101847,FAM3D
ENSG00000198900,ENSG00000198900.5,6.251823765,0.238287651,1.179591761,5.36E-07,1.08E-05,0.000101847,TOP1
ENSG00000198947,ENSG00000198947.15,-0.549836402,-0.668551638,0.629137979,5.82E-07,1.16E-05,0.000101847,DMD
ENSG00000203739,ENSG00000203739.3,3.230987598,0.33573156,1.262017189,5.84E-07,1.17E-05,0.000101847,PRDX6-AS1
ENSG00000204304,ENSG00000204304.11,6.637229461,-0.317607814,0.802399263,6.77E-07,1.33E-05,0.000101847,PBX2
ENSG00000204923,ENSG00000204923.3,2.882696772,0.214019641,1.159915446,7.04E-07,1.37E-05,0.000101847,FBXO48
ENSG00000205426,ENSG00000205426.10,-1.634763565,-0.392495113,0.761810927,6.02E-07,1.20E-05,0.000101847,KRT81
ENSG00000217555,ENSG00000217555.12,4.290908312,0.295387802,1.227214813,5.34E-07,1.08E-05,0.000101847,CKLF
ENSG00000224950,ENSG00000224950.2,4.257121343,0.336418089,1.262617882,7.68E-07,1.48E-05,0.000101847,
ENSG00000227057,ENSG00000227057.9,4.699834126,-0.282048964,0.822422156,5.88E-07,1.17E-05,0.000101847,WDR46
ENSG00000227508,ENSG00000227508.6,1.900697448,-0.424083192,0.745312214,7.77E-07,1.49E-05,0.000101847,LINC01624
ENSG00000232021,ENSG00000232021.6,2.758368797,-0.630216075,0.646079644,6.77E-07,1.33E-05,0.000101847,LEF1-AS1
ENSG00000237298,ENSG00000237298.9,7.450012189,0.255954309,1.194125368,5.50E-07,1.11E-05,0.000101847,TTN-AS1
ENSG00000242110,ENSG00000242110.7,0.947007828,-0.414535536,0.750260996,7.84E-07,1.51E-05,0.000101847,AMACR
ENSG00000248791,ENSG00000248791.1,2.224040793,0.347285314,1.272164571,5.88E-07,1.17E-05,0.000101847,
ENSG00000250722,ENSG00000250722.5,-0.013048835,0.55070138,1.464797648,6.83E-07,1.34E-05,0.000101847,SELENOP
ENSG00000254481,ENSG00000254481.1,0.481122439,-0.596213832,0.661487669,6.38E-07,1.26E-05,0.000101847,PTP4A2P2
ENSG00000255929,ENSG00000255929.5,-1.571409207,0.428354976,1.345698277,6.54E-07,1.29E-05,0.000101847,PIWIL4-AS1
ENSG00000264017,ENSG00000264017.2,0.490416739,0.433182953,1.350209199,6.77E-07,1.33E-05,0.000101847,RN7SL336P
ENSG00000269243,ENSG00000269243.1,0.004462776,-0.643765463,0.640040249,6.09E-07,1.21E-05,0.000101847,
ENSG00000280035,ENSG00000280035.1,3.644104792,-0.500453731,0.706884429,7.41E-07,1.44E-05,0.000101847,
ENSG00000006007,ENSG00000006007.11,6.504220645,0.326844502,1.254267008,9.64E-07,1.80E-05,0.000125495,GDE1
ENSG00000070190,ENSG00000070190.12,7.493150544,0.272355923,1.207778522,9.62E-07,1.80E-05,0.000125495,DAPP1
ENSG00000076650,ENSG00000076650.6,3.859813046,-0.161062602,0.894366092,8.97E-07,1.69E-05,0.000125495,GPATCH1
ENSG00000102572,ENSG00000102572.14,7.41568685,-0.168919158,0.889508836,8.40E-07,1.60E-05,0.000125495,STK24
ENSG00000104918,ENSG00000104918.7,1.947778896,0.752278669,1.684451242,9.63E-07,1.80E-05,0.000125495,RETN
ENSG00000105618,ENSG00000105618.13,4.587276678,-0.324977937,0.798310594,8.17E-07,1.56E-05,0.000125495,PRPF31
ENSG00000109819,ENSG00000109819.8,-0.755281395,-0.754815231,0.592622279,8.66E-07,1.64E-05,0.000125495,PPARGC1A
ENSG00000121807,ENSG00000121807.5,7.344544932,0.318530657,1.247059808,7.96E-07,1.53E-05,0.000125495,CCR2
ENSG00000127954,ENSG00000127954.12,8.967087779,0.454126154,1.369952768,8.60E-07,1.63E-05,0.000125495,STEAP4
ENSG00000133703,ENSG00000133703.11,6.584877084,0.180117811,1.132976401,8.54E-07,1.62E-05,0.000125495,KRAS
ENSG00000135624,ENSG00000135624.15,6.160515981,-0.185165396,0.879548236,8.22E-07,1.57E-05,0.000125495,CCT7
ENSG00000136718,ENSG00000136718.9,4.88364522,-0.21160421,0.86357644,9.21E-07,1.73E-05,0.000125495,IMP4
ENSG00000145246,ENSG00000145246.13,6.071998364,-0.204370052,0.867917578,9.38E-07,1.76E-05,0.000125495,ATP10D
ENSG00000148843,ENSG00000148843.13,5.555283208,-0.216171465,0.86084687,8.66E-07,1.64E-05,0.000125495,PDCD11
ENSG00000149485,ENSG00000149485.18,3.956903384,0.354893433,1.278891111,8.94E-07,1.69E-05,0.000125495,FADS1
ENSG00000152700,ENSG00000152700.13,5.609155233,0.154737732,1.113219227,9.08E-07,1.71E-05,0.000125495,SAR1B
ENSG00000155093,ENSG00000155093.17,3.210076266,-0.521183169,0.696800146,9.08E-07,1.71E-05,0.000125495,PTPRN2
ENSG00000162722,ENSG00000162722.8,8.418671182,0.812521487,1.756278318,9.59E-07,1.79E-05,0.000125495,TRIM58
ENSG00000164329,ENSG00000164329.13,7.239421791,0.150165927,1.109697093,9.16E-07,1.72E-05,0.000125495,TENT2
ENSG00000165060,ENSG00000165060.11,2.880085051,-0.226074179,0.854958217,9.45E-07,1.77E-05,0.000125495,FXN
ENSG00000165280,ENSG00000165280.15,7.847896117,-0.244547574,0.844080457,8.64E-07,1.64E-05,0.000125495,VCP
ENSG00000166313,ENSG00000166313.18,4.438918538,-0.39744713,0.759200512,9.15E-07,1.72E-05,0.000125495,APBB1
ENSG00000166813,ENSG00000166813.14,-1.060031136,-0.527796536,0.693613298,8.90E-07,1.68E-05,0.000125495,KIF7
ENSG00000175348,ENSG00000175348.10,5.643694213,0.21159322,1.157966261,9.16E-07,1.72E-05,0.000125495,TMEM9B
ENSG00000183258,ENSG00000183258.11,5.316711461,-0.289113931,0.818404549,9.46E-07,1.77E-05,0.000125495,DDX41
ENSG00000183474,ENSG00000183474.15,2.382934193,0.280954277,1.214998285,8.74E-07,1.66E-05,0.000125495,GTF2H2C
ENSG00000185760,ENSG00000185760.15,2.603865609,-0.37312047,0.772110657,9.47E-07,1.78E-05,0.000125495,KCNQ5
ENSG00000198060,ENSG00000198060.9,4.694957816,0.180713829,1.133444562,9.16E-07,1.73E-05,0.000125495,MARCHF5
ENSG00000226479,ENSG00000226479.3,4.459564545,0.244768134,1.184902321,8.75E-07,1.66E-05,0.000125495,TMEM185B
ENSG00000244038,ENSG00000244038.9,6.581550078,-0.254974372,0.838002021,8.23E-07,1.57E-05,0.000125495,DDOST
ENSG00000256803,ENSG00000256803.1,-1.349097779,0.492977982,1.407346897,9.57E-07,1.79E-05,0.000125495,
ENSG00000259671,ENSG00000259671.1,2.022520589,0.590561775,1.505832994,9.54E-07,1.79E-05,0.000125495,MTCYBP23
ENSG00000260855,ENSG00000260855.1,1.223887879,-0.463349303,0.725300474,9.24E-07,1.74E-05,0.000125495,
ENSG00000261542,ENSG00000261542.1,1.416065223,0.363480107,1.286525549,8.33E-07,1.59E-05,0.000125495,
ENSG00000263368,ENSG00000263368.1,-0.991447252,-0.525655382,0.694643478,8.38E-07,1.60E-05,0.000125495,MSANTD3P1
ENSG00000266401,ENSG00000266401.1,0.835076298,-0.594369087,0.662334041,9.23E-07,1.74E-05,0.000125495,
ENSG00000277496,ENSG00000277496.1,3.557249718,-0.345707383,0.786922038,8.13E-07,1.55E-05,0.000125495,SLCO4A1-AS2
ENSG00000279598,ENSG00000279598.1,5.022990256,0.312722058,1.242048972,8.63E-07,1.64E-05,0.000125495,
ENSG00000281469,ENSG00000281469.1,2.145833513,0.345715021,1.270780644,8.96E-07,1.69E-05,0.000125495,
ENSG00000283444,ENSG00000283444.1,1.838986293,0.534547418,1.448487684,8.38E-07,1.60E-05,0.000125495,GPR141BP
ENSG00000006740,ENSG00000006740.16,-1.351942981,-0.638766153,0.642262,1.01E-06,1.89E-05,0.000161274,ARHGAP44
ENSG00000043143,ENSG00000043143.20,6.602049437,-0.284587141,0.820976516,1.04E-06,1.93E-05,0.000161274,JADE2
ENSG00000054611,ENSG00000054611.13,6.402421453,-0.267295785,0.830875496,1.06E-06,1.96E-05,0.000161274,TBC1D22A
ENSG00000066468,ENSG00000066468.22,1.607892989,-0.882174967,0.542548883,1.05E-06,1.95E-05,0.000161274,FGFR2
ENSG00000067900,ENSG00000067900.7,7.647486901,0.223482005,1.167548115,1.26E-06,2.28E-05,0.000161274,ROCK1
ENSG00000072958,ENSG00000072958.8,5.854658765,-0.255206925,0.837866951,1.03E-06,1.92E-05,0.000161274,AP1M1
ENSG00000081760,ENSG00000081760.16,3.577551701,-0.274206863,0.826904793,1.22E-06,2.22E-05,0.000161274,AACS
ENSG00000082516,ENSG00000082516.8,4.870711841,-0.19719779,0.872243115,1.24E-06,2.25E-05,0.000161274,GEMIN5
ENSG00000092201,ENSG00000092201.9,6.372007773,-0.160076437,0.894977652,1.24E-06,2.24E-05,0.000161274,SUPT16H
ENSG00000100697,ENSG00000100697.14,8.691534334,-0.213900742,0.862202863,1.18E-06,2.15E-05,0.000161274,DICER1
ENSG00000101216,ENSG00000101216.10,4.658594521,-0.317293875,0.802573889,9.65E-07,1.80E-05,0.000161274,GMEB2
ENSG00000101361,ENSG00000101361.16,5.778088525,-0.200566609,0.870208728,1.15E-06,2.10E-05,0.000161274,NOP56
ENSG00000101460,ENSG00000101460.12,1.621856164,-0.57444509,0.671544501,1.15E-06,2.10E-05,0.000161274,MAP1LC3A
ENSG00000105127,ENSG00000105127.8,5.476073274,-0.149836563,0.901352568,1.16E-06,2.11E-05,0.000161274,AKAP8
ENSG00000106305,ENSG00000106305.9,2.884617623,-0.235770964,0.849231056,1.19E-06,2.16E-05,0.000161274,AIMP2
ENSG00000113924,ENSG00000113924.11,2.153411157,-0.385597696,0.765461809,1.27E-06,2.29E-05,0.000161274,HGD
ENSG00000116133,ENSG00000116133.11,2.330964287,0.480165908,1.394904069,1.30E-06,2.34E-05,0.000161274,DHCR24
ENSG00000117632,ENSG00000117632.22,3.923582609,-0.307751086,0.807900156,1.20E-06,2.18E-05,0.000161274,STMN1
ENSG00000118473,ENSG00000118473.21,0.247536701,0.761466737,1.695213212,1.27E-06,2.29E-05,0.000161274,SGIP1
ENSG00000122008,ENSG00000122008.15,5.681743947,0.252120091,1.190955982,1.05E-06,1.94E-05,0.000161274,POLK
ENSG00000122958,ENSG00000122958.14,4.837652792,0.19329834,1.143374753,1.28E-06,2.31E-05,0.000161274,VPS26A
ENSG00000123685,ENSG00000123685.8,1.221880187,-0.443031059,0.735587537,1.14E-06,2.09E-05,0.000161274,BATF3
ENSG00000124535,ENSG00000124535.15,5.653854986,-0.14472314,0.904552949,1.11E-06,2.05E-05,0.000161274,WRNIP1
ENSG00000130779,ENSG00000130779.19,6.574098957,0.175222795,1.129138764,1.22E-06,2.22E-05,0.000161274,CLIP1
ENSG00000131966,ENSG00000131966.13,5.359807652,0.178057611,1.131359641,1.29E-06,2.32E-05,0.000161274,ACTR10
ENSG00000134757,ENSG00000134757.4,-1.578461005,-0.430094693,0.742213068,1.29E-06,2.33E-05,0.000161274,DSG3
ENSG00000135312,ENSG00000135312.6,-1.710266039,-0.38829749,0.764030697,1.15E-06,2.11E-05,0.000161274,HTR1B
ENSG00000135776,ENSG00000135776.4,5.964204803,0.329076897,1.256209337,9.81E-07,1.83E-05,0.000161274,ABCB10
ENSG00000137965,ENSG00000137965.10,5.160358948,0.811459911,1.754986473,1.00E-06,1.87E-05,0.000161274,IFI44
ENSG00000142208,ENSG00000142208.15,7.288887258,-0.390842504,0.762684083,1.25E-06,2.25E-05,0.000161274,AKT1
ENSG00000147996,ENSG00000147996.16,3.457859488,0.30957669,1.239344003,9.95E-07,1.85E-05,0.000161274,ZNG1E
ENSG00000149136,ENSG00000149136.8,5.068032521,-0.227521014,0.854101235,1.22E-06,2.21E-05,0.000161274,SSRP1
ENSG00000153975,ENSG00000153975.9,3.740027832,0.283328818,1.216999704,1.26E-06,2.28E-05,0.000161274,ZUP1
ENSG00000155957,ENSG00000155957.17,5.53939118,0.201755549,1.150097003,1.17E-06,2.14E-05,0.000161274,TMBIM4
ENSG00000156467,ENSG00000156467.9,4.543194782,0.504244299,1.418380197,1.20E-06,2.18E-05,0.000161274,UQCRB
ENSG00000162408,ENSG00000162408.10,5.291748359,-0.203621644,0.868367933,1.27E-06,2.29E-05,0.000161274,NOL9
ENSG00000167642,ENSG00000167642.12,4.780541331,-0.289892648,0.817962922,1.02E-06,1.89E-05,0.000161274,SPINT2
ENSG00000168763,ENSG00000168763.15,4.797964483,-0.294671766,0.815257794,1.19E-06,2.17E-05,0.000161274,CNNM3
ENSG00000168792,ENSG00000168792.4,4.85127429,-0.220327518,0.858370548,1.18E-06,2.16E-05,0.000161274,ABHD15
ENSG00000172006,ENSG00000172006.11,2.625784585,-0.269307135,0.829717928,1.23E-06,2.23E-05,0.000161274,ZNF554
ENSG00000173320,ENSG00000173320.11,-0.811902895,0.625592644,1.542844479,1.23E-06,2.23E-05,0.000161274,STOX2
ENSG00000175283,ENSG00000175283.7,2.37697821,-0.289002058,0.818468014,9.83E-07,1.83E-05,0.000161274,DOLK
ENSG00000176390,ENSG00000176390.11,7.368660739,-0.168424689,0.889813759,1.28E-06,2.31E-05,0.000161274,CRLF3
ENSG00000176974,ENSG00000176974.19,3.245571107,-0.333142734,0.793805391,1.19E-06,2.17E-05,0.000161274,SHMT1
ENSG00000177301,ENSG00000177301.14,1.896992966,0.381003227,1.302247102,1.29E-06,2.33E-05,0.000161274,KCNA2
ENSG00000183647,ENSG00000183647.10,3.571411076,-0.221648157,0.857585158,1.23E-06,2.22E-05,0.000161274,ZNF530
ENSG00000184924,ENSG00000184924.5,2.790464222,0.307533741,1.237590255,1.12E-06,2.06E-05,0.000161274,PTRHD1
ENSG00000186660,ENSG00000186660.14,5.715707475,-0.137470753,0.909111559,9.89E-07,1.84E-05,0.000161274,ZFP91
ENSG00000187231,ENSG00000187231.13,5.378761637,0.292753234,1.224975788,1.03E-06,1.92E-05,0.000161274,SESTD1
ENSG00000189127,ENSG00000189127.7,1.074994178,0.822551543,1.768531043,1.14E-06,2.09E-05,0.000161274,ANKRD34B
ENSG00000204439,ENSG00000204439.3,5.668211128,-0.193833216,0.874279686,1.22E-06,2.21E-05,0.000161274,C6orf47
ENSG00000214975,ENSG00000214975.4,0.826469953,0.563949675,1.478310863,1.28E-06,2.31E-05,0.000161274,PPIAP29
ENSG00000225802,ENSG00000225802.3,-1.431704304,-0.424364343,0.745166983,1.08E-06,1.99E-05,0.000161274,WARS1P1
ENSG00000228033,ENSG00000228033.5,-1.890638708,-0.307520828,0.808029109,1.14E-06,2.09E-05,0.000161274,
ENSG00000235920,ENSG00000235920.1,-1.759393436,-0.424941142,0.74486912,1.17E-06,2.13E-05,0.000161274,THRAP3P3
ENSG00000238009,ENSG00000238009.6,0.367936545,0.661182275,1.581378017,1.25E-06,2.26E-05,0.000161274,
ENSG00000248477,ENSG00000248477.6,-0.330397324,0.557954536,1.472180468,1.29E-06,2.33E-05,0.000161274,NAIPP3
ENSG00000251139,ENSG00000251139.2,-0.597711319,0.607868213,1.524005609,1.13E-06,2.07E-05,0.000161274,
ENSG00000255595,ENSG00000255595.2,-1.219821082,-0.623923174,0.648903938,1.20E-06,2.18E-05,0.000161274,LINC02350
ENSG00000255801,ENSG00000255801.1,4.133001842,-0.626875632,0.647577322,1.27E-06,2.29E-05,0.000161274,
ENSG00000260401,ENSG00000260401.1,2.829729318,-0.555087601,0.68061573,1.14E-06,2.09E-05,0.000161274,
ENSG00000270562,ENSG00000270562.1,3.67990805,-0.277074342,0.825262881,1.12E-06,2.06E-05,0.000161274,FOXP1-DT
ENSG00000273017,ENSG00000273017.1,0.108811091,0.437323846,1.354090201,1.05E-06,1.94E-05,0.000161274,
ENSG00000283994,ENSG00000283994.1,4.448213065,0.285149287,1.218536349,1.10E-06,2.03E-05,0.000161274,
ENSG00000111052,ENSG00000111052.7,6.262918847,0.426355357,1.343834391,1.33E-06,2.39E-05,0.000165638,LIN7A
ENSG00000140987,ENSG00000140987.19,5.094708167,-0.113931583,0.924066393,1.33E-06,2.39E-05,0.000165638,ZSCAN32
ENSG00000142512,ENSG00000142512.14,6.537038932,-0.452004983,0.731026199,1.30E-06,2.34E-05,0.000165638,SIGLEC10
ENSG00000164674,ENSG00000164674.15,5.980136893,-0.28730536,0.819431149,1.31E-06,2.36E-05,0.000165638,SYTL3
ENSG00000166866,ENSG00000166866.12,0.03218421,-0.462559898,0.725697448,1.32E-06,2.37E-05,0.000165638,MYO1A
ENSG00000259056,ENSG00000259056.1,-1.214316332,-0.599656584,0.659911021,1.33E-06,2.39E-05,0.000165638,DUXAP1
ENSG00000037280,ENSG00000037280.15,1.58019502,-0.64038183,0.641543133,1.49E-06,2.63E-05,0.000201257,FLT4
ENSG00000049541,ENSG00000049541.10,4.170464498,-0.211180844,0.863829898,1.48E-06,2.62E-05,0.000201257,RFC2
ENSG00000108239,ENSG00000108239.8,3.642027344,0.322927952,1.25086661,1.46E-06,2.58E-05,0.000201257,TBC1D12
ENSG00000109917,ENSG00000109917.10,5.344180563,-0.141668264,0.90647035,1.37E-06,2.45E-05,0.000201257,ZPR1
ENSG00000113194,ENSG00000113194.12,5.862052241,-0.112260345,0.925137465,1.45E-06,2.57E-05,0.000201257,FAF2
ENSG00000121236,ENSG00000121236.20,-0.41126499,0.653000442,1.572435066,1.39E-06,2.48E-05,0.000201257,TRIM6
ENSG00000125356,ENSG00000125356.6,4.201484059,0.31768034,1.246325014,1.41E-06,2.51E-05,0.000201257,NDUFA1
ENSG00000126353,ENSG00000126353.3,6.222203195,-0.499335714,0.707432442,1.49E-06,2.63E-05,0.000201257,CCR7
ENSG00000129235,ENSG00000129235.10,3.797600688,0.253564158,1.192148666,1.38E-06,2.46E-05,0.000201257,TXNDC17
ENSG00000139329,ENSG00000139329.4,-1.791183811,-0.362138992,0.778010218,1.44E-06,2.56E-05,0.000201257,LUM
ENSG00000163166,ENSG00000163166.14,6.106985582,-0.133457536,0.911644001,1.34E-06,2.41E-05,0.000201257,IWS1
ENSG00000167434,ENSG00000167434.9,3.443814775,0.605093996,1.521077853,1.44E-06,2.56E-05,0.000201257,CA4
ENSG00000167721,ENSG00000167721.10,4.963014868,-0.186485505,0.87874379,1.45E-06,2.58E-05,0.000201257,TSR1
ENSG00000169621,ENSG00000169621.9,3.469043792,0.343809932,1.269103677,1.44E-06,2.56E-05,0.000201257,APLF
ENSG00000172000,ENSG00000172000.7,-1.1272101,-0.470364382,0.721782274,1.40E-06,2.49E-05,0.000201257,ZNF556
ENSG00000172795,ENSG00000172795.15,8.689916085,0.222507161,1.166759457,1.49E-06,2.63E-05,0.000201257,DCP2
ENSG00000177427,ENSG00000177427.12,3.853022724,-0.284768133,0.820873527,1.46E-06,2.59E-05,0.000201257,MIEF2
ENSG00000178074,ENSG00000178074.5,3.525745692,0.256435585,1.194523788,1.38E-06,2.47E-05,0.000201257,C2orf69
ENSG00000183826,ENSG00000183826.16,5.848632902,-0.156082883,0.89745849,1.33E-06,2.39E-05,0.000201257,BTBD9
ENSG00000185973,ENSG00000185973.10,5.215908003,0.182547974,1.134886463,1.48E-06,2.62E-05,0.000201257,TMLHE
ENSG00000198355,ENSG00000198355.4,5.658837795,0.39632479,1.316150793,1.38E-06,2.46E-05,0.000201257,PIM3
ENSG00000271141,ENSG00000271141.1,2.203281352,0.340424167,1.266128794,1.35E-06,2.42E-05,0.000201257,
ENSG00000276809,ENSG00000276809.1,2.292058197,0.40136009,1.320752453,1.43E-06,2.54E-05,0.000201257,
ENSG00000278730,ENSG00000278730.1,6.038790223,-0.147087828,0.903071531,1.48E-06,2.61E-05,0.000201257,
ENSG00000075884,ENSG00000075884.13,8.232331281,0.23153953,1.174087174,1.49E-06,2.63E-05,0.000211516,ARHGAP15
ENSG00000079277,ENSG00000079277.19,6.851893658,0.300318793,1.23141649,1.51E-06,2.66E-05,0.000211516,MKNK1
ENSG00000083750,ENSG00000083750.12,4.151101251,0.157789696,1.115576691,1.55E-06,2.72E-05,0.000211516,RRAGB
ENSG00000087502,ENSG00000087502.17,5.529721305,0.310620115,1.240240679,1.53E-06,2.70E-05,0.000211516,ERGIC2
ENSG00000089057,ENSG00000089057.14,6.22966639,-0.217804175,0.859873194,1.58E-06,2.78E-05,0.000211516,SLC23A2
ENSG00000100246,ENSG00000100246.12,2.418438767,-0.296996773,0.813945006,1.59E-06,2.79E-05,0.000211516,DNAL4
ENSG00000105516,ENSG00000105516.10,4.040798325,-0.267444365,0.83078993,1.57E-06,2.76E-05,0.000211516,DBP
ENSG00000116990,ENSG00000116990.10,4.596576582,-0.316709992,0.80289877,1.58E-06,2.78E-05,0.000211516,MYCL
ENSG00000122591,ENSG00000122591.11,6.093129564,0.219126831,1.164028863,1.59E-06,2.78E-05,0.000211516,HYCC1
ENSG00000132274,ENSG00000132274.15,8.832968826,0.326960552,1.254367905,1.58E-06,2.77E-05,0.000211516,TRIM22
ENSG00000142166,ENSG00000142166.12,7.53224833,0.238138179,1.179469554,1.55E-06,2.73E-05,0.000211516,IFNAR1
ENSG00000170260,ENSG00000170260.8,4.121927522,-0.218065062,0.859717714,1.52E-06,2.68E-05,0.000211516,ZNF212
ENSG00000189430,ENSG00000189430.12,3.587227201,-0.430345362,0.742084119,1.55E-06,2.72E-05,0.000211516,NCR1
ENSG00000225411,ENSG00000225411.2,-0.299338994,0.511785687,1.425813896,1.57E-06,2.75E-05,0.000211516,
ENSG00000241157,ENSG00000241157.1,2.689128194,0.369597202,1.291992058,1.50E-06,2.65E-05,0.000211516,RPL32P32
ENSG00000006744,ENSG00000006744.18,5.773574025,-0.184937373,0.879687262,1.76E-06,3.05E-05,0.000222808,ELAC2
ENSG00000010438,ENSG00000010438.16,-1.625795134,-0.373460521,0.771928688,1.65E-06,2.88E-05,0.000222808,PRSS3
ENSG00000040531,ENSG00000040531.14,3.784242514,-0.252872576,0.839223757,1.66E-06,2.89E-05,0.000222808,CTNS
ENSG00000057019,ENSG00000057019.15,1.285016498,-0.434375873,0.740013824,1.85E-06,3.18E-05,0.000222808,DCBLD2
ENSG00000058272,ENSG00000058272.16,7.871559156,0.230236961,1.173027602,1.84E-06,3.16E-05,0.000222808,PPP1R12A
ENSG00000067248,ENSG00000067248.9,5.41475038,0.218386262,1.163431493,1.67E-06,2.92E-05,0.000222808,DHX29
ENSG00000070010,ENSG00000070010.18,5.501154248,0.131011256,1.095061015,1.74E-06,3.02E-05,0.000222808,UFD1
ENSG00000078487,ENSG00000078487.17,2.730302917,-0.222523384,0.857065052,1.59E-06,2.79E-05,0.000222808,ZCWPW1
ENSG00000081026,ENSG00000081026.18,2.603412604,0.344418486,1.26963912,1.83E-06,3.14E-05,0.000222808,MAGI3
ENSG00000100056,ENSG00000100056.11,4.397507668,-0.293212793,0.816082668,1.65E-06,2.87E-05,0.000222808,ESS2
ENSG00000100744,ENSG00000100744.14,4.315619937,0.308462809,1.238387496,1.79E-06,3.09E-05,0.000222808,GSKIP
ENSG00000109906,ENSG00000109906.13,3.896065421,-0.499777191,0.707215995,1.87E-06,3.21E-05,0.000222808,ZBTB16
ENSG00000115641,ENSG00000115641.18,1.575807603,0.603365837,1.519256892,1.84E-06,3.16E-05,0.000222808,FHL2
ENSG00000129173,ENSG00000129173.12,-0.686071219,0.506393812,1.420495057,1.66E-06,2.90E-05,0.000222808,E2F8
ENSG00000136634,ENSG00000136634.5,-1.599484643,0.406715471,1.325664287,1.87E-06,3.21E-05,0.000222808,IL10
ENSG00000136710,ENSG00000136710.9,4.812282384,-0.166365332,0.891084819,1.88E-06,3.22E-05,0.000222808,CCDC115
ENSG00000139514,ENSG00000139514.12,4.387287661,0.303488729,1.234125173,1.86E-06,3.19E-05,0.000222808,SLC7A1
ENSG00000143869,ENSG00000143869.6,1.92884687,-0.827528058,0.563493917,1.61E-06,2.82E-05,0.000222808,GDF7
ENSG00000149256,ENSG00000149256.15,-0.057752055,-0.915845945,0.530032987,1.77E-06,3.06E-05,0.000222808,TENM4
ENSG00000150556,ENSG00000150556.16,-0.778832509,-0.623711184,0.648999295,1.81E-06,3.11E-05,0.000222808,LYPD6B
ENSG00000151292,ENSG00000151292.17,5.036051033,0.33706848,1.26318722,1.62E-06,2.83E-05,0.000222808,CSNK1G3
ENSG00000156414,ENSG00000156414.18,2.844261553,0.596191097,1.511720155,1.81E-06,3.13E-05,0.000222808,TDRD9
ENSG00000161204,ENSG00000161204.11,5.218026967,-0.20600158,0.866936614,1.85E-06,3.18E-05,0.000222808,ABCF3
ENSG00000163349,ENSG00000163349.21,8.437764037,0.23625695,1.177932566,1.87E-06,3.20E-05,0.000222808,HIPK1
ENSG00000166387,ENSG00000166387.11,4.564257343,-0.302935181,0.810601539,1.69E-06,2.93E-05,0.000222808,PPFIBP2
ENSG00000174307,ENSG00000174307.6,-0.273608278,0.513650975,1.42765855,1.86E-06,3.20E-05,0.000222808,PHLDA3
ENSG00000175445,ENSG00000175445.14,0.404792458,-0.78480063,0.580432163,1.76E-06,3.05E-05,0.000222808,LPL
ENSG00000182308,ENSG00000182308.6,1.54340004,0.368786412,1.291266167,1.80E-06,3.10E-05,0.000222808,DCAF4L1
ENSG00000182541,ENSG00000182541.17,7.726347656,0.443372908,1.359779672,1.64E-06,2.86E-05,0.000222808,LIMK2
ENSG00000183134,ENSG00000183134.4,4.177887226,-0.594925612,0.662078592,1.78E-06,3.07E-05,0.000222808,PTGDR2
ENSG00000185010,ENSG00000185010.13,2.359094568,0.314413776,1.243506265,1.79E-06,3.09E-05,0.000222808,F8
ENSG00000204576,ENSG00000204576.11,3.594051566,-0.167249484,0.890538887,1.86E-06,3.19E-05,0.000222808,PRR3
ENSG00000213626,ENSG00000213626.11,7.473302894,-0.32417071,0.798757396,1.70E-06,2.96E-05,0.000222808,LBH
ENSG00000240012,ENSG00000240012.1,-0.656815985,-0.576597723,0.670543242,1.66E-06,2.89E-05,0.000222808,SLC9A9-AS1
ENSG00000242986,ENSG00000242986.2,-1.283659371,0.603592841,1.519495962,1.73E-06,3.00E-05,0.000222808,RPL21P99
ENSG00000247199,ENSG00000247199.3,0.403604013,0.409624205,1.328339761,1.80E-06,3.11E-05,0.000222808,FBXO38-DT
ENSG00000249662,ENSG00000249662.5,2.671836663,-0.510280495,0.702085922,1.77E-06,3.06E-05,0.000222808,LINC02218
ENSG00000257495,ENSG00000257495.5,0.139138097,-0.691868403,0.61905161,1.86E-06,3.19E-05,0.000222808,KRT73-AS1
ENSG00000259600,ENSG00000259600.2,2.861486936,0.55087176,1.464970649,1.74E-06,3.01E-05,0.000222808,
ENSG00000279569,ENSG00000279569.1,-0.972227949,-0.561898794,0.677410008,1.87E-06,3.21E-05,0.000222808,
ENSG00000043093,ENSG00000043093.13,7.013379786,0.352049054,1.276372167,1.94E-06,3.31E-05,0.000264005,DCUN1D1
ENSG00000078070,ENSG00000078070.12,4.717260941,-0.152308533,0.899809477,1.96E-06,3.35E-05,0.000264005,MCCC1
ENSG00000089041,ENSG00000089041.16,5.053513339,0.304740148,1.235196139,1.97E-06,3.35E-05,0.000264005,P2RX7
ENSG00000112972,ENSG00000112972.14,4.774878962,0.188477546,1.139560521,1.91E-06,3.27E-05,0.000264005,HMGCS1
ENSG00000151117,ENSG00000151117.8,1.782963038,-0.33992529,0.790082225,1.91E-06,3.27E-05,0.000264005,TMEM86A
ENSG00000152240,ENSG00000152240.12,3.029404322,0.340809745,1.266467228,1.96E-06,3.34E-05,0.000264005,HAUS1
ENSG00000155256,ENSG00000155256.17,6.198660148,-0.228989934,0.853232051,1.93E-06,3.30E-05,0.000264005,ZFYVE27
ENSG00000185825,ENSG00000185825.15,5.656185631,-0.25807769,0.836201368,1.88E-06,3.22E-05,0.000264005,BCAP31
ENSG00000188211,ENSG00000188211.8,2.849736716,-0.324515135,0.798566726,1.93E-06,3.30E-05,0.000264005,NCR3LG1
ENSG00000188994,ENSG00000188994.12,8.005154302,0.267789578,1.203961767,1.92E-06,3.28E-05,0.000264005,ZNF292
ENSG00000221978,ENSG00000221978.11,7.579628892,-0.132669804,0.912141907,1.95E-06,3.33E-05,0.000264005,CCNL2
ENSG00000006576,ENSG00000006576.16,6.076537681,0.232427492,1.174810033,2.22E-06,3.73E-05,0.000272374,PHTF2
ENSG00000013561,ENSG00000013561.17,6.686619355,0.377127171,1.29875308,2.21E-06,3.71E-05,0.000272374,RNF14
ENSG00000070182,ENSG00000070182.19,6.525772617,0.913734939,1.88391639,2.25E-06,3.77E-05,0.000272374,SPTB
ENSG00000076242,ENSG00000076242.14,5.228614342,-0.128698344,0.914656317,2.08E-06,3.53E-05,0.000272374,MLH1
ENSG00000087085,ENSG00000087085.13,0.184291403,0.763549369,1.69766214,2.08E-06,3.52E-05,0.000272374,ACHE
ENSG00000094880,ENSG00000094880.10,4.847424861,-0.162699544,0.893351883,2.19E-06,3.68E-05,0.000272374,CDC23
ENSG00000100453,ENSG00000100453.12,5.785256452,-0.506455668,0.703949739,2.30E-06,3.85E-05,0.000272374,GZMB
ENSG00000100991,ENSG00000100991.11,7.269540614,-0.170127842,0.888763922,2.31E-06,3.86E-05,0.000272374,TRPC4AP
ENSG00000101407,ENSG00000101407.12,5.423161313,-0.121011695,0.919542592,2.30E-06,3.84E-05,0.000272374,TTI1
ENSG00000106615,ENSG00000106615.9,4.636808828,0.171959057,1.126587256,2.08E-06,3.53E-05,0.000272374,RHEB
ENSG00000109475,ENSG00000109475.16,5.685324491,0.64786973,1.566852886,2.13E-06,3.59E-05,0.000272374,RPL34
ENSG00000110321,ENSG00000110321.16,8.58052914,0.114407702,1.082530522,2.06E-06,3.49E-05,0.000272374,EIF4G2
ENSG00000112695,ENSG00000112695.11,4.659491638,0.295544811,1.227348378,2.11E-06,3.57E-05,0.000272374,COX7A2
ENSG00000115306,ENSG00000115306.15,7.698613044,-0.270330218,0.829129745,2.15E-06,3.62E-05,0.000272374,SPTBN1
ENSG00000134769,ENSG00000134769.21,0.608189475,0.50206484,1.416239088,2.09E-06,3.53E-05,0.000272374,DTNA
ENSG00000135473,ENSG00000135473.14,5.691521015,-0.201193757,0.869830525,2.28E-06,3.82E-05,0.000272374,PAN2
ENSG00000143995,ENSG00000143995.19,2.612502714,-0.462501469,0.72572684,2.18E-06,3.67E-05,0.000272374,MEIS1
ENSG00000144048,ENSG00000144048.10,5.238200857,-0.110566257,0.926224448,2.08E-06,3.52E-05,0.000272374,DUSP11
ENSG00000148814,ENSG00000148814.17,3.026763419,-0.257043111,0.836801237,2.19E-06,3.67E-05,0.000272374,LRRC27
ENSG00000164258,ENSG00000164258.11,2.990072551,0.331967889,1.258729157,2.29E-06,3.83E-05,0.000272374,NDUFS4
ENSG00000165030,ENSG00000165030.3,5.319329937,0.373899235,1.295850453,2.04E-06,3.46E-05,0.000272374,NFIL3
ENSG00000167110,ENSG00000167110.17,5.30429678,-0.269297527,0.829723454,2.23E-06,3.73E-05,0.000272374,GOLGA2
ENSG00000168781,ENSG00000168781.21,2.78607576,-0.263001064,0.833352592,2.22E-06,3.72E-05,0.000272374,PPIP5K1
ENSG00000178814,ENSG00000178814.16,2.323534238,0.635775996,1.553773268,2.30E-06,3.85E-05,0.000272374,OPLAH
ENSG00000182774,ENSG00000182774.10,5.852602421,0.492021128,1.406413796,2.24E-06,3.76E-05,0.000272374,RPS17
ENSG00000183421,ENSG00000183421.11,-1.087490982,-0.570327376,0.673463949,1.97E-06,3.36E-05,0.000272374,RIPK4
ENSG00000183579,ENSG00000183579.15,0.496520788,-0.43783729,0.738240458,2.13E-06,3.60E-05,0.000272374,ZNRF3
ENSG00000187713,ENSG00000187713.6,4.44096119,-0.199638236,0.870768886,2.26E-06,3.79E-05,0.000272374,TMEM203
ENSG00000187942,ENSG00000187942.11,-1.155819969,-0.49634558,0.708900189,2.23E-06,3.74E-05,0.000272374,LDLRAD2
ENSG00000203497,ENSG00000203497.2,1.991132289,-0.379492593,0.768707904,2.08E-06,3.52E-05,0.000272374,PDCD4-AS1
ENSG00000206053,ENSG00000206053.12,4.489835688,-0.16750258,0.890382671,2.09E-06,3.54E-05,0.000272374,JPT2
ENSG00000223584,ENSG00000223584.1,0.757232751,0.560974809,1.475265697,2.02E-06,3.43E-05,0.000272374,TVP23CP1
ENSG00000225611,ENSG00000225611.1,1.862697443,-0.475246375,0.719343934,2.25E-06,3.77E-05,0.000272374,CCDC13-AS2
ENSG00000226640,ENSG00000226640.2,-0.519304286,0.547547773,1.461599224,2.15E-06,3.63E-05,0.000272374,
ENSG00000232680,ENSG00000232680.2,0.985440134,0.57273028,1.48733567,2.16E-06,3.63E-05,0.000272374,
ENSG00000239941,ENSG00000239941.1,0.846095144,-0.432722204,0.740862541,2.24E-06,3.75E-05,0.000272374,LINC02917
ENSG00000259182,ENSG00000259182.5,0.419230203,0.596881307,1.512443561,2.06E-06,3.49E-05,0.000272374,
ENSG00000261367,ENSG00000261367.1,0.084431643,-0.570568113,0.67335158,2.16E-06,3.64E-05,0.000272374,
ENSG00000267481,ENSG00000267481.1,3.50168388,-0.222756068,0.856926833,2.13E-06,3.59E-05,0.000272374,
ENSG00000169554,ENSG00000169554.18,9.355165549,0.214444728,1.160257262,2.31E-06,3.86E-05,0.000282195,ZEB2
ENSG00000002745,ENSG00000002745.12,0.357396151,-0.766549012,0.587821889,2.34E-06,3.89E-05,0.000288295,WNT16
ENSG00000073614,ENSG00000073614.12,8.868471547,-0.12389571,0.917706219,2.38E-06,3.96E-05,0.000288295,KDM5A
ENSG00000124541,ENSG00000124541.6,4.940403194,-0.142321452,0.906060033,2.39E-06,3.97E-05,0.000288295,RRP36
ENSG00000169403,ENSG00000169403.11,8.512287214,-0.393260163,0.761407052,2.40E-06,3.98E-05,0.000288295,PTAFR
ENSG00000175984,ENSG00000175984.14,1.927938158,-0.399639231,0.758047822,2.35E-06,3.91E-05,0.000288295,DENND2C
ENSG00000198087,ENSG00000198087.7,5.309518758,0.286551935,1.219721637,2.37E-06,3.94E-05,0.000288295,CD2AP
ENSG00000231123,ENSG00000231123.1,-1.225472991,0.449266663,1.365346061,2.38E-06,3.96E-05,0.000288295,SPATA20P1
ENSG00000238741,ENSG00000238741.1,6.299479686,0.630250662,1.5478339,2.40E-06,3.98E-05,0.000288295,SCARNA7
ENSG00000276248,ENSG00000276248.1,3.32512108,0.335690358,1.261981147,2.32E-06,3.87E-05,0.000288295,
ENSG00000005022,ENSG00000005022.5,6.255596966,-0.180042053,0.882677267,2.58E-06,4.24E-05,0.000290559,SLC25A5
ENSG00000034053,ENSG00000034053.14,5.299963978,-0.384753957,0.765909609,2.47E-06,4.08E-05,0.000290559,APBA2
ENSG00000100227,ENSG00000100227.17,6.383853724,-0.213391462,0.862507279,2.51E-06,4.14E-05,0.000290559,POLDIP3
ENSG00000124507,ENSG00000124507.10,-0.405872204,-0.551764659,0.682185191,2.48E-06,4.09E-05,0.000290559,PACSIN1
ENSG00000125691,ENSG00000125691.12,6.618403499,0.574355287,1.489011903,2.54E-06,4.18E-05,0.000290559,RPL23
ENSG00000133805,ENSG00000133805.15,6.119958584,0.23402615,1.176112568,2.60E-06,4.27E-05,0.000290559,AMPD3
ENSG00000138744,ENSG00000138744.14,6.372411998,-0.272302016,0.827997309,2.58E-06,4.24E-05,0.000290559,NAAA
ENSG00000140326,ENSG00000140326.12,3.88469379,-0.265810249,0.831731485,2.59E-06,4.26E-05,0.000290559,CDAN1
ENSG00000149658,ENSG00000149658.17,5.098397721,-0.135936394,0.910078947,2.48E-06,4.10E-05,0.000290559,YTHDF1
ENSG00000163374,ENSG00000163374.19,5.959262167,0.244687183,1.184835837,2.50E-06,4.12E-05,0.000290559,YY1AP1
ENSG00000164967,ENSG00000164967.9,3.902313785,-0.283190803,0.821771497,2.48E-06,4.09E-05,0.000290559,RPP25L
ENSG00000166326,ENSG00000166326.6,6.705406691,-0.146151336,0.90365793,2.53E-06,4.17E-05,0.000290559,TRIM44
ENSG00000169442,ENSG00000169442.8,7.25901673,0.382614633,1.303702449,2.49E-06,4.12E-05,0.000290559,CD52
ENSG00000179253,ENSG00000179253.3,2.045399565,-0.588957981,0.664822917,2.59E-06,4.25E-05,0.000290559,
ENSG00000183044,ENSG00000183044.11,5.038285491,-0.347311605,0.786047497,2.52E-06,4.15E-05,0.000290559,ABAT
ENSG00000198429,ENSG00000198429.9,2.542848489,-0.310448377,0.806391101,2.41E-06,3.99E-05,0.000290559,ZNF69
ENSG00000224177,ENSG00000224177.6,2.567904774,0.642905093,1.561470261,2.57E-06,4.23E-05,0.000290559,LINC00570
ENSG00000233461,ENSG00000233461.5,1.420331915,0.430318771,1.347531288,2.44E-06,4.04E-05,0.000290559,
ENSG00000258405,ENSG00000258405.9,0.856657969,-0.413318798,0.750894017,2.61E-06,4.28E-05,0.000290559,ZNF578
ENSG00000259411,ENSG00000259411.1,-2.031543604,-0.197541098,0.872035578,2.61E-06,4.28E-05,0.000290559,HNRNPA1P45
ENSG00000259418,ENSG00000259418.1,0.733829048,0.532522349,1.446455911,2.55E-06,4.20E-05,0.000290559,
ENSG00000259768,ENSG00000259768.5,1.498087294,-0.380021788,0.768425986,2.61E-06,4.27E-05,0.000290559,ZFHX3-AS1
ENSG00000005156,ENSG00000005156.11,5.509077957,-0.178835022,0.883416068,2.81E-06,4.57E-05,0.000344654,LIG3
ENSG00000006712,ENSG00000006712.14,3.947780447,-0.256836431,0.836921125,2.81E-06,4.57E-05,0.000344654,PAF1
ENSG00000007350,ENSG00000007350.16,2.159379713,-0.572844762,0.672289833,3.05E-06,4.90E-05,0.000344654,TKTL1
ENSG00000008853,ENSG00000008853.16,3.115197277,-0.375011575,0.771099226,3.02E-06,4.86E-05,0.000344654,RHOBTB2
ENSG00000072840,ENSG00000072840.12,1.083399119,0.524594238,1.438528933,2.93E-06,4.73E-05,0.000344654,EVC
ENSG00000100105,ENSG00000100105.17,4.463020867,-0.241396139,0.845926288,2.96E-06,4.77E-05,0.000344654,PATZ1
ENSG00000105732,ENSG00000105732.12,3.449616537,-0.389696751,0.763290028,2.98E-06,4.80E-05,0.000344654,ZNF574
ENSG00000109805,ENSG00000109805.9,1.771382576,0.532700653,1.44663469,2.92E-06,4.72E-05,0.000344654,NCAPG
ENSG00000112303,ENSG00000112303.13,9.503971851,0.454635235,1.370436266,2.84E-06,4.61E-05,0.000344654,VNN2
ENSG00000114030,ENSG00000114030.12,6.969676843,0.153150799,1.111995384,2.98E-06,4.80E-05,0.000344654,KPNA1
ENSG00000140025,ENSG00000140025.15,1.894039506,-0.276846995,0.825392941,2.61E-06,4.29E-05,0.000344654,EFCAB11
ENSG00000140948,ENSG00000140948.11,4.389439361,-0.19125405,0.875844071,3.00E-06,4.83E-05,0.000344654,ZCCHC14
ENSG00000141002,ENSG00000141002.19,6.511977589,-0.27103573,0.82872438,3.00E-06,4.84E-05,0.000344654,TCF25
ENSG00000143416,ENSG00000143416.20,7.298210714,0.785282741,1.723430047,2.75E-06,4.48E-05,0.000344654,SELENBP1
ENSG00000143494,ENSG00000143494.15,-0.906916955,-0.480689626,0.716634982,2.95E-06,4.76E-05,0.000344654,VASH2
ENSG00000145391,ENSG00000145391.13,5.579249438,0.180123951,1.132981222,2.95E-06,4.77E-05,0.000344654,SETD7
ENSG00000146278,ENSG00000146278.10,7.45759697,0.201411588,1.149822835,2.68E-06,4.38E-05,0.000344654,PNRC1
ENSG00000160963,ENSG00000160963.13,-1.281002706,-0.606543708,0.656768251,3.04E-06,4.89E-05,0.000344654,COL26A1
ENSG00000162520,ENSG00000162520.14,-0.738838343,0.466787464,1.382028593,2.85E-06,4.63E-05,0.000344654,SYNC
ENSG00000169814,ENSG00000169814.12,4.39010373,-0.163722417,0.89271872,2.99E-06,4.82E-05,0.000344654,BTD
ENSG00000170837,ENSG00000170837.2,4.344981573,0.435140512,1.35204251,2.74E-06,4.46E-05,0.000344654,GPR27
ENSG00000170954,ENSG00000170954.11,0.420825002,-0.629060789,0.646597221,2.92E-06,4.72E-05,0.000344654,ZNF415
ENSG00000171612,ENSG00000171612.6,1.811244519,-0.259767743,0.83522237,2.84E-06,4.61E-05,0.000344654,SLC25A33
ENSG00000173818,ENSG00000173818.16,3.15156201,-0.252417739,0.83948838,2.89E-06,4.68E-05,0.000344654,ENDOV
ENSG00000175591,ENSG00000175591.11,2.940199052,-0.507756168,0.703315459,2.76E-06,4.50E-05,0.000344654,P2RY2
ENSG00000178722,ENSG00000178722.12,-1.564025228,-0.438162491,0.738074069,2.82E-06,4.58E-05,0.000344654,C5orf64
ENSG00000185880,ENSG00000185880.12,6.13052789,0.224750161,1.168574863,2.76E-06,4.49E-05,0.000344654,TRIM69
ENSG00000188886,ENSG00000188886.3,-1.093097531,-0.455110877,0.729454109,2.93E-06,4.74E-05,0.000344654,ASTL
ENSG00000196684,ENSG00000196684.12,6.088887323,-0.390971307,0.762615994,3.05E-06,4.90E-05,0.000344654,HSH2D
ENSG00000197054,ENSG00000197054.11,2.197752612,-0.30123794,0.811555722,2.75E-06,4.48E-05,0.000344654,ZNF763
ENSG00000197362,ENSG00000197362.14,3.832309364,-0.216316967,0.860760055,2.96E-06,4.77E-05,0.000344654,ZNF786
ENSG00000198169,ENSG00000198169.8,4.272807824,-0.201679867,0.869537489,2.87E-06,4.65E-05,0.000344654,ZNF251
ENSG00000204740,ENSG00000204740.10,-1.39018371,-0.438002299,0.738156026,2.72E-06,4.44E-05,0.000344654,MALRD1
ENSG00000213090,ENSG00000213090.2,3.295382082,0.273340459,1.208603026,2.78E-06,4.52E-05,0.000344654,SCYL2P1
ENSG00000214279,ENSG00000214279.13,3.569476568,-0.487189234,0.71341367,3.03E-06,4.88E-05,0.000344654,SCART1
ENSG00000240934,ENSG00000240934.2,-1.402891487,0.452723908,1.368621872,3.00E-06,4.84E-05,0.000344654,
ENSG00000258869,ENSG00000258869.1,-1.53855926,-0.317829092,0.802276202,2.87E-06,4.66E-05,0.000344654,LINC02312
ENSG00000261879,ENSG00000261879.5,1.600259034,-0.33608734,0.792186851,2.70E-06,4.41E-05,0.000344654,ZNF594-DT
ENSG00000273644,ENSG00000273644.1,-1.201266962,0.48507579,1.399659393,2.86E-06,4.64E-05,0.000344654,
ENSG00000284543,ENSG00000284543.1,-0.201011413,-0.56702734,0.675006201,2.74E-06,4.47E-05,0.000344654,LINC01226
ENSG00000100504,ENSG00000100504.16,8.414417032,0.405128477,1.32420683,3.12E-06,5.00E-05,0.00034937,PYGL
ENSG00000106804,ENSG00000106804.7,3.288350625,0.292861109,1.225067386,3.06E-06,4.91E-05,0.00034937,C5
ENSG00000107249,ENSG00000107249.21,0.958910475,-0.60429486,0.657792808,3.12E-06,4.99E-05,0.00034937,GLIS3
ENSG00000108256,ENSG00000108256.8,8.608336859,0.151777855,1.110937654,3.09E-06,4.96E-05,0.00034937,NUFIP2
ENSG00000119231,ENSG00000119231.10,7.011924241,-0.083591443,0.943705461,3.11E-06,4.98E-05,0.00034937,SENP5
ENSG00000141753,ENSG00000141753.6,1.091089716,-0.517397168,0.698631129,3.14E-06,5.02E-05,0.00034937,IGFBP4
ENSG00000163516,ENSG00000163516.13,6.570274066,-0.152122726,0.899925372,3.13E-06,5.02E-05,0.00034937,ANKZF1
ENSG00000168060,ENSG00000168060.15,3.02430958,-0.37413376,0.771568548,3.15E-06,5.04E-05,0.00034937,NAALADL1
ENSG00000170522,ENSG00000170522.9,3.108625522,0.369469328,1.291877547,3.17E-06,5.07E-05,0.00034937,ELOVL6
ENSG00000204371,ENSG00000204371.11,4.513332988,-0.305187075,0.809337263,3.18E-06,5.07E-05,0.00034937,EHMT2
ENSG00000260807,ENSG00000260807.6,1.563986521,-0.661336889,0.632292105,3.15E-06,5.03E-05,0.00034937,CEROX1
ENSG00000106341,ENSG00000106341.10,-0.618828075,-0.62316271,0.649246074,3.18E-06,5.08E-05,0.000460159,PPP1R17
ENSG00000110917,ENSG00000110917.7,6.442091228,-0.164732577,0.892093866,3.23E-06,5.15E-05,0.000460159,MLEC
ENSG00000131473,ENSG00000131473.16,6.831706591,-0.245097501,0.843758771,3.22E-06,5.13E-05,0.000460159,ACLY
ENSG00000136807,ENSG00000136807.13,5.715155786,-0.204413145,0.867891654,3.21E-06,5.12E-05,0.000460159,CDK9
ENSG00000029364,ENSG00000029364.11,6.56972587,-0.097684787,0.934531509,3.28E-06,5.21E-05,0.000470563,SLC39A9
ENSG00000070731,ENSG00000070731.10,3.816848986,-0.502486373,0.705889187,3.30E-06,5.25E-05,0.000470563,ST6GALNAC2
ENSG00000087253,ENSG00000087253.12,7.163169351,0.334600051,1.261027773,3.42E-06,5.41E-05,0.000470563,LPCAT2
ENSG00000090060,ENSG00000090060.17,8.342458272,0.161897678,1.118757751,3.58E-06,5.64E-05,0.000470563,PAPOLA
ENSG00000091483,ENSG00000091483.6,4.590091839,-0.184520181,0.879941683,3.33E-06,5.29E-05,0.000470563,FH
ENSG00000092094,ENSG00000092094.10,5.502044939,-0.144323593,0.904803495,3.57E-06,5.62E-05,0.000470563,OSGEP
ENSG00000093144,ENSG00000093144.18,5.452617766,0.260355906,1.197774153,3.38E-06,5.36E-05,0.000470563,ECHDC1
ENSG00000104660,ENSG00000104660.17,6.694813753,-0.183483651,0.88057412,3.61E-06,5.69E-05,0.000470563,LEPROTL1
ENSG00000111361,ENSG00000111361.12,5.350417364,-0.126585559,0.915996786,3.36E-06,5.33E-05,0.000470563,EIF2B1
ENSG00000115053,ENSG00000115053.15,6.80907444,-0.229667168,0.852831619,3.62E-06,5.69E-05,0.000470563,NCL
ENSG00000122861,ENSG00000122861.15,0.490426331,0.528605401,1.442534078,3.36E-06,5.33E-05,0.000470563,PLAU
ENSG00000134294,ENSG00000134294.13,7.931875249,0.213936023,1.15984822,3.24E-06,5.16E-05,0.000470563,SLC38A2
ENSG00000135709,ENSG00000135709.12,7.174679202,-0.35470541,0.782029313,3.49E-06,5.51E-05,0.000470563,KIAA0513
ENSG00000139117,ENSG00000139117.13,4.374413369,0.26816967,1.204279003,3.50E-06,5.53E-05,0.000470563,CPNE8
ENSG00000140563,ENSG00000140563.14,8.470168883,0.306363549,1.236586832,3.47E-06,5.49E-05,0.000470563,MCTP2
ENSG00000143786,ENSG00000143786.7,2.345352028,-0.392438044,0.761841063,3.58E-06,5.64E-05,0.000470563,CNIH3
ENSG00000152270,ENSG00000152270.8,7.735387359,-0.227778192,0.853948995,3.46E-06,5.47E-05,0.000470563,PDE3B
ENSG00000169446,ENSG00000169446.5,4.964459707,0.134741352,1.097895964,3.35E-06,5.32E-05,0.000470563,MMGT1
ENSG00000197747,ENSG00000197747.8,5.22258633,0.228973337,1.172000623,3.62E-06,5.69E-05,0.000470563,S100A10
ENSG00000198270,ENSG00000198270.12,4.872493521,0.209655039,1.156411643,3.38E-06,5.36E-05,0.000470563,TMEM116
ENSG00000198898,ENSG00000198898.13,6.833927957,0.349918002,1.274488188,3.32E-06,5.27E-05,0.000470563,CAPZA2
ENSG00000211899,ENSG00000211899.9,7.196350346,-0.785724164,0.580060721,3.57E-06,5.63E-05,0.000470563,IGHM
ENSG00000226571,ENSG00000226571.1,0.168998408,-0.686423258,0.621392504,3.46E-06,5.48E-05,0.000470563,
ENSG00000244045,ENSG00000244045.12,4.856633635,-0.121508101,0.919226248,3.62E-06,5.69E-05,0.000470563,TMEM199
ENSG00000244754,ENSG00000244754.8,8.462805838,0.178649473,1.131823873,3.43E-06,5.43E-05,0.000470563,N4BP2L2
ENSG00000010165,ENSG00000010165.19,4.596969693,-0.16950797,0.889145872,4.32E-06,6.65E-05,0.000491961,METTL13
ENSG00000057757,ENSG00000057757.9,7.385256565,0.622864731,1.539929956,4.50E-06,6.89E-05,0.000491961,PITHD1
ENSG00000058091,ENSG00000058091.16,5.4062863,0.336463483,1.262657611,3.62E-06,5.69E-05,0.000491961,CDK14
ENSG00000086232,ENSG00000086232.12,7.683686328,0.515811684,1.429798341,3.95E-06,6.15E-05,0.000491961,EIF2AK1
ENSG00000099783,ENSG00000099783.11,6.455825323,-0.160096744,0.894965054,4.40E-06,6.76E-05,0.000491961,HNRNPM
ENSG00000102753,ENSG00000102753.9,4.898794857,0.15595133,1.114156064,4.12E-06,6.39E-05,0.000491961,KPNA3
ENSG00000102786,ENSG00000102786.14,7.660752087,0.157248023,1.115157916,3.76E-06,5.89E-05,0.000491961,INTS6
ENSG00000102967,ENSG00000102967.11,2.928212582,-0.248266311,0.841907529,4.06E-06,6.30E-05,0.000491961,DHODH
ENSG00000105835,ENSG00000105835.11,10.48588352,0.43609237,1.352934851,3.93E-06,6.12E-05,0.000491961,NAMPT
ENSG00000110046,ENSG00000110046.12,5.240989467,-0.579584673,0.669156388,3.94E-06,6.14E-05,0.000491961,ATG2A
ENSG00000110076,ENSG00000110076.18,-0.488055089,-0.528244396,0.693398011,3.95E-06,6.15E-05,0.000491961,NRXN2
ENSG00000111832,ENSG00000111832.12,3.740820204,0.291058162,1.223537367,4.45E-06,6.82E-05,0.000491961,RWDD1
ENSG00000112414,ENSG00000112414.14,0.395376471,-0.515302676,0.699646132,3.86E-06,6.02E-05,0.000491961,ADGRG6
ENSG00000113318,ENSG00000113318.9,4.951349806,0.176412072,1.130069946,4.55E-06,6.95E-05,0.000491961,MSH3
ENSG00000117242,ENSG00000117242.7,3.223864266,-0.281971981,0.822466042,4.35E-06,6.68E-05,0.000491961,PINK1-AS
ENSG00000122692,ENSG00000122692.8,6.548458468,-0.103632613,0.93068663,4.14E-06,6.40E-05,0.000491961,SMU1
ENSG00000123178,ENSG00000123178.14,2.006767634,0.242369942,1.182934294,3.97E-06,6.17E-05,0.000491961,SPRYD7
ENSG00000123570,ENSG00000123570.3,0.521356974,-0.398647058,0.758569327,4.55E-06,6.95E-05,0.000491961,RAB9B
ENSG00000123609,ENSG00000123609.10,6.103923728,0.287207631,1.220276119,4.40E-06,6.76E-05,0.000491961,NMI
ENSG00000131469,ENSG00000131469.12,6.996398177,0.402185779,1.321508568,4.43E-06,6.79E-05,0.000491961,RPL27
ENSG00000131747,ENSG00000131747.14,2.429598658,0.442365874,1.358830847,4.15E-06,6.42E-05,0.000491961,TOP2A
ENSG00000133985,ENSG00000133985.2,3.90993056,-0.347483248,0.785953983,4.43E-06,6.79E-05,0.000491961,TTC9
ENSG00000135763,ENSG00000135763.9,4.483332067,-0.195666073,0.873169672,4.19E-06,6.48E-05,0.000491961,URB2
ENSG00000136160,ENSG00000136160.14,-1.576610242,0.435888872,1.352744028,3.90E-06,6.08E-05,0.000491961,EDNRB
ENSG00000136999,ENSG00000136999.4,3.55591401,-0.509010077,0.702704442,4.24E-06,6.54E-05,0.000491961,CCN3
ENSG00000143164,ENSG00000143164.15,6.409513827,0.254491296,1.192915039,3.91E-06,6.10E-05,0.000491961,DCAF6
ENSG00000145920,ENSG00000145920.14,-1.641535729,-0.383009886,0.766836075,3.95E-06,6.15E-05,0.000491961,CPLX2
ENSG00000150625,ENSG00000150625.16,0.402280903,-0.855645029,0.552618196,4.22E-06,6.51E-05,0.000491961,GPM6A
ENSG00000157107,ENSG00000157107.13,6.000268636,0.313166426,1.242431598,4.00E-06,6.22E-05,0.000491961,FCHO2
ENSG00000157657,ENSG00000157657.14,2.044733399,-0.382807675,0.766943564,3.85E-06,6.02E-05,0.000491961,ZNF618
ENSG00000158246,ENSG00000158246.7,-1.421033702,-0.410502559,0.752361245,3.79E-06,5.94E-05,0.000491961,TENT5B
ENSG00000158473,ENSG00000158473.6,5.518836004,-0.293732818,0.81578856,4.58E-06,7.00E-05,0.000491961,CD1D
ENSG00000159674,ENSG00000159674.11,4.937910459,-0.527433718,0.693787754,4.23E-06,6.53E-05,0.000491961,SPON2
ENSG00000163660,ENSG00000163660.11,8.397341749,0.178467287,1.131680954,4.33E-06,6.66E-05,0.000491961,CCNL1
ENSG00000163788,ENSG00000163788.13,8.331627939,-0.172430003,0.88734682,4.51E-06,6.90E-05,0.000491961,SNRK
ENSG00000163935,ENSG00000163935.13,4.577865018,-0.243024433,0.844972074,4.53E-06,6.93E-05,0.000491961,SFMBT1
ENSG00000167670,ENSG00000167670.15,2.883767484,-0.253829074,0.838667541,4.33E-06,6.66E-05,0.000491961,CHAF1A
ENSG00000168878,ENSG00000168878.16,-1.803004777,-0.293371716,0.815992775,4.48E-06,6.86E-05,0.000491961,SFTPB
ENSG00000172053,ENSG00000172053.17,6.77675597,-0.200395532,0.870311924,4.31E-06,6.63E-05,0.000491961,QARS1
ENSG00000173542,ENSG00000173542.8,5.537234132,0.231508155,1.17406164,4.13E-06,6.39E-05,0.000491961,MOB1B
ENSG00000173660,ENSG00000173660.11,4.552472973,0.291810227,1.224175353,4.35E-06,6.69E-05,0.000491961,UQCRH
ENSG00000174749,ENSG00000174749.5,3.310963111,0.246462487,1.186294731,4.13E-06,6.40E-05,0.000491961,FAM241A
ENSG00000175970,ENSG00000175970.10,4.929356447,-0.163835843,0.892648536,4.42E-06,6.78E-05,0.000491961,UNC119B
ENSG00000180801,ENSG00000180801.13,-0.850762081,-0.52153227,0.696631556,4.24E-06,6.55E-05,0.000491961,ARSJ
ENSG00000182199,ENSG00000182199.10,5.239730549,-0.282957867,0.82190419,4.26E-06,6.56E-05,0.000491961,SHMT2
ENSG00000183780,ENSG00000183780.12,0.3858074,-0.595039927,0.662026133,3.64E-06,5.72E-05,0.000491961,SLC35F3
ENSG00000197852,ENSG00000197852.9,7.075765262,-0.403539845,0.756001056,4.28E-06,6.59E-05,0.000491961,INKA2
ENSG00000198917,ENSG00000198917.12,4.840502947,-0.321762549,0.800091803,4.55E-06,6.95E-05,0.000491961,SPOUT1
ENSG00000204514,ENSG00000204514.9,4.429565969,-0.275350072,0.826249803,4.30E-06,6.63E-05,0.000491961,ZNF814
ENSG00000204568,ENSG00000204568.11,4.804976608,-0.21073793,0.864095139,4.17E-06,6.44E-05,0.000491961,MRPS18B
ENSG00000211892,ENSG00000211892.3,-0.063293253,-0.881638973,0.542750489,4.17E-06,6.45E-05,0.000491961,IGHG4
ENSG00000215114,ENSG00000215114.8,6.815512232,0.283924634,1.217502415,4.58E-06,6.99E-05,0.000491961,UBXN2B
ENSG00000225008,ENSG00000225008.1,-1.275276,0.441759872,1.358260191,4.53E-06,6.92E-05,0.000491961,TWF1P2
ENSG00000233057,ENSG00000233057.1,-0.251770938,0.454502984,1.370310645,4.28E-06,6.59E-05,0.000491961,EEF1A1P14
ENSG00000240498,ENSG00000240498.6,0.410434269,0.418551557,1.336584971,4.06E-06,6.29E-05,0.000491961,CDKN2B-AS1
ENSG00000248476,ENSG00000248476.1,3.532077184,0.341258458,1.266861191,4.50E-06,6.89E-05,0.000491961,BACH1-IT1
ENSG00000248734,ENSG00000248734.2,2.478669427,0.346362308,1.271350927,4.33E-06,6.66E-05,0.000491961,
ENSG00000274213,ENSG00000274213.1,1.128394172,0.508140021,1.422215437,4.38E-06,6.72E-05,0.000491961,
ENSG00000274523,ENSG00000274523.4,4.243852329,-0.237486815,0.848221634,3.78E-06,5.92E-05,0.000491961,RCC1L
ENSG00000279829,ENSG00000279829.1,-0.840103011,-0.545330002,0.685234644,3.83E-06,5.98E-05,0.000491961,
ENSG00000022567,ENSG00000022567.9,7.411590544,-0.408469711,0.753422116,4.76E-06,7.23E-05,0.00051241,SLC45A4
ENSG00000030419,ENSG00000030419.16,6.489297586,-0.31358179,0.804641587,5.10E-06,7.67E-05,0.00051241,IKZF2
ENSG00000088766,ENSG00000088766.11,4.80224333,0.181955973,1.134420865,5.38E-06,8.02E-05,0.00051241,CRLS1
ENSG00000089597,ENSG00000089597.16,6.504630936,-0.261387667,0.83428507,5.38E-06,8.02E-05,0.00051241,GANAB
ENSG00000099246,ENSG00000099246.16,6.563641867,0.234485483,1.176487085,4.78E-06,7.26E-05,0.00051241,RAB18
ENSG00000100532,ENSG00000100532.11,3.528379502,0.243834316,1.184135614,5.61E-06,8.31E-05,0.00051241,CGRRF1
ENSG00000100731,ENSG00000100731.15,9.353148954,0.197866652,1.147001002,5.66E-06,8.38E-05,0.00051241,PCNX1
ENSG00000102531,ENSG00000102531.16,6.522832671,0.121172828,1.087618675,5.27E-06,7.88E-05,0.00051241,FNDC3A
ENSG00000103423,ENSG00000103423.13,5.083065337,-0.200020214,0.870538366,4.97E-06,7.50E-05,0.00051241,DNAJA3
ENSG00000106327,ENSG00000106327.12,2.022182492,0.596667571,1.512219509,5.07E-06,7.62E-05,0.00051241,TFR2
ENSG00000108465,ENSG00000108465.14,6.847266448,-0.198376426,0.871530811,4.74E-06,7.20E-05,0.00051241,CDK5RAP3
ENSG00000110911,ENSG00000110911.14,5.803893464,0.148761468,1.108617332,5.11E-06,7.68E-05,0.00051241,SLC11A2
ENSG00000112077,ENSG00000112077.15,2.439550848,0.5970048,1.512573029,4.85E-06,7.34E-05,0.00051241,RHAG
ENSG00000112144,ENSG00000112144.15,4.803665297,-0.123978266,0.917653706,5.22E-06,7.82E-05,0.00051241,CILK1
ENSG00000112308,ENSG00000112308.12,8.558644353,0.165367604,1.121451792,5.40E-06,8.05E-05,0.00051241,C6orf62
ENSG00000113719,ENSG00000113719.15,7.889917052,-0.329137704,0.796012116,5.18E-06,7.77E-05,0.00051241,ERGIC1
ENSG00000114784,ENSG00000114784.3,5.072243052,0.305118679,1.235520269,5.47E-06,8.14E-05,0.00051241,EIF1B
ENSG00000115128,ENSG00000115128.6,3.973229017,0.339398456,1.265228936,4.69E-06,7.13E-05,0.00051241,SF3B6
ENSG00000117362,ENSG00000117362.12,6.663454923,-0.178461463,0.883644842,4.59E-06,7.00E-05,0.00051241,APH1A
ENSG00000119596,ENSG00000119596.17,6.821137109,-0.179715213,0.882877259,5.47E-06,8.14E-05,0.00051241,YLPM1
ENSG00000121152,ENSG00000121152.9,1.424588702,0.397272325,1.3170155,5.63E-06,8.33E-05,0.00051241,NCAPH
ENSG00000121297,ENSG00000121297.6,3.602466237,0.382640238,1.303725587,5.60E-06,8.30E-05,0.00051241,TSHZ3
ENSG00000125686,ENSG00000125686.11,6.179139037,-0.110820886,0.926060988,5.52E-06,8.20E-05,0.00051241,MED1
ENSG00000130254,ENSG00000130254.11,6.308768981,-0.127930556,0.915143217,4.72E-06,7.18E-05,0.00051241,SAFB2
ENSG00000135655,ENSG00000135655.15,9.429632125,0.293129705,1.225295487,5.34E-06,7.97E-05,0.00051241,USP15
ENSG00000136546,ENSG00000136546.13,-1.451585486,-0.458783006,0.727599771,5.53E-06,8.21E-05,0.00051241,SCN7A
ENSG00000136560,ENSG00000136560.13,7.484332234,0.185436488,1.13716097,5.63E-06,8.34E-05,0.00051241,TANK
ENSG00000137171,ENSG00000137171.14,3.528624024,-0.283281651,0.821719751,5.23E-06,7.84E-05,0.00051241,KLC4
ENSG00000138395,ENSG00000138395.14,-0.335209485,-0.64600189,0.639048844,4.91E-06,7.42E-05,0.00051241,CDK15
ENSG00000140382,ENSG00000140382.14,5.555642851,-0.131239044,0.913046952,5.16E-06,7.74E-05,0.00051241,HMG20A
ENSG00000141096,ENSG00000141096.4,2.652464861,-0.515106198,0.699741422,5.09E-06,7.66E-05,0.00051241,DPEP3
ENSG00000143319,ENSG00000143319.16,5.209456792,-0.128012114,0.915091485,5.45E-06,8.12E-05,0.00051241,ISG20L2
ENSG00000143612,ENSG00000143612.19,5.90164834,0.137243136,1.099801482,5.45E-06,8.11E-05,0.00051241,C1orf43
ENSG00000143977,ENSG00000143977.13,3.286219956,0.332431427,1.259133652,4.65E-06,7.09E-05,0.00051241,SNRPG
ENSG00000148450,ENSG00000148450.12,3.582196143,-0.332475981,0.79417234,4.65E-06,7.08E-05,0.00051241,MSRB2
ENSG00000149257,ENSG00000149257.13,2.457181091,-0.32536875,0.798094369,4.86E-06,7.36E-05,0.00051241,SERPINH1
ENSG00000149571,ENSG00000149571.11,-1.332002345,-0.454024463,0.730003627,5.29E-06,7.91E-05,0.00051241,KIRREL3
ENSG00000150779,ENSG00000150779.11,3.079606725,0.334909806,1.261298553,5.35E-06,7.99E-05,0.00051241,TIMM8B
ENSG00000151150,ENSG00000151150.21,6.337197602,0.358535928,1.282124116,5.33E-06,7.96E-05,0.00051241,ANK3
ENSG00000154813,ENSG00000154813.9,4.432933069,0.221806257,1.166192748,5.65E-06,8.36E-05,0.00051241,DPH3
ENSG00000157600,ENSG00000157600.11,6.892012511,-0.461250227,0.726356532,5.02E-06,7.56E-05,0.00051241,TMEM164
ENSG00000158864,ENSG00000158864.12,5.660728626,-0.161203853,0.894278531,4.66E-06,7.09E-05,0.00051241,NDUFS2
ENSG00000160633,ENSG00000160633.12,6.578328185,-0.14697148,0.903144364,4.78E-06,7.26E-05,0.00051241,SAFB
ENSG00000162614,ENSG00000162614.18,1.306116072,-0.421552712,0.746620635,5.78E-06,8.52E-05,0.00051241,NEXN
ENSG00000163159,ENSG00000163159.12,4.243590993,-0.181872143,0.881558281,4.98E-06,7.51E-05,0.00051241,VPS72
ENSG00000164023,ENSG00000164023.14,4.778560514,0.320886386,1.249097754,4.68E-06,7.12E-05,0.00051241,SGMS2
ENSG00000164105,ENSG00000164105.3,3.034103841,0.300047227,1.231184716,5.45E-06,8.10E-05,0.00051241,SAP30
ENSG00000167815,ENSG00000167815.11,5.617882319,0.602616395,1.518467883,5.03E-06,7.58E-05,0.00051241,PRDX2
ENSG00000169635,ENSG00000169635.9,3.951221464,-0.268881827,0.829962566,5.45E-06,8.11E-05,0.00051241,HIC2
ENSG00000175376,ENSG00000175376.8,4.393943927,-0.17198191,0.887622467,5.06E-06,7.62E-05,0.00051241,EIF1AD
ENSG00000178163,ENSG00000178163.7,6.130391199,-0.190618033,0.876230275,5.05E-06,7.60E-05,0.00051241,ZNF518B
ENSG00000179909,ENSG00000179909.15,4.103326535,-0.514053473,0.700252205,5.72E-06,8.44E-05,0.00051241,ZNF154
ENSG00000180739,ENSG00000180739.13,5.269795443,-0.49345881,0.710320088,4.91E-06,7.42E-05,0.00051241,S1PR5
ENSG00000181704,ENSG00000181704.11,6.122862916,0.243231035,1.183640556,5.51E-06,8.18E-05,0.00051241,YIPF6
ENSG00000184007,ENSG00000184007.18,8.12259348,0.134934603,1.098043038,5.52E-06,8.20E-05,0.00051241,PTP4A2
ENSG00000188672,ENSG00000188672.17,1.265869172,0.6501351,1.569315146,5.68E-06,8.40E-05,0.00051241,RHCE
ENSG00000197496,ENSG00000197496.5,-1.200988355,-0.447730734,0.73319521,5.75E-06,8.48E-05,0.00051241,SLC2A10
ENSG00000204271,ENSG00000204271.12,4.566823791,-0.23998337,0.846755073,5.09E-06,7.65E-05,0.00051241,SPIN3
ENSG00000206561,ENSG00000206561.12,3.309934143,-0.404129261,0.755692253,4.67E-06,7.12E-05,0.00051241,COLQ
ENSG00000224888,ENSG00000224888.4,-0.611245283,-0.495225301,0.709450877,5.76E-06,8.49E-05,0.00051241,
ENSG00000225746,ENSG00000225746.9,-0.843372238,-0.653474075,0.63574756,5.16E-06,7.74E-05,0.00051241,MEG8
ENSG00000225808,ENSG00000225808.1,1.883726571,0.299157983,1.230426075,5.47E-06,8.14E-05,0.00051241,DNAJC19P5
ENSG00000231513,ENSG00000231513.3,-1.319536988,-0.515578343,0.699512458,4.91E-06,7.42E-05,0.00051241,E2F6P4
ENSG00000232656,ENSG00000232656.7,-0.927135131,0.453769293,1.369613942,5.65E-06,8.36E-05,0.00051241,IDI2-AS1
ENSG00000239250,ENSG00000239250.3,-1.029137226,0.566945153,1.481383479,5.16E-06,7.75E-05,0.00051241,RN7SL271P
ENSG00000243287,ENSG00000243287.2,-2.020875001,0.137265362,1.099818425,5.76E-06,8.50E-05,0.00051241,RPS17P14
ENSG00000250507,ENSG00000250507.1,-1.47405136,-0.445665804,0.734245384,5.33E-06,7.96E-05,0.00051241,
ENSG00000250771,ENSG00000250771.2,1.306003626,-0.856673861,0.552224246,5.50E-06,8.17E-05,0.00051241,
ENSG00000254233,ENSG00000254233.1,-0.596537267,-0.480588153,0.716685389,5.68E-06,8.40E-05,0.00051241,LINC02365
ENSG00000257027,ENSG00000257027.1,7.313785183,-0.227395339,0.854175641,5.11E-06,7.68E-05,0.00051241,
ENSG00000263934,ENSG00000263934.4,1.879766069,0.917372954,1.888673019,5.79E-06,8.54E-05,0.00051241,SNORD3A
ENSG00000270557,ENSG00000270557.1,1.682885877,0.314147725,1.243276968,4.85E-06,7.35E-05,0.00051241,
ENSG00000272763,ENSG00000272763.1,-1.063418517,0.561571117,1.475875594,5.79E-06,8.53E-05,0.00051241,LINC03057
ENSG00000273356,ENSG00000273356.1,1.51015321,0.328808657,1.255975791,5.73E-06,8.46E-05,0.00051241,LINC02019
ENSG00000007202,ENSG00000007202.14,7.99865716,-0.176777378,0.884676939,7.22E-06,0.000103056,0.000650683,BLTP2
ENSG00000008256,ENSG00000008256.15,3.724688576,-0.271274948,0.828586978,6.58E-06,9.52E-05,0.000650683,CYTH3
ENSG00000019582,ENSG00000019582.14,7.021937736,-0.447818505,0.733150605,6.35E-06,9.24E-05,0.000650683,CD74
ENSG00000053254,ENSG00000053254.15,7.58702726,-0.185319063,0.879454556,7.46E-06,0.000105961,0.000650683,FOXN3
ENSG00000053328,ENSG00000053328.8,-0.933463201,-0.49355608,0.710272198,7.33E-06,0.000104339,0.000650683,METTL24
ENSG00000063438,ENSG00000063438.16,-0.185788945,0.599324647,1.515007197,7.43E-06,0.000105527,0.000650683,AHRR
ENSG00000066827,ENSG00000066827.15,5.375142324,-0.182338308,0.881273477,7.34E-06,0.000104443,0.000650683,ZFAT
ENSG00000071205,ENSG00000071205.11,4.20924971,0.271898423,1.207395579,7.23E-06,0.000103207,0.000650683,ARHGAP10
ENSG00000073331,ENSG00000073331.17,7.953833659,0.362678765,1.285811149,6.52E-06,9.45E-05,0.000650683,ALPK1
ENSG00000073921,ENSG00000073921.17,9.613466074,0.228816193,1.171872972,7.43E-06,0.000105531,0.000650683,PICALM
ENSG00000075275,ENSG00000075275.16,2.239561315,-0.555511642,0.680415711,7.31E-06,0.000104063,0.000650683,CELSR1
ENSG00000081985,ENSG00000081985.10,2.413807424,-0.444668104,0.734753329,6.04E-06,8.85E-05,0.000650683,IL12RB2
ENSG00000088356,ENSG00000088356.5,3.395163993,-0.203013221,0.868734224,6.28E-06,9.15E-05,0.000650683,PDRG1
ENSG00000089505,ENSG00000089505.17,2.760243955,0.337893467,1.263909764,5.91E-06,8.68E-05,0.000650683,CMTM1
ENSG00000100100,ENSG00000100100.12,7.558738419,-0.288107444,0.818975703,7.18E-06,0.000102607,0.000650683,PIK3IP1
ENSG00000101384,ENSG00000101384.11,3.041219837,0.306993802,1.237127164,6.91E-06,9.93E-05,0.000650683,JAG1
ENSG00000108443,ENSG00000108443.13,5.712888895,0.10725052,1.077173408,6.53E-06,9.47E-05,0.000650683,RPS6KB1
ENSG00000108641,ENSG00000108641.14,0.599627426,-0.395212704,0.760377262,6.13E-06,8.96E-05,0.000650683,B9D1
ENSG00000111537,ENSG00000111537.4,0.40179541,0.621953868,1.538958009,7.49E-06,0.000106263,0.000650683,IFNG
ENSG00000111729,ENSG00000111729.13,5.044469154,0.274935199,1.209939742,6.19E-06,9.04E-05,0.000650683,CLEC4A
ENSG00000112584,ENSG00000112584.13,6.757663068,-0.163287699,0.892987757,7.23E-06,0.000103177,0.000650683,FAM120B
ENSG00000117640,ENSG00000117640.17,5.026804663,-0.160248507,0.894870914,7.47E-06,0.000105985,0.000650683,MTFR1L
ENSG00000126106,ENSG00000126106.13,1.111613282,-0.361727246,0.778232294,6.01E-06,8.81E-05,0.000650683,TMEM53
ENSG00000129538,ENSG00000129538.13,-1.514882574,0.478813452,1.393597028,7.06E-06,0.000101134,0.000650683,RNASE1
ENSG00000130948,ENSG00000130948.9,-0.769895448,-0.457534555,0.72822968,6.14E-06,8.98E-05,0.000650683,HSD17B3
ENSG00000131242,ENSG00000131242.17,7.288045518,-0.265302034,0.832024529,6.28E-06,9.15E-05,0.000650683,RAB11FIP4
ENSG00000131471,ENSG00000131471.6,1.966906354,-0.579751616,0.669078961,6.87E-06,9.89E-05,0.000650683,AOC3
ENSG00000133606,ENSG00000133606.10,10.48203809,0.573311992,1.487935504,6.98E-06,0.000100093,0.000650683,MKRN1
ENSG00000134152,ENSG00000134152.10,6.366987812,0.298472425,1.229841525,7.48E-06,0.000106095,0.000650683,KATNBL1
ENSG00000134765,ENSG00000134765.9,1.727337122,-0.781761898,0.581656009,6.70E-06,9.67E-05,0.000650683,DSC1
ENSG00000135093,ENSG00000135093.12,3.545516958,-0.166174824,0.891202495,6.24E-06,9.11E-05,0.000650683,USP30
ENSG00000137804,ENSG00000137804.12,3.962845026,0.489666323,1.404120083,7.10E-06,0.000101614,0.000650683,NUSAP1
ENSG00000137845,ENSG00000137845.14,8.300336116,0.172376956,1.126913637,6.11E-06,8.93E-05,0.000650683,ADAM10
ENSG00000140455,ENSG00000140455.16,7.930979684,0.172857242,1.127288859,7.18E-06,0.000102611,0.000650683,USP3
ENSG00000140829,ENSG00000140829.11,6.293875317,-0.237504587,0.848211185,6.52E-06,9.45E-05,0.000650683,DHX38
ENSG00000143418,ENSG00000143418.19,6.881005989,-0.19000992,0.876599694,5.81E-06,8.55E-05,0.000650683,CERS2
ENSG00000149591,ENSG00000149591.16,4.069891521,-0.547595478,0.684159459,6.01E-06,8.81E-05,0.000650683,TAGLN
ENSG00000155827,ENSG00000155827.11,6.118657445,-0.173894173,0.886446721,7.08E-06,0.000101383,0.000650683,RNF20
ENSG00000156873,ENSG00000156873.15,4.416379571,-0.222213481,0.857249177,6.03E-06,8.83E-05,0.000650683,PHKG2
ENSG00000157349,ENSG00000157349.16,3.125059746,-0.202074355,0.869299756,5.85E-06,8.61E-05,0.000650683,DDX19B
ENSG00000158156,ENSG00000158156.7,4.385464039,-0.371881463,0.772774041,6.84E-06,9.84E-05,0.000650683,XKR8
ENSG00000159307,ENSG00000159307.18,-1.228851182,-0.461122743,0.726420719,5.99E-06,8.78E-05,0.000650683,SCUBE1
ENSG00000159714,ENSG00000159714.10,0.178900796,-0.459403224,0.727287041,7.45E-06,0.000105819,0.000650683,ZDHHC1
ENSG00000160654,ENSG00000160654.9,5.355607538,0.282664419,1.216439373,6.98E-06,0.000100106,0.000650683,CD3G
ENSG00000162384,ENSG00000162384.13,4.790857013,-0.128859732,0.914554004,6.18E-06,9.02E-05,0.000650683,CZIB
ENSG00000162636,ENSG00000162636.15,5.462506675,0.15964181,1.117009774,7.20E-06,0.000102813,0.000650683,EEIG2
ENSG00000165118,ENSG00000165118.14,3.53418666,-0.196048133,0.872938467,6.78E-06,9.76E-05,0.000650683,QNG1
ENSG00000165566,ENSG00000165566.12,-1.802546626,-0.292039216,0.81674679,5.99E-06,8.78E-05,0.000650683,AMER2
ENSG00000165995,ENSG00000165995.18,-1.328915801,-0.450283149,0.731899189,7.20E-06,0.000102837,0.000650683,CACNB2
ENSG00000166133,ENSG00000166133.17,2.924961957,-0.286824836,0.819704126,6.29E-06,9.16E-05,0.000650683,RPUSD2
ENSG00000166855,ENSG00000166855.9,5.79145084,0.145568412,1.10616639,6.39E-06,9.29E-05,0.000650683,CLPX
ENSG00000168101,ENSG00000168101.14,4.426399124,-0.315042526,0.803827296,7.50E-06,0.000106406,0.000650683,NUDT16L1
ENSG00000169894,ENSG00000169894.17,-1.406635579,-0.477073556,0.718433458,7.20E-06,0.00010284,0.000650683,MUC3A
ENSG00000170439,ENSG00000170439.6,-1.579745544,0.371191541,1.293420643,7.46E-06,0.000105881,0.000650683,TMT1B
ENSG00000172215,ENSG00000172215.5,3.439444574,-0.532695066,0.691262196,5.91E-06,8.69E-05,0.000650683,CXCR6
ENSG00000178966,ENSG00000178966.16,3.757067619,0.258114776,1.195914936,6.54E-06,9.48E-05,0.000650683,RMI1
ENSG00000180155,ENSG00000180155.19,1.267026779,-0.557600224,0.679431389,6.54E-06,9.48E-05,0.000650683,LYNX1
ENSG00000182168,ENSG00000182168.14,-1.509666344,-0.409155059,0.753064291,7.09E-06,0.000101493,0.000650683,UNC5C
ENSG00000183684,ENSG00000183684.7,4.560454011,-0.279054468,0.82413097,6.79E-06,9.79E-05,0.000650683,ALYREF
ENSG00000185947,ENSG00000185947.14,6.522774018,0.336214538,1.262439751,7.01E-06,0.00010048,0.000650683,ZNF267
ENSG00000186074,ENSG00000186074.18,5.911058485,-0.30135196,0.811491585,6.06E-06,8.87E-05,0.000650683,CD300LF
ENSG00000196683,ENSG00000196683.10,5.058672302,0.438156204,1.354871665,7.40E-06,0.000105243,0.000650683,TOMM7
ENSG00000197451,ENSG00000197451.11,5.146449563,-0.188759797,0.877359614,6.40E-06,9.31E-05,0.000650683,HNRNPAB
ENSG00000197629,ENSG00000197629.5,8.384008344,-0.261536751,0.834198862,6.63E-06,9.59E-05,0.000650683,MPEG1
ENSG00000204872,ENSG00000204872.4,0.526173527,-0.565359416,0.675787038,6.77E-06,9.76E-05,0.000650683,NAT8B
ENSG00000215041,ENSG00000215041.9,4.330858748,-0.33323091,0.793756876,7.35E-06,0.000104642,0.000650683,NEURL4
ENSG00000215915,ENSG00000215915.9,-1.069300276,-0.475263728,0.719335282,7.45E-06,0.000105782,0.000650683,ATAD3C
ENSG00000219487,ENSG00000219487.2,-1.243245911,0.477842567,1.392659499,6.43E-06,9.34E-05,0.000650683,
ENSG00000225243,ENSG00000225243.5,-1.897781846,-0.345133621,0.78723506,6.94E-06,9.96E-05,0.000650683,
ENSG00000231566,ENSG00000231566.1,-0.409168296,0.461266895,1.376750273,6.22E-06,9.08E-05,0.000650683,LINC02595
ENSG00000231615,ENSG00000231615.2,1.943590376,0.328135969,1.255390302,7.37E-06,0.000104782,0.000650683,
ENSG00000232533,ENSG00000232533.1,3.093303529,0.274452002,1.209534569,7.17E-06,0.000102461,0.000650683,FAM131B-AS2
ENSG00000235111,ENSG00000235111.1,3.778600374,-0.529329785,0.69287654,7.28E-06,0.000103699,0.000650683,
ENSG00000241468,ENSG00000241468.7,2.809060059,0.218094217,1.163196003,6.35E-06,9.24E-05,0.000650683,ATP5MF
ENSG00000250696,ENSG00000250696.5,3.080287775,-0.733313743,0.601520686,6.48E-06,9.40E-05,0.000650683,
ENSG00000266412,ENSG00000266412.5,10.84066863,0.403015057,1.322268405,7.34E-06,0.000104504,0.000650683,NCOA4
ENSG00000267122,ENSG00000267122.1,-1.754721604,-0.303139263,0.81048688,6.57E-06,9.51E-05,0.000650683,
ENSG00000271361,ENSG00000271361.1,3.018914235,0.581851394,1.496768803,6.30E-06,9.18E-05,0.000650683,HTATSF1P2
ENSG00000272146,ENSG00000272146.5,0.799077516,0.363386707,1.286442261,7.24E-06,0.000103261,0.000650683,ARF4-AS1
ENSG00000274092,ENSG00000274092.1,-1.528145087,0.407958763,1.326807215,6.71E-06,9.69E-05,0.000650683,
ENSG00000279862,ENSG00000279862.1,-1.549146808,-0.416693124,0.7491398,6.58E-06,9.52E-05,0.000650683,
ENSG00000006125,ENSG00000006125.17,7.819608717,0.232361075,1.17475595,7.50E-06,0.000106412,0.000669714,AP2B1
ENSG00000067082,ENSG00000067082.14,8.69607009,0.179536827,1.132520235,8.10E-06,0.000113443,0.000669714,KLF6
ENSG00000081148,ENSG00000081148.11,2.80303746,0.23186951,1.174355747,8.42E-06,0.000117123,0.000669714,IMPG2
ENSG00000081177,ENSG00000081177.18,3.403277026,-0.202852901,0.868830768,8.28E-06,0.00011548,0.000669714,EXD2
ENSG00000100902,ENSG00000100902.10,3.344559868,0.179100722,1.132177943,8.43E-06,0.000117293,0.000669714,PSMA6
ENSG00000102226,ENSG00000102226.9,3.627439728,-0.316108159,0.803233776,7.65E-06,0.000108208,0.000669714,USP11
ENSG00000104889,ENSG00000104889.5,2.579944866,-0.315625999,0.803502268,7.64E-06,0.00010799,0.000669714,RNASEH2A
ENSG00000106780,ENSG00000106780.8,8.643973826,0.326101656,1.25362135,7.76E-06,0.000109468,0.000669714,MEGF9
ENSG00000107242,ENSG00000107242.17,4.496103917,0.332404351,1.25911002,8.31E-06,0.000115916,0.000669714,PIP5K1B
ENSG00000112576,ENSG00000112576.12,7.715820535,-0.247745475,0.842211526,8.49E-06,0.000117925,0.000669714,CCND3
ENSG00000114978,ENSG00000114978.17,8.546850403,0.137514804,1.100008601,8.11E-06,0.000113586,0.000669714,MOB1A
ENSG00000118503,ENSG00000118503.14,5.689301233,0.207754912,1.154889573,8.20E-06,0.000114631,0.000669714,TNFAIP3
ENSG00000130517,ENSG00000130517.13,4.709061792,-0.232599943,0.851099705,8.09E-06,0.000113281,0.000669714,PGPEP1
ENSG00000132470,ENSG00000132470.13,0.234675469,0.685039424,1.607745915,8.12E-06,0.000113651,0.000669714,ITGB4
ENSG00000134910,ENSG00000134910.12,5.815121162,-0.126817861,0.915849304,7.69E-06,0.000108656,0.000669714,STT3A
ENSG00000136856,ENSG00000136856.17,1.724251219,-0.381778049,0.767491113,7.59E-06,0.000107487,0.000669714,SLC2A8
ENSG00000139197,ENSG00000139197.10,4.344751552,-0.173625284,0.886611952,8.31E-06,0.000115907,0.000669714,PEX5
ENSG00000140526,ENSG00000140526.17,8.562276481,-0.327172133,0.797097367,7.67E-06,0.000108376,0.000669714,ABHD2
ENSG00000147457,ENSG00000147457.13,6.922579179,-0.230983188,0.852054024,7.83E-06,0.000110265,0.000669714,CHMP7
ENSG00000155229,ENSG00000155229.20,6.212176988,-0.14699483,0.903129747,7.58E-06,0.000107362,0.000669714,MMS19
ENSG00000158457,ENSG00000158457.5,4.258954233,-0.403326823,0.756112692,8.02E-06,0.000112511,0.000669714,TSPAN33
ENSG00000165168,ENSG00000165168.7,9.587216615,0.260210718,1.19765362,7.75E-06,0.000109332,0.000669714,CYBB
ENSG00000171723,ENSG00000171723.15,2.632900439,0.263664346,1.200524084,8.21E-06,0.000114768,0.000669714,GPHN
ENSG00000172426,ENSG00000172426.15,-0.154276964,0.528265617,1.442194371,7.90E-06,0.000111057,0.000669714,RSPH9
ENSG00000173915,ENSG00000173915.14,3.832846133,0.29301387,1.225197111,8.29E-06,0.00011566,0.000669714,ATP5MK
ENSG00000173930,ENSG00000173930.8,5.345498609,0.294389204,1.226365659,8.49E-06,0.000117937,0.000669714,SLCO4C1
ENSG00000176473,ENSG00000176473.13,3.094958218,-0.223526695,0.856469221,8.43E-06,0.000117223,0.000669714,WDR25
ENSG00000176595,ENSG00000176595.3,5.267907051,-0.239312328,0.847149016,8.48E-06,0.000117869,0.000669714,KBTBD11
ENSG00000177694,ENSG00000177694.15,-0.643724309,-0.467630056,0.723151558,8.12E-06,0.000113657,0.000669714,NAALADL2
ENSG00000180957,ENSG00000180957.17,4.695792792,0.157367165,1.115250013,7.84E-06,0.000110459,0.000669714,PITPNB
ENSG00000183431,ENSG00000183431.11,6.004138979,-0.154197197,0.898632287,8.35E-06,0.000116375,0.000669714,SF3A3
ENSG00000184178,ENSG00000184178.15,5.09262431,-0.166706048,0.8908744,8.32E-06,0.000116027,0.000669714,SCFD2
ENSG00000197714,ENSG00000197714.8,7.133851537,-0.102047673,0.931709641,7.86E-06,0.000110589,0.000669714,ZNF460
ENSG00000205133,ENSG00000205133.11,4.425803819,0.292424452,1.224696654,7.99E-06,0.000112188,0.000669714,TRIQK
ENSG00000220378,ENSG00000220378.3,-1.191981548,-0.467711925,0.723110522,8.39E-06,0.000116824,0.000669714,KRT8P42
ENSG00000221923,ENSG00000221923.8,3.096257044,-0.284506839,0.821022214,8.18E-06,0.000114353,0.000669714,ZNF880
ENSG00000233013,ENSG00000233013.9,2.806392256,0.593541704,1.508946551,7.79E-06,0.00010981,0.000669714,FAM157B
ENSG00000237854,ENSG00000237854.3,2.733854498,-0.187596848,0.878067133,7.93E-06,0.000111512,0.000669714,LINC00674
ENSG00000251259,ENSG00000251259.1,1.550991249,0.417669261,1.335767818,8.29E-06,0.000115692,0.000669714,
ENSG00000254396,ENSG00000254396.1,-0.5991702,-0.595700945,0.661722874,7.98E-06,0.000112049,0.000669714,
ENSG00000259483,ENSG00000259483.1,-0.307801722,-0.528967453,0.693050578,8.08E-06,0.000113235,0.000669714,
ENSG00000261801,ENSG00000261801.5,1.911235542,0.309701317,1.239451068,8.19E-06,0.000114521,0.000669714,LOXL1-AS1
ENSG00000272455,ENSG00000272455.1,2.188342067,-0.263672195,0.832965014,7.93E-06,0.000111501,0.000669714,MRPL20-DT
ENSG00000279148,ENSG00000279148.1,1.046960377,0.363294637,1.286360166,8.18E-06,0.00011437,0.000669714,
ENSG00000283839,ENSG00000283839.1,3.56420761,0.340946277,1.266587087,8.17E-06,0.000114274,0.000669714,
ENSG00000109381,ENSG00000109381.19,7.425323237,0.187055894,1.138438135,8.53E-06,0.000118405,0.000771332,ELF2
ENSG00000230385,ENSG00000230385.1,-0.424920575,-0.552340062,0.681913163,8.49E-06,0.000118,0.000771332,
ENSG00000014138,ENSG00000014138.8,4.343757325,-0.164579186,0.89218872,9.10E-06,0.000125217,0.000867898,POLA2
ENSG00000073849,ENSG00000073849.14,7.450745511,-0.216727012,0.860515443,9.44E-06,0.000129129,0.000867898,ST6GAL1
ENSG00000074657,ENSG00000074657.13,3.967245923,-0.300938506,0.81172418,9.57E-06,0.000130721,0.000867898,ZNF532
ENSG00000082701,ENSG00000082701.14,6.809153968,0.1760681,1.129800544,9.28E-06,0.000127264,0.000867898,GSK3B
ENSG00000089693,ENSG00000089693.10,5.362826166,-0.287410282,0.819371557,9.44E-06,0.000129188,0.000867898,MLF2
ENSG00000100678,ENSG00000100678.18,0.364525619,-0.542208917,0.686718665,8.97E-06,0.000123695,0.000867898,SLC8A3
ENSG00000110080,ENSG00000110080.18,4.603449828,0.423517219,1.341193335,8.99E-06,0.000123867,0.000867898,ST3GAL4
ENSG00000113231,ENSG00000113231.13,0.251755387,-0.477376617,0.718282555,8.54E-06,0.000118584,0.000867898,PDE8B
ENSG00000113387,ENSG00000113387.11,6.06434001,0.289915862,1.222568975,9.00E-06,0.000123981,0.000867898,SUB1
ENSG00000114125,ENSG00000114125.13,4.907093792,0.153784787,1.112484154,9.03E-06,0.000124382,0.000867898,RNF7
ENSG00000115425,ENSG00000115425.13,4.056250805,0.150737651,1.110136941,8.64E-06,0.000119713,0.000867898,PECR
ENSG00000118217,ENSG00000118217.5,7.708637817,0.196485915,1.145903786,9.42E-06,0.000128926,0.000867898,ATF6
ENSG00000118496,ENSG00000118496.4,5.665062851,0.239096412,1.180253214,9.02E-06,0.000124277,0.000867898,FBXO30
ENSG00000120162,ENSG00000120162.9,3.384588302,0.271657186,1.207193703,8.63E-06,0.000119592,0.000867898,MOB3B
ENSG00000123119,ENSG00000123119.11,-1.670439405,0.383714699,1.304696911,9.45E-06,0.000129253,0.000867898,NECAB1
ENSG00000132932,ENSG00000132932.16,1.065795402,-0.440436932,0.736911395,9.47E-06,0.000129563,0.000867898,ATP8A2
ENSG00000133316,ENSG00000133316.15,4.219238101,-0.216088909,0.860896132,9.15E-06,0.000125733,0.000867898,WDR74
ENSG00000143198,ENSG00000143198.12,5.071920678,0.179952615,1.132846676,9.48E-06,0.000129683,0.000867898,MGST3
ENSG00000146826,ENSG00000146826.16,5.326614233,-0.333520476,0.793597576,9.52E-06,0.00013007,0.000867898,TRAPPC14
ENSG00000148357,ENSG00000148357.16,-1.70320412,-0.449508409,0.73229233,8.70E-06,0.000120408,0.000867898,HMCN2
ENSG00000156671,ENSG00000156671.12,6.612490963,0.201212229,1.149663958,8.80E-06,0.000121595,0.000867898,SAMD8
ENSG00000159461,ENSG00000159461.14,6.968809372,0.303010837,1.233716437,9.54E-06,0.000130332,0.000867898,AMFR
ENSG00000166848,ENSG00000166848.5,6.726543374,0.231917532,1.174394838,9.37E-06,0.000128369,0.000867898,TERF2IP
ENSG00000167977,ENSG00000167977.8,5.102649232,-0.228630417,0.853444702,8.84E-06,0.000122092,0.000867898,KCTD5
ENSG00000174358,ENSG00000174358.15,0.093208332,0.953646133,1.936761268,8.98E-06,0.000123789,0.000867898,SLC6A19
ENSG00000185787,ENSG00000185787.14,6.672443517,0.124145747,1.089862209,8.63E-06,0.000119633,0.000867898,MORF4L1
ENSG00000196735,ENSG00000196735.11,6.047522671,-0.42600711,0.744318959,8.85E-06,0.000122236,0.000867898,HLA-DQA1
ENSG00000213719,ENSG00000213719.8,8.531063058,0.244842907,1.184963735,8.85E-06,0.000122196,0.000867898,CLIC1
ENSG00000215012,ENSG00000215012.8,4.444530409,-0.212170632,0.863237455,9.33E-06,0.000127857,0.000867898,RTL10
ENSG00000225483,ENSG00000225483.1,-2.026165627,0.171035133,1.125866004,8.92E-06,0.000123114,0.000867898,RPL22P4
ENSG00000225907,ENSG00000225907.1,0.584654353,-0.413947381,0.750566924,9.32E-06,0.000127751,0.000867898,RPS27P16
ENSG00000228716,ENSG00000228716.6,3.370826607,0.183934899,1.135978003,9.50E-06,0.00012986,0.000867898,DHFR
ENSG00000228784,ENSG00000228784.7,4.131180536,-0.275724789,0.826035226,9.16E-06,0.000125919,0.000867898,LINC00954
ENSG00000242324,ENSG00000242324.1,2.893969874,0.366092081,1.28885689,9.39E-06,0.000128584,0.000867898,
ENSG00000248455,ENSG00000248455.5,-1.175694559,0.470991238,1.386061468,9.56E-06,0.000130568,0.000867898,LINC02217
ENSG00000276533,ENSG00000276533.1,3.619607903,0.297311933,1.228852648,8.72E-06,0.000120702,0.000867898,
ENSG00000278459,ENSG00000278459.1,-1.51382877,0.42242861,1.340181698,8.81E-06,0.000121724,0.000867898,Metazoa_SRP
ENSG00000011376,ENSG00000011376.9,4.936024041,-0.159553357,0.895302204,9.85E-06,0.000133997,0.000960557,LARS2
ENSG00000077721,ENSG00000077721.15,4.856148374,0.179549238,1.132529977,9.73E-06,0.000132579,0.000960557,UBE2A
ENSG00000099956,ENSG00000099956.18,3.536153808,-0.329096758,0.796034709,9.88E-06,0.000134309,0.000960557,SMARCB1
ENSG00000101188,ENSG00000101188.4,-0.582014326,0.598815829,1.51447297,9.85E-06,0.000133918,0.000960557,NTSR1
ENSG00000103569,ENSG00000103569.9,9.182399242,0.409965374,1.328653925,1.01E-05,0.000136414,0.000960557,AQP9
ENSG00000115602,ENSG00000115602.16,3.765603025,-0.648244547,0.63805622,1.01E-05,0.000136477,0.000960557,IL1RL1
ENSG00000124155,ENSG00000124155.17,5.678825554,-0.152240704,0.899851783,9.66E-06,0.000131695,0.000960557,PIGT
ENSG00000139970,ENSG00000139970.16,4.778167928,-0.364888113,0.776529096,9.83E-06,0.000133713,0.000960557,RTN1
ENSG00000157193,ENSG00000157193.15,4.016514916,0.177478045,1.130905237,9.96E-06,0.000135255,0.000960557,LRP8
ENSG00000168795,ENSG00000168795.4,4.425232215,-0.167782032,0.89021022,1.01E-05,0.000136764,0.000960557,ZBTB5
ENSG00000180284,ENSG00000180284.5,-1.434075837,-0.45463851,0.729692985,1.01E-05,0.000136396,0.000960557,CNEP1R1P1
ENSG00000183571,ENSG00000183571.10,-1.673991995,-0.338376357,0.790930944,9.83E-06,0.000133767,0.000960557,PGPEP1L
ENSG00000184154,ENSG00000184154.13,1.283427959,-0.347965847,0.785691116,1.01E-05,0.000136309,0.000960557,LRRC51
ENSG00000186432,ENSG00000186432.8,7.275428369,0.129453184,1.093879016,9.58E-06,0.000130771,0.000960557,KPNA4
ENSG00000188175,ENSG00000188175.9,1.632912181,0.643761104,1.562397021,1.01E-05,0.000136717,0.000960557,HEPACAM2
ENSG00000228327,ENSG00000228327.3,2.617265278,0.416607305,1.334784931,9.92E-06,0.00013476,0.000960557,
ENSG00000237886,ENSG00000237886.1,1.268291505,-0.470631042,0.721648876,1.01E-05,0.000136758,0.000960557,NALT1
ENSG00000140521,ENSG00000140521.12,7.07433148,-0.195899517,0.873028395,1.01E-05,0.000136925,0.001005958,POLG
ENSG00000009954,ENSG00000009954.10,6.500354456,-0.155670753,0.897714901,1.03E-05,0.000138766,0.001297058,BAZ1B
ENSG00000071462,ENSG00000071462.11,4.064475087,-0.213696716,0.862324804,1.01E-05,0.000137304,0.001297058,BUD23
ENSG00000074966,ENSG00000074966.10,6.498063789,-0.29806424,0.813342981,1.10E-05,0.000147777,0.001297058,TXK
ENSG00000101558,ENSG00000101558.13,7.443020193,0.17401761,1.128195908,1.12E-05,0.000150426,0.001297058,VAPA
ENSG00000101935,ENSG00000101935.9,4.724660831,0.157828287,1.115606532,1.17E-05,0.000155601,0.001297058,AMMECR1
ENSG00000103018,ENSG00000103018.16,5.529159959,-0.125759385,0.916521491,1.17E-05,0.000156251,0.001297058,CYB5B
ENSG00000108061,ENSG00000108061.11,7.439235607,0.207955097,1.155049834,1.17E-05,0.00015607,0.001297058,SHOC2
ENSG00000114391,ENSG00000114391.12,6.892632011,0.325296298,1.252921735,1.13E-05,0.000151312,0.001297058,RPL24
ENSG00000119396,ENSG00000119396.10,6.47162608,0.133829302,1.09720211,1.10E-05,0.000147093,0.001297058,RAB14
ENSG00000122642,ENSG00000122642.10,1.738698866,0.453562699,1.369417828,1.03E-05,0.000138711,0.001297058,FKBP9
ENSG00000129038,ENSG00000129038.15,-0.700998551,0.446877765,1.363087112,1.17E-05,0.00015592,0.001297058,LOXL1
ENSG00000138413,ENSG00000138413.13,5.489011896,0.180763112,1.133483282,1.08E-05,0.000145054,0.001297058,IDH1
ENSG00000139644,ENSG00000139644.12,9.306249679,-0.175125881,0.885690235,1.13E-05,0.000151534,0.001297058,TMBIM6
ENSG00000145191,ENSG00000145191.12,5.84603745,-0.133514028,0.911608304,1.12E-05,0.00014979,0.001297058,EIF2B5
ENSG00000151498,ENSG00000151498.11,5.118227759,-0.128863019,0.91455192,1.13E-05,0.000151664,0.001297058,ACAD8
ENSG00000153037,ENSG00000153037.13,3.173890212,0.170733578,1.125630697,1.11E-05,0.000148681,0.001297058,SRP19
ENSG00000165646,ENSG00000165646.11,1.879711034,-0.419914166,0.747469094,1.15E-05,0.000153901,0.001297058,SLC18A2
ENSG00000165688,ENSG00000165688.11,4.450439889,-0.187430117,0.878168617,1.04E-05,0.000140844,0.001297058,PMPCA
ENSG00000167515,ENSG00000167515.10,3.948033587,-0.212039595,0.863315864,1.14E-05,0.000152575,0.001297058,TRAPPC2L
ENSG00000173653,ENSG00000173653.7,2.653662227,-0.286570599,0.81984859,1.18E-05,0.000156902,0.001297058,RCE1
ENSG00000177707,ENSG00000177707.10,1.843636426,0.4304879,1.34768927,1.16E-05,0.000154925,0.001297058,NECTIN3
ENSG00000178028,ENSG00000178028.13,5.132024527,-0.165276022,0.891757888,1.14E-05,0.000151944,0.001297058,DMAP1
ENSG00000185291,ENSG00000185291.11,3.040968626,-0.624357942,0.648708415,1.05E-05,0.00014161,0.001297058,IL3RA
ENSG00000186908,ENSG00000186908.14,6.847481166,0.222447841,1.166711484,1.13E-05,0.000151145,0.001297058,ZDHHC17
ENSG00000187486,ENSG00000187486.5,-1.369282203,-0.453180522,0.730430786,1.10E-05,0.00014722,0.001297058,KCNJ11
ENSG00000196628,ENSG00000196628.15,5.451520196,-0.33962379,0.790247357,1.10E-05,0.000147933,0.001297058,TCF4
ENSG00000197275,ENSG00000197275.13,0.388916721,-0.414104909,0.750484974,1.15E-05,0.000154141,0.001297058,RAD54B
ENSG00000197595,ENSG00000197595.4,-1.893575952,-0.194631983,0.873795764,1.09E-05,0.000147018,0.001297058,ATP11AUN
ENSG00000213047,ENSG00000213047.12,6.114257795,0.225847007,1.16946364,1.12E-05,0.000150116,0.001297058,DENND1B
ENSG00000213625,ENSG00000213625.8,5.624872199,0.194470534,1.144304126,1.09E-05,0.000145948,0.001297058,LEPROT
ENSG00000226012,ENSG00000226012.1,-1.238456283,0.343885057,1.269169765,1.10E-05,0.000147596,0.001297058,
ENSG00000226683,ENSG00000226683.2,-1.116955791,-0.514677358,0.699949451,1.15E-05,0.000153016,0.001297058,PWWP2AP1
ENSG00000232815,ENSG00000232815.1,0.257132217,0.450496183,1.366510156,1.16E-05,0.000154238,0.001297058,DUX4L50
ENSG00000249236,ENSG00000249236.1,-1.568534308,-0.389707796,0.763284185,1.09E-05,0.000146579,0.001297058,
ENSG00000251393,ENSG00000251393.3,-0.817800087,0.443361722,1.35976913,1.09E-05,0.000146632,0.001297058,
ENSG00000256553,ENSG00000256553.1,1.016527165,-0.530382219,0.692371277,1.03E-05,0.000138863,0.001297058,TRAV1-2
ENSG00000257093,ENSG00000257093.6,7.210178884,-0.196044758,0.872940509,1.03E-05,0.000139411,0.001297058,DENND11
ENSG00000267337,ENSG00000267337.1,-0.859086022,-0.47717838,0.718381259,1.08E-05,0.00014501,0.001297058,LINC01478
ENSG00000270017,ENSG00000270017.1,-2.054499364,-0.110899355,0.92601062,1.08E-05,0.000144965,0.001297058,
ENSG00000272979,ENSG00000272979.1,-0.353599735,-0.445002831,0.734582875,1.16E-05,0.000154259,0.001297058,
ENSG00000011198,ENSG00000011198.7,7.056065525,-0.342169835,0.788853971,1.70E-05,0.000214812,0.001305471,ABHD5
ENSG00000013583,ENSG00000013583.8,2.716006457,0.475396469,1.390300238,1.61E-05,0.000205599,0.001305471,HEBP1
ENSG00000033011,ENSG00000033011.11,4.006215124,-0.187332863,0.878227817,1.47E-05,0.000190511,0.001305471,ALG1
ENSG00000035664,ENSG00000035664.11,6.419986932,-0.375274492,0.770958714,1.40E-05,0.000182767,0.001305471,DAPK2
ENSG00000037474,ENSG00000037474.14,6.380199457,-0.136864688,0.90949355,1.46E-05,0.000188836,0.001305471,NSUN2
ENSG00000042832,ENSG00000042832.11,3.806007746,0.437280231,1.354049266,1.58E-05,0.000202133,0.001305471,TG
ENSG00000053108,ENSG00000053108.16,-0.419987877,-0.51080779,0.701829361,1.51E-05,0.000194614,0.001305471,FSTL4
ENSG00000061936,ENSG00000061936.9,6.631541484,-0.125586696,0.916631204,1.29E-05,0.000169287,0.001305471,SFSWAP
ENSG00000067601,ENSG00000067601.7,1.222414416,-0.29400989,0.815631902,1.69E-05,0.000213923,0.001305471,PMS2P4
ENSG00000068383,ENSG00000068383.18,5.39303254,-0.237194188,0.848393699,1.22E-05,0.000161531,0.001305471,INPP5A
ENSG00000073111,ENSG00000073111.13,3.243036526,-0.346831011,0.786309391,1.42E-05,0.000184907,0.001305471,MCM2
ENSG00000078747,ENSG00000078747.14,7.852597263,-0.127144121,0.915642212,1.51E-05,0.00019474,0.001305471,ITCH
ENSG00000080573,ENSG00000080573.6,1.211712614,-0.879941047,0.543389636,1.50E-05,0.00019361,0.001305471,COL5A3
ENSG00000090273,ENSG00000090273.13,4.637341488,-0.230502184,0.852338152,1.65E-05,0.000209553,0.001305471,NUDC
ENSG00000099991,ENSG00000099991.17,6.407438726,-0.295589111,0.814739573,1.48E-05,0.000191748,0.001305471,CABIN1
ENSG00000100027,ENSG00000100027.14,4.459372326,-0.289657092,0.818096485,1.57E-05,0.00020092,0.001305471,YPEL1
ENSG00000100029,ENSG00000100029.17,4.682290619,-0.254599692,0.838219685,1.18E-05,0.000157188,0.001305471,PES1
ENSG00000100445,ENSG00000100445.17,4.656149822,-0.190758574,0.87614492,1.66E-05,0.000210854,0.001305471,SDR39U1
ENSG00000101126,ENSG00000101126.15,7.163707431,-0.080449227,0.945763109,1.51E-05,0.000194684,0.001305471,ADNP
ENSG00000101343,ENSG00000101343.14,6.232591392,-0.165382631,0.891691994,1.32E-05,0.000173273,0.001305471,CRNKL1
ENSG00000102119,ENSG00000102119.10,3.328486023,-0.260626166,0.834725549,1.42E-05,0.000184703,0.001305471,EMD
ENSG00000102543,ENSG00000102543.14,3.53106206,0.185886663,1.137515862,1.41E-05,0.000183083,0.001305471,CDADC1
ENSG00000102878,ENSG00000102878.16,0.09513176,0.471997564,1.387028628,1.24E-05,0.000164393,0.001305471,HSF4
ENSG00000102910,ENSG00000102910.13,7.412738356,-0.122632113,0.918510352,1.21E-05,0.000160957,0.001305471,LONP2
ENSG00000103051,ENSG00000103051.18,6.014982613,-0.117006326,0.922099074,1.48E-05,0.000190827,0.001305471,COG4
ENSG00000103150,ENSG00000103150.5,5.288334369,-0.224520533,0.855879423,1.64E-05,0.000208551,0.001305471,MLYCD
ENSG00000103274,ENSG00000103274.10,4.53318833,-0.189072212,0.877169642,1.53E-05,0.000196452,0.001305471,NUBP1
ENSG00000103356,ENSG00000103356.15,4.240114466,-0.17913447,0.883232724,1.35E-05,0.000177157,0.001305471,EARS2
ENSG00000103415,ENSG00000103415.11,5.082246364,-0.20839861,0.8654974,1.26E-05,0.000166945,0.001305471,HMOX2
ENSG00000105607,ENSG00000105607.12,4.040593141,-0.254338251,0.838371599,1.68E-05,0.000212761,0.001305471,GCDH
ENSG00000106560,ENSG00000106560.10,6.061836526,0.277383321,1.211994642,1.67E-05,0.000212254,0.001305471,GIMAP2
ENSG00000108379,ENSG00000108379.9,-1.214387234,-0.56583055,0.675566385,1.52E-05,0.000195638,0.001305471,WNT3
ENSG00000110200,ENSG00000110200.8,2.101750005,0.24883944,1.188250855,1.48E-05,0.000190986,0.001305471,ANAPC15
ENSG00000110422,ENSG00000110422.11,8.710451498,0.197342248,1.146584156,1.45E-05,0.000187565,0.001305471,HIPK3
ENSG00000111802,ENSG00000111802.13,6.395925651,0.24638815,1.186233607,1.70E-05,0.00021446,0.001305471,TDP2
ENSG00000112394,ENSG00000112394.16,2.884005341,-0.472869167,0.720530214,1.22E-05,0.000162301,0.001305471,SLC16A10
ENSG00000116574,ENSG00000116574.5,4.849828002,0.276189987,1.210992548,1.50E-05,0.000193733,0.001305471,RHOU
ENSG00000116704,ENSG00000116704.7,5.649277172,-0.143545678,0.905291505,1.64E-05,0.000208193,0.001305471,SLC35D1
ENSG00000117625,ENSG00000117625.13,6.440946844,0.138547469,1.100796256,1.50E-05,0.000193614,0.001305471,RCOR3
ENSG00000123124,ENSG00000123124.13,6.155892369,0.182002012,1.134457067,1.27E-05,0.000167622,0.001305471,WWP1
ENSG00000124222,ENSG00000124222.22,6.238133099,0.201072863,1.149552904,1.25E-05,0.000164769,0.001305471,STX16
ENSG00000125166,ENSG00000125166.12,4.432595322,-0.206228533,0.866800245,1.67E-05,0.000211831,0.001305471,GOT2
ENSG00000125730,ENSG00000125730.16,0.966493721,-0.525927846,0.694512302,1.42E-05,0.000184143,0.001305471,C3
ENSG00000130175,ENSG00000130175.9,5.25383701,-0.343050946,0.788372334,1.67E-05,0.000212021,0.001305471,PRKCSH
ENSG00000130363,ENSG00000130363.11,4.28521017,-0.2497726,0.841028969,1.52E-05,0.000195527,0.001305471,RSPH3
ENSG00000131725,ENSG00000131725.13,4.364031901,0.152028251,1.111130487,1.20E-05,0.000159922,0.001305471,WDR44
ENSG00000133193,ENSG00000133193.12,7.811802788,0.468518686,1.383688011,1.34E-05,0.000175879,0.001305471,FAM104A
ENSG00000133313,ENSG00000133313.14,6.292273425,-0.20708768,0.866284206,1.57E-05,0.000201195,0.001305471,CNDP2
ENSG00000133460,ENSG00000133460.19,2.511180463,-0.293573542,0.81587863,1.50E-05,0.000193208,0.001305471,SLC2A11
ENSG00000133835,ENSG00000133835.14,6.292884543,-0.160509461,0.894709066,1.36E-05,0.000177382,0.001305471,HSD17B4
ENSG00000134317,ENSG00000134317.17,1.788856014,-0.41851712,0.748193263,1.50E-05,0.000193517,0.001305471,GRHL1
ENSG00000135469,ENSG00000135469.13,3.021630549,-0.225029243,0.855577683,1.42E-05,0.000184996,0.001305471,COQ10A
ENSG00000135919,ENSG00000135919.12,0.566560892,-0.515592277,0.699505702,1.38E-05,0.000179565,0.001305471,SERPINE2
ENSG00000136888,ENSG00000136888.6,5.949105144,0.222591338,1.166827536,1.41E-05,0.000183694,0.001305471,ATP6V1G1
ENSG00000142751,ENSG00000142751.14,4.856686032,-0.128557375,0.914745694,1.39E-05,0.000181224,0.001305471,GPN2
ENSG00000143093,ENSG00000143093.14,5.674959152,-0.182638406,0.881090181,1.47E-05,0.000189749,0.001305471,STRIP1
ENSG00000144908,ENSG00000144908.13,-1.834127132,-0.345395689,0.787092071,1.65E-05,0.000210032,0.001305471,ALDH1L1
ENSG00000146576,ENSG00000146576.12,4.600066831,-0.211701632,0.863518127,1.65E-05,0.000210074,0.001305471,INTS15
ENSG00000148204,ENSG00000148204.11,-1.433199226,-0.414487955,0.750285741,1.59E-05,0.000203448,0.001305471,CRB2
ENSG00000148288,ENSG00000148288.11,5.201741988,0.336497487,1.262687371,1.67E-05,0.000211591,0.001305471,GBGT1
ENSG00000150054,ENSG00000150054.18,6.099979676,0.190050345,1.140803525,1.55E-05,0.000198821,0.001305471,MPP7
ENSG00000152127,ENSG00000152127.8,7.007656809,-0.170478229,0.888548094,1.26E-05,0.000166032,0.001305471,MGAT5
ENSG00000152207,ENSG00000152207.7,4.800069213,-0.35556696,0.781562439,1.47E-05,0.000190039,0.001305471,CYSLTR2
ENSG00000153898,ENSG00000153898.12,4.28991686,0.385514672,1.306325727,1.46E-05,0.00018941,0.001305471,MCOLN2
ENSG00000154767,ENSG00000154767.14,6.793933168,-0.184147188,0.880169211,1.24E-05,0.00016432,0.001305471,XPC
ENSG00000154928,ENSG00000154928.16,6.603722222,-0.405373208,0.755040947,1.55E-05,0.00019833,0.001305471,EPHB1
ENSG00000156482,ENSG00000156482.10,8.620527479,0.309340504,1.239141125,1.31E-05,0.000172261,0.001305471,RPL30
ENSG00000156504,ENSG00000156504.16,4.815498978,0.184082611,1.136094318,1.66E-05,0.000210913,0.001305471,PABIR2
ENSG00000156515,ENSG00000156515.21,6.807205708,0.410408315,1.329061915,1.64E-05,0.000208605,0.001305471,HK1
ENSG00000157450,ENSG00000157450.15,6.367677692,0.14974879,1.109376285,1.24E-05,0.000163616,0.001305471,RNF111
ENSG00000157693,ENSG00000157693.14,4.544256341,-0.286737283,0.819753872,1.34E-05,0.000175137,0.001305471,TMEM268
ENSG00000161249,ENSG00000161249.20,-0.281287199,-0.482566883,0.715703091,1.49E-05,0.000191836,0.001305471,DMKN
ENSG00000162775,ENSG00000162775.14,6.774894431,-0.11363409,0.924256962,1.69E-05,0.000214196,0.001305471,RBM15
ENSG00000162909,ENSG00000162909.17,7.731422744,0.154024149,1.112668745,1.60E-05,0.000203835,0.001305471,CAPN2
ENSG00000162959,ENSG00000162959.13,3.544053911,0.225640305,1.169296097,1.63E-05,0.000207014,0.001305471,MEMO1
ENSG00000163093,ENSG00000163093.11,-0.643856463,-0.421126121,0.746841437,1.33E-05,0.000173982,0.001305471,BBS5
ENSG00000163395,ENSG00000163395.16,-1.58033407,-0.456666405,0.728668028,1.64E-05,0.000208657,0.001305471,IGFN1
ENSG00000163481,ENSG00000163481.7,3.617153762,-0.205306249,0.86735455,1.46E-05,0.000188483,0.001305471,RNF25
ENSG00000163629,ENSG00000163629.12,3.790710837,0.365303326,1.288152435,1.57E-05,0.000201045,0.001305471,PTPN13
ENSG00000163808,ENSG00000163808.16,2.149608799,0.496555048,1.410840649,1.33E-05,0.000174474,0.001305471,KIF15
ENSG00000164241,ENSG00000164241.13,3.810881547,-0.257863151,0.836325727,1.65E-05,0.000210047,0.001305471,C5orf63
ENSG00000164626,ENSG00000164626.8,0.215827062,0.463658817,1.379034755,1.41E-05,0.00018382,0.001305471,KCNK5
ENSG00000166197,ENSG00000166197.16,4.677758637,-0.171818583,0.88772296,1.68E-05,0.00021243,0.001305471,NOLC1
ENSG00000167792,ENSG00000167792.11,5.701149286,-0.27486561,0.826527307,1.50E-05,0.000193701,0.001305471,NDUFV1
ENSG00000168004,ENSG00000168004.9,0.320682274,-0.535232406,0.690047507,1.35E-05,0.000176925,0.001305471,PLAAT5
ENSG00000169071,ENSG00000169071.14,-1.219864017,-0.505746235,0.704295986,1.69E-05,0.000214382,0.001305471,ROR2
ENSG00000169193,ENSG00000169193.11,3.846547098,0.276539233,1.211285739,1.23E-05,0.000163156,0.001305471,CCDC126
ENSG00000169413,ENSG00000169413.2,5.313205516,-0.334242829,0.793200323,1.63E-05,0.000207747,0.001305471,RNASE6
ENSG00000169504,ENSG00000169504.14,5.093749735,0.252802417,1.19151938,1.47E-05,0.000190415,0.001305471,CLIC4
ENSG00000171435,ENSG00000171435.13,-1.300488282,-0.507339982,0.703518379,1.66E-05,0.000210803,0.001305471,KSR2
ENSG00000172530,ENSG00000172530.20,6.438993995,-0.237893388,0.847982626,1.23E-05,0.000163399,0.001305471,BANP
ENSG00000172965,ENSG00000172965.14,5.190983666,0.277444129,1.212045728,1.27E-05,0.000167382,0.001305471,MIR4435-2HG
ENSG00000172985,ENSG00000172985.10,2.61976279,-0.477321473,0.718310011,1.50E-05,0.000193378,0.001305471,SH3RF3
ENSG00000174080,ENSG00000174080.10,2.798651796,-0.345232078,0.787181337,1.34E-05,0.000175815,0.001305471,CTSF
ENSG00000174348,ENSG00000174348.13,0.311120469,-0.570953228,0.673171858,1.21E-05,0.000160947,0.001305471,PODN
ENSG00000176092,ENSG00000176092.14,0.855194446,0.397414234,1.317145053,1.22E-05,0.000161849,0.001305471,CRYBG2
ENSG00000176444,ENSG00000176444.18,5.362607976,-0.154851195,0.898225014,1.52E-05,0.00019533,0.001305471,CLK2
ENSG00000177548,ENSG00000177548.12,4.30774546,-0.353466733,0.78270104,1.56E-05,0.000200386,0.001305471,RABEP2
ENSG00000177688,ENSG00000177688.6,3.32540058,0.253583524,1.19216467,1.29E-05,0.000170258,0.001305471,SUMO4
ENSG00000179222,ENSG00000179222.17,2.742772294,-0.284965449,0.820761265,1.57E-05,0.000201289,0.001305471,MAGED1
ENSG00000182240,ENSG00000182240.15,3.968472149,-0.401209637,0.757223118,1.26E-05,0.000166576,0.001305471,BACE2
ENSG00000182771,ENSG00000182771.18,-1.086533714,-0.462860783,0.725546114,1.34E-05,0.000176015,0.001305471,GRID1
ENSG00000182973,ENSG00000182973.18,5.448593486,-0.098843745,0.933781075,1.43E-05,0.00018558,0.001305471,CNOT10
ENSG00000183307,ENSG00000183307.3,3.039762517,0.485846656,1.400407464,1.68E-05,0.000213045,0.001305471,TMEM121B
ENSG00000183337,ENSG00000183337.16,4.844506883,-0.229333871,0.853028666,1.55E-05,0.000199159,0.001305471,BCOR
ENSG00000184574,ENSG00000184574.9,2.728390268,-0.293762176,0.81577196,1.61E-05,0.000205578,0.001305471,LPAR5
ENSG00000198876,ENSG00000198876.12,10.75625093,0.634591102,1.552497668,1.26E-05,0.000166901,0.001305471,DCAF12
ENSG00000214193,ENSG00000214193.10,1.934182692,-0.410537046,0.75234326,1.48E-05,0.000191511,0.001305471,SH3D21
ENSG00000218730,ENSG00000218730.1,1.231987902,-0.565452226,0.675743565,1.54E-05,0.000197639,0.001305471,
ENSG00000220749,ENSG00000220749.4,0.407737057,0.565693933,1.480099262,1.33E-05,0.000174336,0.001305471,RPL21P28
ENSG00000221957,ENSG00000221957.8,0.007055744,-0.6848803,0.622057437,1.68E-05,0.000213186,0.001305471,KIR2DS4
ENSG00000231453,ENSG00000231453.1,-1.666980484,0.401384322,1.320774637,1.45E-05,0.000188211,0.001305471,LINC01305
ENSG00000232859,ENSG00000232859.9,2.803626461,-0.217732437,0.859915952,1.21E-05,0.000160424,0.001305471,LYRM9
ENSG00000250334,ENSG00000250334.5,3.067427367,-0.501716876,0.706265791,1.20E-05,0.000159426,0.001305471,LINC00989
ENSG00000253893,ENSG00000253893.2,-0.497007922,-0.516965392,0.69884025,1.29E-05,0.000169385,0.001305471,FAM85B
ENSG00000256347,ENSG00000256347.1,-0.340911483,-0.51397645,0.700289592,1.38E-05,0.000180194,0.001305471,OR8R1P
ENSG00000256581,ENSG00000256581.1,2.034515702,0.472460934,1.38747419,1.68E-05,0.000212664,0.001305471,NLRP9P1
ENSG00000263724,ENSG00000263724.1,-1.579687553,-0.365337991,0.776286987,1.38E-05,0.000180588,0.001305471,DLGAP1-AS3
ENSG00000268758,ENSG00000268758.7,4.922198119,-0.49301053,0.710540835,1.46E-05,0.000189123,0.001305471,ADGRE4P
ENSG00000273703,ENSG00000273703.1,1.995245302,0.434805801,1.351728866,1.43E-05,0.000185315,0.001305471,H2BC14
ENSG00000278160,ENSG00000278160.1,-2.067085434,-0.019546946,0.986542463,1.59E-05,0.000203603,0.001305471,
ENSG00000280543,ENSG00000280543.1,1.573328097,0.526259532,1.440190376,1.67E-05,0.000211883,0.001305471,ASAP1-IT2
ENSG00000282572,ENSG00000282572.2,4.664965792,0.508281936,1.422355344,1.32E-05,0.000173445,0.001305471,FAM157D
ENSG00000054118,ENSG00000054118.13,7.752983991,-0.187285975,0.878256361,1.79E-05,0.000224346,0.001417463,THRAP3
ENSG00000066056,ENSG00000066056.13,-0.886038273,-0.477061279,0.718439572,1.77E-05,0.000222217,0.001417463,TIE1
ENSG00000100427,ENSG00000100427.15,3.419925496,-0.426262831,0.744187039,1.81E-05,0.000226806,0.001417463,MLC1
ENSG00000101752,ENSG00000101752.11,6.79456131,0.168851287,1.124163039,1.80E-05,0.000225251,0.001417463,MIB1
ENSG00000105967,ENSG00000105967.15,5.542223213,0.380606962,1.301889463,1.75E-05,0.000219858,0.001417463,TFEC
ENSG00000111224,ENSG00000111224.13,5.318313968,0.156280491,1.114410295,1.77E-05,0.000221932,0.001417463,PARP11
ENSG00000113070,ENSG00000113070.7,0.224213409,-0.439299027,0.737492853,1.77E-05,0.000222788,0.001417463,HBEGF
ENSG00000117500,ENSG00000117500.12,6.573520413,0.185123913,1.136914618,1.82E-05,0.000227987,0.001417463,TMED5
ENSG00000136444,ENSG00000136444.9,5.075785152,-0.168583488,0.889715821,1.74E-05,0.000219515,0.001417463,RSAD1
ENSG00000139974,ENSG00000139974.15,3.710515584,0.187186027,1.138540828,1.72E-05,0.000217204,0.001417463,SLC38A6
ENSG00000143333,ENSG00000143333.6,-0.523615096,0.450505816,1.366519282,1.75E-05,0.000220401,0.001417463,RGS16
ENSG00000155275,ENSG00000155275.18,4.562894807,-0.171938806,0.887648987,1.81E-05,0.000226217,0.001417463,TRMT44
ENSG00000157106,ENSG00000157106.16,9.054885878,0.141694619,1.103200197,1.78E-05,0.000223861,0.001417463,SMG1
ENSG00000162687,ENSG00000162687.16,-1.599220824,0.447689357,1.363854136,1.75E-05,0.000220399,0.001417463,KCNT2
ENSG00000163803,ENSG00000163803.12,5.268767368,0.559137207,1.473387805,1.70E-05,0.00021514,0.001417463,PLB1
ENSG00000165516,ENSG00000165516.10,5.834452091,0.176822383,1.13039139,1.78E-05,0.000223722,0.001417463,KLHDC2
ENSG00000172197,ENSG00000172197.10,5.441386238,0.187451528,1.138750374,1.74E-05,0.000219465,0.001417463,MBOAT1
ENSG00000172428,ENSG00000172428.10,3.301592424,0.254330843,1.192782374,1.82E-05,0.000228151,0.001417463,COPS9
ENSG00000179029,ENSG00000179029.14,2.366039038,0.207389277,1.154596916,1.72E-05,0.000217426,0.001417463,TMEM107
ENSG00000198452,ENSG00000198452.6,-1.872290954,-0.254298884,0.838394476,1.80E-05,0.000225305,0.001417463,OR14L1
ENSG00000226800,ENSG00000226800.5,-1.353580279,-0.409395425,0.752938834,1.77E-05,0.000222472,0.001417463,CACTIN-AS1
ENSG00000258731,ENSG00000258731.1,0.801419198,0.342532796,1.267980709,1.82E-05,0.000227411,0.001417463,DDHD1-DT
ENSG00000263571,ENSG00000263571.2,-1.987145845,-0.173329882,0.886793511,1.82E-05,0.000227824,0.001417463,
ENSG00000264745,ENSG00000264745.1,0.444230587,0.473927198,1.388885047,1.77E-05,0.000221964,0.001417463,TTC39C-AS1
ENSG00000270574,ENSG00000270574.1,3.941094547,0.275009062,1.21000169,1.73E-05,0.000217643,0.001417463,
ENSG00000273320,ENSG00000273320.1,1.377471755,0.444920178,1.361238799,1.78E-05,0.000223824,0.001417463,NAMPT-AS1
ENSG00000278129,ENSG00000278129.1,3.873564456,-0.216690675,0.860537117,1.75E-05,0.000220726,0.001417463,ZNF8
ENSG00000254717,ENSG00000254717.2,-1.320737437,-0.440870367,0.736690035,1.83E-05,0.000228209,0.001666139,GLYATL1P2
ENSG00000110906,ENSG00000110906.12,5.20074276,-0.171092137,0.888170071,1.91E-05,0.000236987,0.001860964,KCTD10
ENSG00000113048,ENSG00000113048.16,5.059012175,-0.141434182,0.906617439,1.89E-05,0.000235681,0.001860964,MRPS27
ENSG00000115423,ENSG00000115423.18,1.813257206,-0.458533426,0.727725654,1.84E-05,0.000229578,0.001860964,DNAH6
ENSG00000119537,ENSG00000119537.15,4.335607412,0.180280699,1.133104327,1.83E-05,0.000228787,0.001860964,KDSR
ENSG00000124380,ENSG00000124380.10,3.047898869,0.198437914,1.147455268,1.87E-05,0.000233025,0.001860964,SNRNP27
ENSG00000125814,ENSG00000125814.17,5.082595008,0.151183137,1.11047979,1.92E-05,0.000238352,0.001860964,NAPB
ENSG00000135931,ENSG00000135931.17,-0.439801911,-0.422857413,0.745945734,1.85E-05,0.000230669,0.001860964,ARMC9
ENSG00000143952,ENSG00000143952.19,5.576040185,0.174492709,1.1285675,1.90E-05,0.000236104,0.001860964,VPS54
ENSG00000152234,ENSG00000152234.15,7.899082637,-0.145559084,0.904028974,1.86E-05,0.000232382,0.001860964,ATP5F1A
ENSG00000163468,ENSG00000163468.14,6.542876227,-0.154900779,0.898194144,1.86E-05,0.000232267,0.001860964,CCT3
ENSG00000169031,ENSG00000169031.18,2.218927149,-0.619791338,0.650765043,1.91E-05,0.00023761,0.001860964,COL4A3
ENSG00000171848,ENSG00000171848.13,2.010007278,0.4212479,1.339085334,1.89E-05,0.000235718,0.001860964,RRM2
ENSG00000253490,ENSG00000253490.5,-1.590886832,-0.321543282,0.800213414,1.89E-05,0.000234935,0.001860964,LINC02099
ENSG00000270277,ENSG00000270277.1,4.530354349,0.275662634,1.210549971,1.87E-05,0.000232818,0.001860964,
ENSG00000277511,ENSG00000277511.1,0.070707212,0.441577612,1.358088609,1.89E-05,0.000235753,0.001860964,
ENSG00000005007,ENSG00000005007.12,7.094260792,-0.315387015,0.80363538,2.27E-05,0.000276082,0.001982754,UPF1
ENSG00000025434,ENSG00000025434.18,1.533995679,-0.31021762,0.806520092,2.02E-05,0.000248933,0.001982754,NR1H3
ENSG00000041802,ENSG00000041802.10,5.459465447,-0.163403982,0.892915784,1.92E-05,0.00023858,0.001982754,LSG1
ENSG00000069956,ENSG00000069956.11,4.69575554,0.180595103,1.133351289,2.49E-05,0.000298535,0.001982754,MAPK6
ENSG00000071127,ENSG00000071127.16,8.343767464,-0.213731722,0.862303881,2.49E-05,0.00029847,0.001982754,WDR1
ENSG00000072657,ENSG00000072657.8,-0.487495485,0.574272056,1.488926002,2.40E-05,0.000289914,0.001982754,TRHDE
ENSG00000073050,ENSG00000073050.11,3.180014783,-0.291341464,0.817141901,2.46E-05,0.000296142,0.001982754,XRCC1
ENSG00000075420,ENSG00000075420.12,7.872631479,0.244026158,1.184293084,2.56E-05,0.000305657,0.001982754,FNDC3B
ENSG00000076351,ENSG00000076351.12,2.796355612,-0.290614334,0.817553851,2.42E-05,0.000291566,0.001982754,SLC46A1
ENSG00000079691,ENSG00000079691.17,3.684536224,-0.409989797,0.752628696,2.28E-05,0.000276928,0.001982754,CARMIL1
ENSG00000094975,ENSG00000094975.13,6.418056645,0.217441069,1.162669511,2.10E-05,0.000258227,0.001982754,SUCO
ENSG00000100385,ENSG00000100385.13,4.947586936,-0.412127289,0.75151443,2.35E-05,0.000284461,0.001982754,IL2RB
ENSG00000100601,ENSG00000100601.9,3.939656307,-0.118731607,0.92099702,2.19E-05,0.000267523,0.001982754,ALKBH1
ENSG00000101938,ENSG00000101938.14,-1.967775896,-0.224555992,0.855858387,2.55E-05,0.000305301,0.001982754,CHRDL1
ENSG00000102010,ENSG00000102010.14,2.867326911,0.555759497,1.469942271,2.57E-05,0.000307011,0.001982754,BMX
ENSG00000102053,ENSG00000102053.12,1.347561412,-0.384009541,0.766304913,2.48E-05,0.000297512,0.001982754,ZC3H12B
ENSG00000103037,ENSG00000103037.11,3.896048544,-0.181912739,0.881533476,2.09E-05,0.000257353,0.001982754,SETD6
ENSG00000103319,ENSG00000103319.11,4.471471953,-0.277626223,0.82494725,2.34E-05,0.00028278,0.001982754,EEF2K
ENSG00000105135,ENSG00000105135.15,3.534356964,-0.329784285,0.795655443,2.28E-05,0.000277397,0.001982754,ILVBL
ENSG00000105429,ENSG00000105429.12,3.106973753,-0.378118871,0.76944021,2.18E-05,0.000265992,0.001982754,MEGF8
ENSG00000105568,ENSG00000105568.17,6.095703194,-0.184624848,0.879877846,2.43E-05,0.000292716,0.001982754,PPP2R1A
ENSG00000106624,ENSG00000106624.10,0.626261042,-0.574551881,0.671494794,1.94E-05,0.000241127,0.001982754,AEBP1
ENSG00000106853,ENSG00000106853.18,-1.414528738,0.399869028,1.319388127,2.09E-05,0.000257402,0.001982754,PTGR1
ENSG00000107438,ENSG00000107438.8,4.363617478,-0.376461291,0.770324764,2.25E-05,0.000273467,0.001982754,PDLIM1
ENSG00000108622,ENSG00000108622.10,5.938928278,-0.266301626,0.831448249,2.16E-05,0.000264082,0.001982754,ICAM2
ENSG00000108953,ENSG00000108953.16,4.651370189,0.145426308,1.106057439,2.10E-05,0.000257483,0.001982754,YWHAE
ENSG00000110108,ENSG00000110108.9,4.194994688,-0.261913509,0.83398104,2.22E-05,0.000270457,0.001982754,TMEM109
ENSG00000114520,ENSG00000114520.10,3.943059028,0.295587134,1.227384384,1.97E-05,0.000243472,0.001982754,SNX4
ENSG00000115514,ENSG00000115514.11,3.994973778,0.297657061,1.229146656,2.08E-05,0.000255488,0.001982754,TXNDC9
ENSG00000115993,ENSG00000115993.12,8.017275565,0.391574022,1.311823861,2.57E-05,0.000306499,0.001982754,TRAK2
ENSG00000117318,ENSG00000117318.8,2.429023547,-0.451925803,0.731066321,2.28E-05,0.000276712,0.001982754,ID3
ENSG00000117360,ENSG00000117360.12,6.150447752,-0.107263362,0.928347369,2.06E-05,0.000253256,0.001982754,PRPF3
ENSG00000121904,ENSG00000121904.17,-1.615482164,-0.407716182,0.753815737,2.30E-05,0.00027941,0.001982754,CSMD2
ENSG00000123358,ENSG00000123358.19,0.717653161,-0.531913629,0.69163672,2.07E-05,0.000254725,0.001982754,NR4A1
ENSG00000123416,ENSG00000123416.15,7.332376469,-0.193475238,0.87449665,2.51E-05,0.000300681,0.001982754,TUBA1B
ENSG00000125741,ENSG00000125741.4,3.437766077,-0.23997393,0.846760613,2.57E-05,0.0003065,0.001982754,OPA3
ENSG00000126821,ENSG00000126821.7,4.81369035,-0.216196079,0.860832184,2.14E-05,0.000262091,0.001982754,SGPP1
ENSG00000126860,ENSG00000126860.11,5.202858874,0.465765892,1.381050325,2.41E-05,0.000290829,0.001982754,EVI2A
ENSG00000130592,ENSG00000130592.15,8.342432672,-0.423423031,0.745653339,1.95E-05,0.000241669,0.001982754,LSP1
ENSG00000130768,ENSG00000130768.14,0.094692111,-0.491827973,0.711123494,2.32E-05,0.000281309,0.001982754,SMPDL3B
ENSG00000130812,ENSG00000130812.10,-0.09028026,-0.462956451,0.725498003,2.28E-05,0.00027741,0.001982754,ANGPTL6
ENSG00000131467,ENSG00000131467.10,5.844790741,-0.233077573,0.85081798,2.18E-05,0.000266047,0.001982754,PSME3
ENSG00000133055,ENSG00000133055.8,-0.277972593,-0.60084793,0.659366305,2.35E-05,0.000284771,0.001982754,MYBPH
ENSG00000136448,ENSG00000136448.11,6.23377463,-0.162088363,0.893730421,2.22E-05,0.000270927,0.001982754,NMT1
ENSG00000137185,ENSG00000137185.11,4.10631142,-0.187092375,0.878374224,2.49E-05,0.000298807,0.001982754,ZSCAN9
ENSG00000139193,ENSG00000139193.3,3.821173182,-0.42608239,0.744280122,2.13E-05,0.000261035,0.001982754,CD27
ENSG00000139364,ENSG00000139364.10,-1.432235514,-0.41756743,0.748685942,2.17E-05,0.000265296,0.001982754,TMEM132B
ENSG00000139826,ENSG00000139826.5,5.740145065,0.272199269,1.207647383,1.99E-05,0.000246067,0.001982754,ABHD13
ENSG00000141385,ENSG00000141385.9,5.420676752,-0.127424459,0.915464305,2.37E-05,0.000286269,0.001982754,AFG3L2
ENSG00000142676,ENSG00000142676.12,7.76859906,0.406754051,1.325699737,2.47E-05,0.000296486,0.001982754,RPL11
ENSG00000142798,ENSG00000142798.17,0.777062005,-0.514531859,0.700020046,2.42E-05,0.000291282,0.001982754,HSPG2
ENSG00000143919,ENSG00000143919.14,3.943375392,0.183903228,1.135953066,1.98E-05,0.000245138,0.001982754,CAMKMT
ENSG00000144645,ENSG00000144645.13,4.18407971,-0.575926845,0.670855129,2.28E-05,0.000276799,0.001982754,OSBPL10
ENSG00000145386,ENSG00000145386.9,1.377223434,0.324623275,1.252337378,2.51E-05,0.000301196,0.001982754,CCNA2
ENSG00000147119,ENSG00000147119.3,4.068271776,-0.316575761,0.802973476,2.24E-05,0.000272944,0.001982754,CHST7
ENSG00000149798,ENSG00000149798.4,4.254563787,-0.466582771,0.723676701,2.57E-05,0.000307142,0.001982754,CDC42EP2
ENSG00000152422,ENSG00000152422.15,2.940676726,0.39243445,1.312606471,1.93E-05,0.00024001,0.001982754,XRCC4
ENSG00000152778,ENSG00000152778.8,5.904999318,0.42506313,1.342631253,2.08E-05,0.000255728,0.001982754,IFIT5
ENSG00000156831,ENSG00000156831.7,3.992984729,0.164047321,1.120425964,2.43E-05,0.000292867,0.001982754,NSMCE2
ENSG00000157388,ENSG00000157388.15,2.498450905,-0.422732726,0.746010207,2.40E-05,0.000289774,0.001982754,CACNA1D
ENSG00000158869,ENSG00000158869.10,6.651787871,0.286979062,1.220082803,1.98E-05,0.000245133,0.001982754,FCER1G
ENSG00000163106,ENSG00000163106.10,-1.020918327,-0.495513386,0.709309224,2.24E-05,0.000273022,0.001982754,HPGDS
ENSG00000163249,ENSG00000163249.11,4.145403732,0.161939911,1.118790502,2.13E-05,0.000261501,0.001982754,CCNYL1
ENSG00000163873,ENSG00000163873.9,-1.494262704,-0.465866603,0.72403603,2.51E-05,0.000300715,0.001982754,GRIK3
ENSG00000164414,ENSG00000164414.17,2.641055597,0.389261961,1.309723218,2.58E-05,0.000307638,0.001982754,SLC35A1
ENSG00000165678,ENSG00000165678.20,7.314207448,0.193257043,1.143342025,2.10E-05,0.00025805,0.001982754,GHITM
ENSG00000165943,ENSG00000165943.4,5.108791236,-0.151251496,0.900468993,2.18E-05,0.000266206,0.001982754,MOAP1
ENSG00000168367,ENSG00000168367.9,-1.91538219,-0.243868403,0.844477914,2.40E-05,0.000289638,0.001982754,LINC00917
ENSG00000170185,ENSG00000170185.9,6.385566367,0.117674028,1.084984195,2.48E-05,0.000297436,0.001982754,USP38
ENSG00000170540,ENSG00000170540.14,6.93578691,0.256241073,1.194362747,2.35E-05,0.000284286,0.001982754,ARL6IP1
ENSG00000173040,ENSG00000173040.12,1.068922788,0.468387125,1.383561836,2.02E-05,0.000249649,0.001982754,EVC2
ENSG00000174799,ENSG00000174799.10,5.014030696,0.210175906,1.156829226,2.49E-05,0.000299183,0.001982754,CEP135
ENSG00000176022,ENSG00000176022.4,4.333990164,-0.22859246,0.853467156,2.10E-05,0.000257492,0.001982754,B3GALT6
ENSG00000177479,ENSG00000177479.19,6.989652126,-0.10065004,0.932612687,2.34E-05,0.000283256,0.001982754,ARIH2
ENSG00000177954,ENSG00000177954.11,7.791097581,0.438698761,1.35538129,2.45E-05,0.000294364,0.001982754,RPS27
ENSG00000178789,ENSG00000178789.8,5.274550654,-0.339874799,0.790109877,2.40E-05,0.000289834,0.001982754,CD300LB
ENSG00000179889,ENSG00000179889.18,6.074059467,-0.146119815,0.903677673,2.56E-05,0.000305652,0.001982754,PDXDC1
ENSG00000181544,ENSG00000181544.13,2.918234246,0.273116958,1.208415805,2.30E-05,0.000279137,0.001982754,FANCB
ENSG00000181789,ENSG00000181789.14,6.648626856,-0.196117202,0.872896676,1.97E-05,0.000243735,0.001982754,COPG1
ENSG00000183856,ENSG00000183856.10,-0.835937814,0.470078206,1.385184554,2.15E-05,0.000263445,0.001982754,IQGAP3
ENSG00000184992,ENSG00000184992.10,5.551627701,-0.169787352,0.888973703,2.41E-05,0.000290737,0.001982754,BRI3BP
ENSG00000185909,ENSG00000185909.14,3.253463602,-0.436935371,0.738702123,2.30E-05,0.000278604,0.001982754,KLHDC8B
ENSG00000186407,ENSG00000186407.6,5.911558549,0.319859371,1.248208872,2.32E-05,0.00028143,0.001982754,CD300E
ENSG00000187955,ENSG00000187955.11,-1.77005017,-0.327364376,0.796991158,2.58E-05,0.000308017,0.001982754,COL14A1
ENSG00000196510,ENSG00000196510.12,5.068393579,-0.106133266,0.929074849,2.08E-05,0.000255574,0.001982754,ANAPC7
ENSG00000197057,ENSG00000197057.9,4.919555492,-0.457389615,0.728302845,2.00E-05,0.000247655,0.001982754,DTHD1
ENSG00000197976,ENSG00000197976.11,6.706689114,-0.217391485,0.8601192,2.30E-05,0.000278685,0.001982754,AKAP17A
ENSG00000203880,ENSG00000203880.11,6.920847068,0.142775477,1.104027017,2.13E-05,0.000261119,0.001982754,PCMTD2
ENSG00000205413,ENSG00000205413.7,7.485330087,0.459302508,1.374876953,2.17E-05,0.00026588,0.001982754,SAMD9
ENSG00000213366,ENSG00000213366.12,2.253743005,-0.452749788,0.730648898,2.30E-05,0.00027876,0.001982754,GSTM2
ENSG00000213380,ENSG00000213380.14,3.326274873,-0.18503668,0.879626711,2.11E-05,0.000258951,0.001982754,COG8
ENSG00000214022,ENSG00000214022.11,5.098572678,-0.242156593,0.845480512,2.04E-05,0.000252023,0.001982754,REPIN1
ENSG00000214140,ENSG00000214140.10,0.271571299,-0.535784533,0.689783473,2.05E-05,0.000253103,0.001982754,PRCD
ENSG00000224424,ENSG00000224424.7,0.848881272,-0.299975973,0.812265924,2.56E-05,0.000305361,0.001982754,PRKAR2A-AS1
ENSG00000227028,ENSG00000227028.6,-0.430993982,-0.411790261,0.751690012,2.02E-05,0.00024993,0.001982754,SLC8A1-AS1
ENSG00000235062,ENSG00000235062.4,-1.883062952,-0.288817821,0.818572542,2.40E-05,0.000289096,0.001982754,BCRP5
ENSG00000243547,ENSG00000243547.1,-0.271894313,-0.38288369,0.766903155,2.53E-05,0.000303007,0.001982754,HNRNPKP4
ENSG00000250011,ENSG00000250011.1,0.83707252,0.328617079,1.25580902,2.37E-05,0.000286586,0.001982754,HMGB1P3
ENSG00000254614,ENSG00000254614.2,3.240476169,-0.462200865,0.72587807,2.49E-05,0.000298967,0.001982754,CAPN1-AS1
ENSG00000258805,ENSG00000258805.1,-1.745403515,0.312644087,1.241981847,2.23E-05,0.000272121,0.001982754,ADIPOR1P2
ENSG00000269834,ENSG00000269834.5,0.811316755,-0.403167101,0.756196407,2.27E-05,0.000276386,0.001982754,ZNF528-AS1
ENSG00000269837,ENSG00000269837.1,3.689070197,-0.243374937,0.844766813,1.96E-05,0.000243187,0.001982754,IPO5P1
ENSG00000280407,ENSG00000280407.2,1.367897554,0.473446165,1.388422033,2.38E-05,0.000287902,0.001982754,
ENSG00000283155,ENSG00000283155.1,-0.862901814,0.439302607,1.355948709,2.05E-05,0.00025295,0.001982754,
ENSG00000081320,ENSG00000081320.10,9.355522927,0.190336337,1.141029694,2.69E-05,0.000318538,0.002107761,STK17B
ENSG00000112473,ENSG00000112473.17,5.18843824,-0.199437573,0.870890009,2.58E-05,0.00030824,0.002107761,SLC39A7
ENSG00000119630,ENSG00000119630.13,-1.30805936,0.513308213,1.427319401,2.63E-05,0.000312886,0.002107761,PGF
ENSG00000124702,ENSG00000124702.17,5.380294021,-0.191061561,0.875960936,2.68E-05,0.000317803,0.002107761,KLHDC3
ENSG00000132305,ENSG00000132305.20,5.806700956,-0.136175052,0.90992841,2.64E-05,0.000313635,0.002107761,IMMT
ENSG00000133318,ENSG00000133318.13,7.164032246,0.264518422,1.201235005,2.61E-05,0.000310799,0.002107761,RTN3
ENSG00000135637,ENSG00000135637.13,5.122764427,-0.224073302,0.856144783,2.60E-05,0.000309563,0.002107761,CCDC142
ENSG00000154930,ENSG00000154930.14,6.124544291,-0.209237125,0.864994506,2.66E-05,0.000315579,0.002107761,ACSS1
ENSG00000165626,ENSG00000165626.16,1.4315629,0.54796381,1.462020773,2.64E-05,0.000314197,0.002107761,BEND7
ENSG00000166508,ENSG00000166508.17,5.38096283,-0.188733638,0.877375522,2.69E-05,0.000319135,0.002107761,MCM7
ENSG00000166888,ENSG00000166888.11,8.42379799,-0.267490374,0.830763436,2.60E-05,0.000310204,0.002107761,STAT6
ENSG00000168806,ENSG00000168806.7,4.219445073,-0.206018051,0.866926717,2.65E-05,0.000315221,0.002107761,LCMT2
ENSG00000177879,ENSG00000177879.15,4.554439409,0.202554382,1.150733999,2.68E-05,0.000317705,0.002107761,AP3S1
ENSG00000196542,ENSG00000196542.8,0.594401023,-0.505315059,0.704506509,2.65E-05,0.000315257,0.002107761,SPTSSB
ENSG00000229239,ENSG00000229239.2,-1.588224575,-0.335138979,0.792707769,2.66E-05,0.00031556,0.002107761,EEF1A1P48
ENSG00000255455,ENSG00000255455.2,4.731973474,-0.174971425,0.885785064,2.67E-05,0.000316454,0.002107761,
ENSG00000058262,ENSG00000058262.9,7.15314849,-0.133069101,0.911889488,2.76E-05,0.000325787,0.002228615,SEC61A1
ENSG00000058668,ENSG00000058668.14,7.632626311,0.23313293,1.175384624,2.99E-05,0.000348704,0.002228615,ATP2B4
ENSG00000065154,ENSG00000065154.11,5.379159517,0.204191842,1.152040825,3.25E-05,0.000374003,0.002228615,OAT
ENSG00000066382,ENSG00000066382.16,-0.60923245,-0.503359997,0.705461865,3.18E-05,0.000367271,0.002228615,MPPED2
ENSG00000066926,ENSG00000066926.10,7.827941935,0.616282945,1.532920571,2.71E-05,0.000320485,0.002228615,FECH
ENSG00000068366,ENSG00000068366.19,7.328060475,0.245690341,1.185659983,2.99E-05,0.000349034,0.002228615,ACSL4
ENSG00000073670,ENSG00000073670.13,-1.022329089,-0.405007967,0.755232122,3.05E-05,0.000354935,0.002228615,ADAM11
ENSG00000075303,ENSG00000075303.12,5.160148524,0.194484879,1.144315504,3.02E-05,0.000351838,0.002228615,SLC25A40
ENSG00000077235,ENSG00000077235.17,6.042078138,-0.206570839,0.866594605,2.74E-05,0.000324078,0.002228615,GTF3C1
ENSG00000079332,ENSG00000079332.14,6.935787375,-0.104267373,0.930277234,3.11E-05,0.00036069,0.002228615,SAR1A
ENSG00000089101,ENSG00000089101.17,-1.587029835,-0.350955946,0.784064396,3.22E-05,0.000371493,0.002228615,CFAP61
ENSG00000092931,ENSG00000092931.11,4.875576082,0.114741419,1.082780956,2.85E-05,0.000335377,0.002228615,MFSD11
ENSG00000100439,ENSG00000100439.10,4.636045505,-0.269751089,0.829462642,2.76E-05,0.000325781,0.002228615,ABHD4
ENSG00000100519,ENSG00000100519.11,5.259240765,0.257471263,1.195381618,3.07E-05,0.000356797,0.002228615,PSMC6
ENSG00000101391,ENSG00000101391.20,5.010161702,-0.127137417,0.915646467,3.17E-05,0.000366963,0.002228615,CDK5RAP1
ENSG00000101557,ENSG00000101557.14,4.930352914,0.198991375,1.147895551,2.75E-05,0.000325,0.002228615,USP14
ENSG00000102908,ENSG00000102908.20,7.707181076,0.208928782,1.155829648,3.25E-05,0.00037442,0.002228615,NFAT5
ENSG00000104892,ENSG00000104892.16,3.892553858,0.771231535,1.706726083,3.22E-05,0.000371429,0.002228615,KLC3
ENSG00000108932,ENSG00000108932.11,5.116702952,0.213305683,1.159341571,3.19E-05,0.000368124,0.002228615,SLC16A6
ENSG00000112306,ENSG00000112306.7,9.231544672,0.263549976,1.200428916,2.86E-05,0.000335595,0.002228615,RPS12
ENSG00000115267,ENSG00000115267.5,5.986200457,0.321741628,1.249838449,2.78E-05,0.000328187,0.002228615,IFIH1
ENSG00000116030,ENSG00000116030.16,5.052850647,0.189570348,1.140424033,3.26E-05,0.0003754,0.002228615,SUMO1
ENSG00000117016,ENSG00000117016.9,1.83196288,-0.323557093,0.799097202,3.00E-05,0.00034986,0.002228615,RIMS3
ENSG00000119042,ENSG00000119042.16,0.199610248,0.485807882,1.400369827,3.07E-05,0.000356865,0.002228615,SATB2
ENSG00000120539,ENSG00000120539.14,4.15770168,0.26199921,1.199139258,3.25E-05,0.000373938,0.002228615,MASTL
ENSG00000121594,ENSG00000121594.11,1.330020297,0.433164209,1.350191656,2.83E-05,0.000332692,0.002228615,CD80
ENSG00000122432,ENSG00000122432.17,0.836340342,0.364074789,1.287055967,3.17E-05,0.000366343,0.002228615,SPATA1
ENSG00000124214,ENSG00000124214.19,6.047583518,0.261304024,1.198561571,2.99E-05,0.000348913,0.002228615,STAU1
ENSG00000125650,ENSG00000125650.4,1.587821477,-0.290665724,0.817524729,3.17E-05,0.000366203,0.002228615,PSPN
ENSG00000128708,ENSG00000128708.12,4.23939753,0.3009681,1.231970833,3.06E-05,0.000356035,0.002228615,HAT1
ENSG00000133687,ENSG00000133687.15,3.816895588,0.965118471,1.952223827,3.19E-05,0.000368052,0.002228615,TMTC1
ENSG00000135535,ENSG00000135535.15,8.044171833,0.178405501,1.131632488,3.20E-05,0.000369684,0.002228615,CD164
ENSG00000137509,ENSG00000137509.10,6.897508907,0.189230773,1.140155637,2.97E-05,0.000346707,0.002228615,PRCP
ENSG00000138074,ENSG00000138074.14,3.405894581,-0.251454636,0.840048986,2.90E-05,0.000339909,0.002228615,SLC5A6
ENSG00000138081,ENSG00000138081.20,6.741952424,0.167816862,1.123357294,2.94E-05,0.000343603,0.002228615,FBXO11
ENSG00000140543,ENSG00000140543.14,3.95429768,-0.206111041,0.86687084,3.21E-05,0.000370026,0.002228615,DET1
ENSG00000143772,ENSG00000143772.9,7.29211983,-0.234705142,0.849858675,3.09E-05,0.000358834,0.002228615,ITPKB
ENSG00000145425,ENSG00000145425.9,6.09189731,0.518928001,1.432890139,3.00E-05,0.000350418,0.002228615,RPS3A
ENSG00000150527,ENSG00000150527.16,3.555990626,0.190274915,1.140981116,2.81E-05,0.00033114,0.002228615,MIA2
ENSG00000151208,ENSG00000151208.16,3.068419549,-0.478500274,0.717723332,2.95E-05,0.000344993,0.002228615,DLG5
ENSG00000152454,ENSG00000152454.3,2.912426,-0.273836079,0.827117341,2.83E-05,0.000332794,0.002228615,ZNF256
ENSG00000155313,ENSG00000155313.15,7.46746101,0.162395972,1.119144227,2.73E-05,0.000322898,0.002228615,USP25
ENSG00000155660,ENSG00000155660.10,5.478220244,-0.248169511,0.841964021,3.08E-05,0.000358206,0.002228615,PDIA4
ENSG00000162419,ENSG00000162419.12,5.003610297,-0.114463113,0.923726004,3.19E-05,0.000368267,0.002228615,GMEB1
ENSG00000163682,ENSG00000163682.15,6.345154313,0.453627613,1.369479446,3.13E-05,0.000363052,0.002228615,RPL9
ENSG00000164442,ENSG00000164442.9,4.773628638,0.170848977,1.125720738,3.15E-05,0.000364455,0.002228615,CITED2
ENSG00000165025,ENSG00000165025.14,8.659027468,-0.239096677,0.847275656,2.89E-05,0.000339436,0.002228615,SYK
ENSG00000169397,ENSG00000169397.3,0.502789817,0.715329034,1.641857632,3.25E-05,0.000373867,0.002228615,RNASE3
ENSG00000170037,ENSG00000170037.13,3.554451656,-0.232158626,0.851360095,2.77E-05,0.000327163,0.002228615,CNTROB
ENSG00000170100,ENSG00000170100.13,4.857519347,-0.119667816,0.920399551,2.88E-05,0.000338213,0.002228615,ZNF778
ENSG00000170802,ENSG00000170802.15,7.0800843,0.186683316,1.138144169,3.15E-05,0.000364751,0.002228615,FOXN2
ENSG00000175928,ENSG00000175928.5,1.521958854,0.492764432,1.407138594,2.93E-05,0.000343174,0.002228615,LRRN1
ENSG00000177133,ENSG00000177133.10,-1.89565801,-0.268661157,0.830089524,3.02E-05,0.000352388,0.002228615,PRDM16-DT
ENSG00000183111,ENSG00000183111.11,2.262431933,0.595564918,1.511064159,2.75E-05,0.000324924,0.002228615,ARHGEF37
ENSG00000186591,ENSG00000186591.11,7.990426188,0.384644747,1.305538268,2.97E-05,0.00034747,0.002228615,UBE2H
ENSG00000188511,ENSG00000188511.12,4.461646281,-0.39972497,0.758002773,2.96E-05,0.000345991,0.002228615,MIR3667HG
ENSG00000188917,ENSG00000188917.14,5.540265813,-0.143313246,0.905437368,3.25E-05,0.0003746,0.002228615,TRMT2B
ENSG00000196655,ENSG00000196655.11,5.035834938,-0.134140945,0.911212255,2.86E-05,0.000335894,0.002228615,TRAPPC4
ENSG00000197128,ENSG00000197128.11,3.932496011,-0.289632598,0.818110375,3.08E-05,0.000357661,0.002228615,ZNF772
ENSG00000198663,ENSG00000198663.16,6.897987658,-0.143793851,0.90513579,2.76E-05,0.00032568,0.002228615,C6orf89
ENSG00000215386,ENSG00000215386.11,-1.117611517,-0.475091762,0.71942103,2.86E-05,0.000335914,0.002228615,MIR99AHG
ENSG00000223944,ENSG00000223944.1,-2.026105232,-0.151398566,0.900377203,3.14E-05,0.000364065,0.002228615,
ENSG00000225968,ENSG00000225968.7,-1.9130877,-0.276623021,0.825521091,3.06E-05,0.000355834,0.002228615,ELFN1
ENSG00000227199,ENSG00000227199.1,-1.228644092,-0.386266595,0.765106988,3.02E-05,0.000352172,0.002228615,ST7-AS1
ENSG00000228794,ENSG00000228794.8,4.210271845,-0.221420845,0.85772029,2.94E-05,0.000343643,0.002228615,LINC01128
ENSG00000229981,ENSG00000229981.7,-1.907118963,-0.290398457,0.817676194,2.91E-05,0.000341206,0.002228615,LINC01435
ENSG00000232119,ENSG00000232119.7,3.910389573,0.195244837,1.144918446,3.16E-05,0.000365343,0.002228615,MCTS1
ENSG00000233431,ENSG00000233431.1,0.673466123,0.504981388,1.419105048,2.90E-05,0.000340503,0.002228615,LINC02596
ENSG00000238082,ENSG00000238082.1,-1.467781597,-0.36636304,0.775735623,2.87E-05,0.000337416,0.002228615,NUDCP2
ENSG00000240204,ENSG00000240204.2,-0.57394853,-0.423206152,0.74576544,3.20E-05,0.000368968,0.002228615,SMKR1
ENSG00000244482,ENSG00000244482.10,5.300446225,0.448889186,1.364988868,2.90E-05,0.000340265,0.002228615,LILRA6
ENSG00000248196,ENSG00000248196.1,-1.326485117,0.388114606,1.308682028,3.19E-05,0.000368804,0.002228615,
ENSG00000249526,ENSG00000249526.1,-0.205097119,-0.464454688,0.724744966,3.14E-05,0.000363412,0.002228615,
ENSG00000250290,ENSG00000250290.1,1.146723816,0.350574417,1.275068202,3.20E-05,0.000369015,0.002228615,NCAPGP1
ENSG00000251661,ENSG00000251661.3,2.806996742,0.33295205,1.259588115,3.06E-05,0.000356142,0.002228615,
ENSG00000267238,ENSG00000267238.1,-2.024720319,-0.164206066,0.892419494,2.71E-05,0.000320828,0.002228615,
ENSG00000271553,ENSG00000271553.1,0.909536728,0.371023221,1.293269748,3.25E-05,0.000374355,0.002228615,
ENSG00000276045,ENSG00000276045.2,4.519141803,-0.302767936,0.810695513,2.69E-05,0.00031923,0.002228615,ORAI1
ENSG00000279095,ENSG00000279095.1,1.40015948,-0.381453872,0.76766359,2.93E-05,0.000342986,0.002228615,
ENSG00000010017,ENSG00000010017.12,5.595538381,0.220009562,1.164741307,3.33E-05,0.000381739,0.00265499,RANBP9
ENSG00000025770,ENSG00000025770.18,4.831586874,-0.317888007,0.80224344,3.41E-05,0.000390033,0.00265499,NCAPH2
ENSG00000053524,ENSG00000053524.12,3.396834725,0.341404387,1.266989341,3.35E-05,0.00038364,0.00265499,MCF2L2
ENSG00000075234,ENSG00000075234.16,5.39352995,-0.322212622,0.79984224,3.35E-05,0.000383765,0.00265499,TTC38
ENSG00000115942,ENSG00000115942.8,5.392211373,0.120781925,1.08732402,3.45E-05,0.000393296,0.00265499,ORC2
ENSG00000117751,ENSG00000117751.17,5.352795606,-0.126076267,0.916320203,3.32E-05,0.000381038,0.00265499,PPP1R8
ENSG00000131941,ENSG00000131941.7,-0.795476555,-0.451972609,0.731042604,3.40E-05,0.000388593,0.00265499,RHPN2
ENSG00000136682,ENSG00000136682.14,4.125074032,0.209598905,1.156366649,3.36E-05,0.000385364,0.00265499,ZNG1B
ENSG00000137462,ENSG00000137462.6,8.916766052,0.320487304,1.248752273,3.47E-05,0.000395261,0.00265499,TLR2
ENSG00000138829,ENSG00000138829.11,4.4513063,0.440074031,1.356673943,3.39E-05,0.000388211,0.00265499,FBN2
ENSG00000139880,ENSG00000139880.19,-0.816528713,-0.435917533,0.73922347,3.49E-05,0.000397797,0.00265499,CDH24
ENSG00000146109,ENSG00000146109.4,5.275518469,-0.148277331,0.902327255,3.48E-05,0.000396433,0.00265499,ABT1
ENSG00000151715,ENSG00000151715.7,3.205700333,0.430286226,1.34750089,3.34E-05,0.000382771,0.00265499,TMEM45B
ENSG00000154582,ENSG00000154582.16,3.544299572,0.177081117,1.130594134,3.37E-05,0.000386386,0.00265499,ELOC
ENSG00000158079,ENSG00000158079.14,3.577845416,-0.224011629,0.856181383,3.41E-05,0.000389983,0.00265499,PTPDC1
ENSG00000171530,ENSG00000171530.13,3.0521443,0.250838638,1.189898601,3.45E-05,0.000394075,0.00265499,TBCA
ENSG00000173436,ENSG00000173436.13,3.778888152,-0.145665131,0.903962525,3.42E-05,0.000391303,0.00265499,MICOS10
ENSG00000178921,ENSG00000178921.13,2.911302905,-0.326534131,0.797449944,3.48E-05,0.000397077,0.00265499,PFAS
ENSG00000179950,ENSG00000179950.13,5.845831528,-0.346483075,0.786499048,3.45E-05,0.000393534,0.00265499,PUF60
ENSG00000185499,ENSG00000185499.16,-1.205345275,0.400974749,1.32039973,3.45E-05,0.000393327,0.00265499,MUC1
ENSG00000197111,ENSG00000197111.15,7.286714652,0.204422891,1.15222534,3.33E-05,0.000381888,0.00265499,PCBP2
ENSG00000204475,ENSG00000204475.9,2.641589107,-0.394778969,0.760605898,3.27E-05,0.000375804,0.00265499,NCR3
ENSG00000235545,ENSG00000235545.1,-1.205094623,-0.394711062,0.7606417,3.35E-05,0.000383942,0.00265499,DOCK7-DT
ENSG00000249898,ENSG00000249898.7,0.557367999,-0.388874741,0.763725055,3.29E-05,0.000378084,0.00265499,MCPH1-AS1
ENSG00000254528,ENSG00000254528.7,0.40045779,-0.514486855,0.700041883,3.47E-05,0.000395447,0.00265499,FXYD6-AS1
ENSG00000258512,ENSG00000258512.1,0.012120419,0.413059158,1.331506211,3.50E-05,0.000398345,0.00265499,LINC00239
ENSG00000275909,ENSG00000275909.1,-1.853753337,-0.244302348,0.844223944,3.48E-05,0.000397114,0.00265499,Metazoa_SRP
ENSG00000083896,ENSG00000083896.12,7.040006292,-0.149261765,0.901711756,3.76E-05,0.000423978,0.002734843,YTHDC1
ENSG00000090382,ENSG00000090382.6,11.51619892,0.352688134,1.276937695,3.71E-05,0.000418405,0.002734843,LYZ
ENSG00000090432,ENSG00000090432.6,4.524093963,-0.213039878,0.862717497,3.74E-05,0.000421921,0.002734843,MUL1
ENSG00000095139,ENSG00000095139.13,6.637447701,-0.150392176,0.901005504,4.04E-05,0.000449691,0.002734843,ARCN1
ENSG00000100075,ENSG00000100075.9,3.563200492,-0.35090618,0.784091443,3.71E-05,0.000418399,0.002734843,SLC25A1
ENSG00000100448,ENSG00000100448.3,0.438346808,0.724321513,1.652123475,3.86E-05,0.000433184,0.002734843,CTSG
ENSG00000100567,ENSG00000100567.12,4.536827814,0.217040549,1.162346776,4.00E-05,0.000446546,0.002734843,PSMA3
ENSG00000101082,ENSG00000101082.13,5.308538309,-0.245415082,0.843573054,3.98E-05,0.000444476,0.002734843,SLA2
ENSG00000105255,ENSG00000105255.10,-0.159585023,-0.47728836,0.718326498,3.90E-05,0.000437213,0.002734843,FSD1
ENSG00000106605,ENSG00000106605.10,4.154919064,0.255459042,1.193715504,3.65E-05,0.000412687,0.002734843,BLVRA
ENSG00000110203,ENSG00000110203.8,4.686291433,0.733815598,1.663031618,3.71E-05,0.000418818,0.002734843,FOLR3
ENSG00000112877,ENSG00000112877.7,3.022327376,-0.275781608,0.826002694,3.50E-05,0.00039837,0.002734843,CEP72
ENSG00000115255,ENSG00000115255.10,-0.930589647,-0.421181351,0.746812846,4.05E-05,0.000451238,0.002734843,REEP6
ENSG00000116711,ENSG00000116711.9,3.516043818,0.284804538,1.2182452,3.92E-05,0.000439134,0.002734843,PLA2G4A
ENSG00000119318,ENSG00000119318.12,6.930955911,0.163176812,1.119750113,3.88E-05,0.000435397,0.002734843,RAD23B
ENSG00000119778,ENSG00000119778.14,7.47319555,0.105695093,1.07601269,3.70E-05,0.000418242,0.002734843,ATAD2B
ENSG00000124006,ENSG00000124006.14,-1.087389764,-0.446294121,0.733925678,3.84E-05,0.000431615,0.002734843,OBSL1
ENSG00000125170,ENSG00000125170.10,1.33520402,0.443323945,1.359733524,3.65E-05,0.000413145,0.002734843,DOK4
ENSG00000126522,ENSG00000126522.16,3.347338657,-0.350049285,0.784557295,3.79E-05,0.000426706,0.002734843,ASL
ENSG00000126882,ENSG00000126882.12,6.533595858,-0.217157759,0.860258556,3.91E-05,0.00043792,0.002734843,FAM78A
ENSG00000128881,ENSG00000128881.16,6.221618632,0.088307354,1.063122139,3.73E-05,0.000421035,0.002734843,TTBK2
ENSG00000136040,ENSG00000136040.8,9.584209074,0.298260484,1.229660868,4.00E-05,0.000446416,0.002734843,PLXNC1
ENSG00000137198,ENSG00000137198.9,6.620321899,0.642209349,1.560717419,3.77E-05,0.000424319,0.002734843,GMPR
ENSG00000137310,ENSG00000137310.11,2.773828704,-0.266234356,0.831487018,4.00E-05,0.000446614,0.002734843,TCF19
ENSG00000138796,ENSG00000138796.16,4.302514098,-0.16398405,0.892556839,3.60E-05,0.000408005,0.002734843,HADH
ENSG00000140319,ENSG00000140319.10,5.101562876,0.244863362,1.184980536,3.74E-05,0.000421844,0.002734843,SRP14
ENSG00000141295,ENSG00000141295.13,3.817309311,-0.279050267,0.82413337,4.00E-05,0.000445886,0.002734843,SCRN2
ENSG00000145850,ENSG00000145850.8,0.235027157,-0.440799401,0.736726274,3.81E-05,0.000428412,0.002734843,TIMD4
ENSG00000146070,ENSG00000146070.16,3.016571307,0.424637264,1.342234983,4.04E-05,0.000450218,0.002734843,PLA2G7
ENSG00000150045,ENSG00000150045.11,4.81346739,-0.458303165,0.727841811,3.85E-05,0.000431896,0.002734843,KLRF1
ENSG00000158604,ENSG00000158604.14,6.409621094,-0.099181481,0.933562502,3.96E-05,0.000442812,0.002734843,TMED4
ENSG00000163485,ENSG00000163485.16,-1.232366852,-0.420986434,0.746913752,4.04E-05,0.000450045,0.002734843,ADORA1
ENSG00000164691,ENSG00000164691.16,8.335980398,-0.167290246,0.890513726,3.84E-05,0.000431588,0.002734843,TAGAP
ENSG00000170445,ENSG00000170445.12,5.421175042,-0.126187382,0.916249631,4.02E-05,0.000448254,0.002734843,HARS1
ENSG00000173068,ENSG00000173068.17,2.749460622,-0.52013241,0.697307832,3.64E-05,0.000412248,0.002734843,BNC2
ENSG00000174807,ENSG00000174807.3,-1.28809316,-0.483047963,0.715464474,3.83E-05,0.000430715,0.002734843,CD248
ENSG00000176871,ENSG00000176871.8,5.622067258,0.186043974,1.137639904,4.03E-05,0.000449082,0.002734843,WSB2
ENSG00000180861,ENSG00000180861.9,-1.929224953,-0.164305653,0.892357894,3.95E-05,0.000441552,0.002734843,LINC01559
ENSG00000184226,ENSG00000184226.14,5.166622872,-0.647948757,0.638187052,3.70E-05,0.000417516,0.002734843,PCDH9
ENSG00000188786,ENSG00000188786.9,5.947287903,0.217573554,1.162776286,3.75E-05,0.000422337,0.002734843,MTF1
ENSG00000198492,ENSG00000198492.15,5.888645218,-0.104121948,0.930371012,3.68E-05,0.000416089,0.002734843,YTHDF2
ENSG00000198855,ENSG00000198855.6,3.543672657,-0.163442449,0.892891976,3.67E-05,0.000414655,0.002734843,FICD
ENSG00000210082,ENSG00000210082.2,7.905005525,0.456267074,1.371987249,4.01E-05,0.000447104,0.002734843,MT-RNR2
ENSG00000229124,ENSG00000229124.6,5.266785233,0.174202362,1.128340395,4.04E-05,0.00045015,0.002734843,VIM-AS1
ENSG00000230330,ENSG00000230330.1,-1.024787743,-0.39246872,0.761824864,3.85E-05,0.000432078,0.002734843,HMGN2P3
ENSG00000231890,ENSG00000231890.7,2.255464428,0.257341808,1.195274359,3.84E-05,0.000430915,0.002734843,DARS1-AS1
ENSG00000232229,ENSG00000232229.5,1.636774039,-0.397866836,0.758979679,3.61E-05,0.000409588,0.002734843,LINC00865
ENSG00000234332,ENSG00000234332.1,-1.028747486,0.446661389,1.362882691,3.84E-05,0.000430961,0.002734843,BCAS2P2
ENSG00000235834,ENSG00000235834.1,2.04660071,-0.457936195,0.728026972,3.93E-05,0.000439751,0.002734843,
ENSG00000235961,ENSG00000235961.5,-1.150024098,-0.503310974,0.705485838,3.58E-05,0.000406238,0.002734843,PNMA6A
ENSG00000236609,ENSG00000236609.3,1.891840192,-0.337058822,0.791653587,3.83E-05,0.00042991,0.002734843,ZNF853
ENSG00000249307,ENSG00000249307.5,-0.776043041,-0.433922869,0.740246224,3.85E-05,0.000431756,0.002734843,LINC01088
ENSG00000253619,ENSG00000253619.1,-1.612602319,-0.331744667,0.794575014,3.79E-05,0.000426139,0.002734843,
ENSG00000255302,ENSG00000255302.4,5.760718243,0.256956483,1.19495516,3.64E-05,0.000411972,0.002734843,EID1
ENSG00000255561,ENSG00000255561.6,1.138906043,-0.302773725,0.81069226,3.91E-05,0.000438027,0.002734843,FDXACB1
ENSG00000257747,ENSG00000257747.1,-2.052828379,-0.084667949,0.943001552,3.59E-05,0.000406927,0.002734843,LINC02426
ENSG00000268030,ENSG00000268030.1,-1.813691235,-0.182540701,0.881149854,3.99E-05,0.000445671,0.002734843,
ENSG00000269119,ENSG00000269119.1,0.065399881,0.512927018,1.426942318,3.57E-05,0.000405084,0.002734843,HNRNPA1P52
ENSG00000271646,ENSG00000271646.1,4.466610411,0.236670153,1.178269986,3.98E-05,0.00044397,0.002734843,IRF2-DT
ENSG00000273079,ENSG00000273079.5,-1.152020113,-0.489557737,0.712243405,3.69E-05,0.000417039,0.002734843,GRIN2B
ENSG00000273133,ENSG00000273133.1,1.305491691,0.535069556,1.449012014,3.73E-05,0.00042053,0.002734843,
ENSG00000276317,ENSG00000276317.1,1.921664283,-0.282617176,0.822098305,3.70E-05,0.000417869,0.002734843,
ENSG00000283083,ENSG00000283083.1,-2.004275658,-0.156843028,0.896985751,4.05E-05,0.000451337,0.002734843,LINC02498
ENSG00000204822,ENSG00000204822.6,2.310806407,-0.202308656,0.869158589,4.06E-05,0.000451948,0.002832792,MRPL53
ENSG00000007372,ENSG00000007372.21,-1.612563238,-0.391244248,0.762471729,5.29E-05,0.0005678,0.003662434,PAX6
ENSG00000010256,ENSG00000010256.10,5.952397453,-0.269890387,0.829382558,4.99E-05,0.000540399,0.003662434,UQCRC1
ENSG00000010292,ENSG00000010292.12,5.784271524,-0.206757031,0.866482771,5.97E-05,0.000627495,0.003662434,NCAPD2
ENSG00000011275,ENSG00000011275.18,6.742474138,-0.123207669,0.91814399,5.22E-05,0.00056155,0.003662434,RNF216
ENSG00000011465,ENSG00000011465.16,-1.645144917,-0.356828573,0.780879274,5.53E-05,0.000589494,0.003662434,DCN
ENSG00000033867,ENSG00000033867.16,6.732377119,0.221096088,1.16561883,6.04E-05,0.000634076,0.003662434,SLC4A7
ENSG00000034677,ENSG00000034677.12,7.38571958,0.136654756,1.099353037,5.91E-05,0.00062259,0.003662434,RNF19A
ENSG00000037637,ENSG00000037637.10,6.098816918,-0.121308207,0.919353621,4.23E-05,0.000468375,0.003662434,FBXO42
ENSG00000060237,ENSG00000060237.16,8.749340887,0.350210304,1.274746436,4.85E-05,0.000526715,0.003662434,WNK1
ENSG00000060642,ENSG00000060642.10,4.508941108,-0.130231414,0.91368488,4.97E-05,0.000537809,0.003662434,PIGV
ENSG00000071189,ENSG00000071189.21,7.438563051,0.185194262,1.136970058,4.98E-05,0.000539173,0.003662434,SNX13
ENSG00000072803,ENSG00000072803.17,6.392735396,-0.084001803,0.943437072,5.03E-05,0.000543286,0.003662434,FBXW11
ENSG00000073008,ENSG00000073008.14,3.797065883,-0.302227055,0.810999508,5.41E-05,0.000578744,0.003662434,PVR
ENSG00000073712,ENSG00000073712.14,-1.130683693,-0.418429822,0.748238538,5.17E-05,0.000556242,0.003662434,FERMT2
ENSG00000081181,ENSG00000081181.7,0.99288719,0.519840926,1.433797146,4.84E-05,0.000526162,0.003662434,ARG2
ENSG00000081479,ENSG00000081479.12,-1.617150946,-0.359940641,0.779196639,5.73E-05,0.000606858,0.003662434,LRP2
ENSG00000082212,ENSG00000082212.12,6.737678429,0.122775881,1.088827856,4.22E-05,0.000467776,0.003662434,ME2
ENSG00000083312,ENSG00000083312.17,7.90006047,0.143885973,1.104877154,5.19E-05,0.00055849,0.003662434,TNPO1
ENSG00000087206,ENSG00000087206.16,6.711909161,0.167974982,1.12348042,5.27E-05,0.000565674,0.003662434,UIMC1
ENSG00000087365,ENSG00000087365.15,5.939875159,-0.198176039,0.871651873,4.49E-05,0.000492954,0.003662434,SF3B2
ENSG00000088876,ENSG00000088876.11,3.482058438,-0.176734405,0.884703291,4.44E-05,0.000488925,0.003662434,ZNF343
ENSG00000090776,ENSG00000090776.5,2.150668145,-0.352719591,0.783106489,5.72E-05,0.00060613,0.003662434,EFNB1
ENSG00000099953,ENSG00000099953.9,0.351508734,-0.437785623,0.738266897,4.97E-05,0.000538241,0.003662434,MMP11
ENSG00000101310,ENSG00000101310.14,6.090533208,-0.146899245,0.903189585,4.87E-05,0.000528496,0.003662434,SEC23B
ENSG00000101442,ENSG00000101442.9,4.151400623,-0.159838658,0.89512517,5.29E-05,0.00056717,0.003662434,ACTR5
ENSG00000102409,ENSG00000102409.9,3.353589102,-0.24242079,0.845325696,5.71E-05,0.000604683,0.003662434,BEX4
ENSG00000102796,ENSG00000102796.10,5.087869666,0.319234853,1.24766866,5.01E-05,0.000542011,0.003662434,DHRS12
ENSG00000105492,ENSG00000105492.15,1.034558559,-0.466044963,0.723946523,5.33E-05,0.000570783,0.003662434,SIGLEC6
ENSG00000105617,ENSG00000105617.3,3.475546508,-0.278707577,0.824329153,4.31E-05,0.000476218,0.003662434,LENG1
ENSG00000106261,ENSG00000106261.16,6.969814157,0.073790352,1.052478201,5.72E-05,0.000605824,0.003662434,ZKSCAN1
ENSG00000106628,ENSG00000106628.10,2.73031248,-0.275825638,0.825977485,5.47E-05,0.000584158,0.003662434,POLD2
ENSG00000108469,ENSG00000108469.14,4.527576676,-0.203743165,0.868294791,6.01E-05,0.00063167,0.003662434,RECQL5
ENSG00000108669,ENSG00000108669.16,8.912462227,-0.144209956,0.904874766,5.32E-05,0.000569949,0.003662434,CYTH1
ENSG00000108852,ENSG00000108852.14,-0.596698573,-0.469277917,0.722326039,4.74E-05,0.000517096,0.003662434,MPP2
ENSG00000109586,ENSG00000109586.11,5.839400577,0.144115965,1.105053307,5.56E-05,0.000591637,0.003662434,GALNT7
ENSG00000110721,ENSG00000110721.11,3.12910799,-0.232432041,0.851198763,4.78E-05,0.000520388,0.003662434,CHKA
ENSG00000111252,ENSG00000111252.10,6.927113541,-0.223563679,0.856447265,4.54E-05,0.000497739,0.003662434,SH2B3
ENSG00000111652,ENSG00000111652.9,4.504393896,-0.161307383,0.894214359,5.88E-05,0.000619691,0.003662434,COPS7A
ENSG00000113013,ENSG00000113013.12,6.660022987,-0.16310404,0.893101444,5.92E-05,0.000623472,0.003662434,HSPA9
ENSG00000113369,ENSG00000113369.8,8.143403817,-0.302136126,0.811050625,4.79E-05,0.000521343,0.003662434,ARRDC3
ENSG00000116285,ENSG00000116285.12,0.392726722,-0.370498518,0.773515165,5.87E-05,0.000618876,0.003662434,ERRFI1
ENSG00000119608,ENSG00000119608.12,-0.117201245,-0.443469784,0.735363878,4.62E-05,0.000505989,0.003662434,PROX2
ENSG00000120915,ENSG00000120915.13,4.019971903,-0.373429156,0.77194547,4.31E-05,0.000476355,0.003662434,EPHX2
ENSG00000121486,ENSG00000121486.11,4.82064778,0.172392722,1.126925952,4.23E-05,0.000467894,0.003662434,TRMT1L
ENSG00000122547,ENSG00000122547.10,5.062732854,-0.356286512,0.781172728,5.26E-05,0.000565125,0.003662434,EEPD1
ENSG00000125508,ENSG00000125508.3,-1.870183586,-0.289079385,0.818424146,4.71E-05,0.000513624,0.003662434,SRMS
ENSG00000126602,ENSG00000126602.10,4.665909062,-0.25794495,0.83627831,4.60E-05,0.00050401,0.003662434,TRAP1
ENSG00000128973,ENSG00000128973.12,3.522486257,-0.268354124,0.830266202,5.94E-05,0.000624877,0.003662434,CLN6
ENSG00000129354,ENSG00000129354.11,-0.024486435,-0.510277414,0.702087421,5.83E-05,0.000615472,0.003662434,AP1M2
ENSG00000130402,ENSG00000130402.11,6.890012562,-0.398513545,0.758639532,4.47E-05,0.000491598,0.003662434,ACTN4
ENSG00000130584,ENSG00000130584.10,0.986289504,-0.383124986,0.766774898,5.09E-05,0.000549493,0.003662434,ZBTB46
ENSG00000130770,ENSG00000130770.17,3.893895999,0.190826048,1.141417073,5.70E-05,0.000604612,0.003662434,ATP5IF1
ENSG00000131023,ENSG00000131023.12,6.125086096,0.111144411,1.080084669,5.69E-05,0.00060338,0.003662434,LATS1
ENSG00000132329,ENSG00000132329.10,-0.023195176,-0.474164231,0.719883706,4.80E-05,0.000522179,0.003662434,RAMP1
ENSG00000134265,ENSG00000134265.12,5.488846595,0.144038337,1.104993848,4.66E-05,0.000509155,0.003662434,NAPG
ENSG00000135070,ENSG00000135070.14,6.318627113,0.388631918,1.309151371,4.27E-05,0.000472468,0.003662434,ISCA1
ENSG00000135317,ENSG00000135317.12,6.111580407,0.175036895,1.128993277,5.76E-05,0.000609539,0.003662434,SNX14
ENSG00000135519,ENSG00000135519.6,1.841891825,0.48179673,1.39648176,4.48E-05,0.000492376,0.003662434,KCNH3
ENSG00000135631,ENSG00000135631.16,2.677473412,0.429323031,1.34660155,5.81E-05,0.000614177,0.003662434,RAB11FIP5
ENSG00000137331,ENSG00000137331.11,2.128723032,-0.380443243,0.768201538,4.41E-05,0.000485928,0.003662434,IER3
ENSG00000137414,ENSG00000137414.5,7.333195449,0.278616919,1.213031419,4.79E-05,0.000521747,0.003662434,FAM8A1
ENSG00000137601,ENSG00000137601.16,4.64650457,0.210898491,1.157408778,6.02E-05,0.000632173,0.003662434,NEK1
ENSG00000138495,ENSG00000138495.6,3.520354912,0.164004997,1.120393095,4.35E-05,0.0004795,0.003662434,COX17
ENSG00000140105,ENSG00000140105.17,7.469061567,-0.364428722,0.776776402,4.75E-05,0.000518112,0.003662434,WARS1
ENSG00000140374,ENSG00000140374.15,5.897566842,0.138645859,1.100871332,6.00E-05,0.00063022,0.003662434,ETFA
ENSG00000141026,ENSG00000141026.5,3.527757324,-0.157480594,0.896589436,5.24E-05,0.000562909,0.003662434,MED9
ENSG00000141560,ENSG00000141560.14,3.760730268,-0.207932985,0.865776781,4.11E-05,0.000456763,0.003662434,FN3KRP
ENSG00000142661,ENSG00000142661.18,-1.897981701,-0.292774022,0.816330903,4.22E-05,0.000467249,0.003662434,MYOM3
ENSG00000143390,ENSG00000143390.17,6.362252732,-0.130012732,0.913823386,4.42E-05,0.000486846,0.003662434,RFX5
ENSG00000143799,ENSG00000143799.12,6.622233548,-0.216409313,0.86070496,6.00E-05,0.000630612,0.003662434,PARP1
ENSG00000144488,ENSG00000144488.14,-1.32434371,-0.410406124,0.752411537,4.69E-05,0.00051187,0.003662434,ESPNL
ENSG00000144712,ENSG00000144712.11,0.001032962,-0.483413484,0.715283227,5.27E-05,0.000565281,0.003662434,CAND2
ENSG00000145685,ENSG00000145685.13,4.723892342,0.319161118,1.247604895,5.91E-05,0.000622873,0.003662434,LHFPL2
ENSG00000147669,ENSG00000147669.10,2.589735624,0.416959273,1.335110613,5.02E-05,0.000542394,0.003662434,POLR2K
ENSG00000149657,ENSG00000149657.19,5.096933428,-0.172278336,0.887440109,5.40E-05,0.000577204,0.003662434,LSM14B
ENSG00000150995,ENSG00000150995.18,7.659015555,-0.17727565,0.884371446,5.62E-05,0.000597336,0.003662434,ITPR1
ENSG00000152767,ENSG00000152767.16,0.168574329,-0.47743177,0.718255097,5.22E-05,0.000561212,0.003662434,FARP1
ENSG00000154001,ENSG00000154001.13,5.43457071,0.147160299,1.107387621,4.39E-05,0.000484019,0.003662434,PPP2R5E
ENSG00000154016,ENSG00000154016.13,4.963313697,-0.374198064,0.771534158,5.02E-05,0.000542974,0.003662434,GRAP
ENSG00000156395,ENSG00000156395.12,1.983708839,-0.657254366,0.634083893,5.87E-05,0.00061906,0.003662434,SORCS3
ENSG00000157368,ENSG00000157368.10,-0.483648876,-0.541985239,0.686825144,5.11E-05,0.000551341,0.003662434,IL34
ENSG00000160218,ENSG00000160218.12,7.149790838,-0.145836433,0.903855196,4.38E-05,0.000482326,0.003662434,TRAPPC10
ENSG00000162144,ENSG00000162144.9,5.622748643,-0.222167092,0.857276741,5.69E-05,0.000603736,0.003662434,CYB561A3
ENSG00000163257,ENSG00000163257.10,5.978390856,-0.118808717,0.920947795,4.24E-05,0.000468924,0.003662434,DCAF16
ENSG00000163737,ENSG00000163737.3,5.931433325,-0.521994097,0.69640859,4.51E-05,0.00049514,0.003662434,PF4
ENSG00000164237,ENSG00000164237.8,0.533814691,0.798079164,1.738784528,4.50E-05,0.000494497,0.003662434,CMBL
ENSG00000164929,ENSG00000164929.16,-0.512399581,-0.450630128,0.731723183,5.67E-05,0.000601705,0.003662434,BAALC
ENSG00000165055,ENSG00000165055.15,4.159785059,-0.14423038,0.904861956,4.82E-05,0.000524715,0.003662434,METTL2B
ENSG00000166398,ENSG00000166398.12,5.354739265,-0.162822594,0.89327569,4.75E-05,0.000517526,0.003662434,GARRE1
ENSG00000167703,ENSG00000167703.14,6.882784865,-0.390260201,0.76299198,5.48E-05,0.000584947,0.003662434,SLC43A2
ENSG00000167747,ENSG00000167747.13,3.630066209,-0.31201616,0.805515268,4.97E-05,0.000538641,0.003662434,C19orf48P
ENSG00000168528,ENSG00000168528.11,-0.061607023,0.549096078,1.463168659,5.66E-05,0.000601029,0.003662434,SERINC2
ENSG00000169955,ENSG00000169955.7,3.154095012,-0.174795276,0.885893222,5.41E-05,0.000578061,0.003662434,ZNF747
ENSG00000170484,ENSG00000170484.9,-1.466362569,-0.367975575,0.774869049,4.47E-05,0.000491702,0.003662434,KRT74
ENSG00000171611,ENSG00000171611.9,2.576057883,-0.497228327,0.708466565,5.26E-05,0.00056517,0.003662434,PTCRA
ENSG00000171643,ENSG00000171643.13,3.216787791,-0.2848335,0.820836335,4.39E-05,0.000483655,0.003662434,S100Z
ENSG00000172409,ENSG00000172409.5,3.947234898,-0.168287993,0.889898072,5.16E-05,0.000555747,0.003662434,CLP1
ENSG00000172671,ENSG00000172671.19,5.334080882,0.203570975,1.151545148,6.05E-05,0.000635011,0.003662434,ZFAND4
ENSG00000172785,ENSG00000172785.18,3.623121237,0.228637252,1.17172763,5.61E-05,0.000595865,0.003662434,ZNG1A
ENSG00000174428,ENSG00000174428.16,2.386974812,-0.226782711,0.854538436,4.91E-05,0.000532281,0.003662434,GTF2IRD2B
ENSG00000175213,ENSG00000175213.2,3.368776428,-0.256809993,0.836936462,4.27E-05,0.000472004,0.003662434,ZNF408
ENSG00000175305,ENSG00000175305.17,1.289428304,0.330811428,1.257720566,5.06E-05,0.000546455,0.003662434,CCNE2
ENSG00000175544,ENSG00000175544.13,0.626240315,-0.424109434,0.745298658,4.15E-05,0.000461029,0.003662434,CABP4
ENSG00000177370,ENSG00000177370.4,4.058599905,-0.168260161,0.889915241,5.50E-05,0.000586574,0.003662434,TIMM22
ENSG00000178397,ENSG00000178397.12,3.542912276,-0.151671157,0.900207097,5.11E-05,0.00055106,0.003662434,FAM220A
ENSG00000180628,ENSG00000180628.14,7.653997686,0.216378568,1.161813556,4.77E-05,0.000519676,0.003662434,PCGF5
ENSG00000181634,ENSG00000181634.7,0.816449266,0.446323445,1.362563481,5.39E-05,0.000576719,0.003662434,TNFSF15
ENSG00000181666,ENSG00000181666.17,5.453507374,-0.19442708,0.873919876,4.07E-05,0.0004528,0.003662434,ZNF875
ENSG00000182872,ENSG00000182872.15,5.602397937,-0.31391028,0.804458398,6.05E-05,0.000634777,0.003662434,RBM10
ENSG00000184575,ENSG00000184575.11,6.138432864,0.13836093,1.100653934,4.16E-05,0.000461701,0.003662434,XPOT
ENSG00000185056,ENSG00000185056.9,-1.223384433,0.431008895,1.348176044,4.44E-05,0.000488538,0.003662434,C5orf47
ENSG00000185467,ENSG00000185467.7,-2.046491052,-0.145188895,0.904260973,5.66E-05,0.000600459,0.003662434,KPNA7
ENSG00000185758,ENSG00000185758.8,-1.916773111,-0.23510365,0.849623956,4.42E-05,0.000486757,0.003662434,CLDN24
ENSG00000186187,ENSG00000186187.11,2.716019908,0.271157794,1.206775903,5.89E-05,0.000620884,0.003662434,ZNRF1
ENSG00000187650,ENSG00000187650.3,3.662272803,-0.195199037,0.873452384,4.69E-05,0.000512473,0.003662434,VMAC
ENSG00000187912,ENSG00000187912.11,2.695463948,-0.55057406,0.682748403,4.99E-05,0.000539753,0.003662434,CLEC17A
ENSG00000189091,ENSG00000189091.12,7.342605648,-0.148932464,0.901917598,4.57E-05,0.000500643,0.003662434,SF3B3
ENSG00000196358,ENSG00000196358.10,5.227120626,0.434963888,1.351876994,4.97E-05,0.00053814,0.003662434,NTNG2
ENSG00000196418,ENSG00000196418.12,4.218313016,0.242207061,1.182800748,4.76E-05,0.000518269,0.003662434,ZNF124
ENSG00000196712,ENSG00000196712.17,7.091953865,0.143402218,1.104506736,4.59E-05,0.000502453,0.003662434,NF1
ENSG00000196890,ENSG00000196890.4,4.729558325,0.605391986,1.521392066,4.32E-05,0.000476665,0.003662434,H2BC26
ENSG00000197561,ENSG00000197561.6,0.358869024,0.645171743,1.563925449,5.94E-05,0.000625348,0.003662434,ELANE
ENSG00000198825,ENSG00000198825.12,4.804053722,-0.222562164,0.857042014,4.39E-05,0.000484062,0.003662434,INPP5F
ENSG00000204120,ENSG00000204120.14,7.151088368,-0.110796988,0.926076328,5.35E-05,0.000572681,0.003662434,GIGYF2
ENSG00000204536,ENSG00000204536.13,3.435289667,-0.247952861,0.842090468,5.99E-05,0.000629575,0.003662434,CCHCR1
ENSG00000213411,ENSG00000213411.2,-0.39985294,-0.394890187,0.760547264,4.82E-05,0.000524686,0.003662434,RBM22P2
ENSG00000213694,ENSG00000213694.3,4.114086746,0.334054573,1.260551074,4.64E-05,0.000507715,0.003662434,S1PR3
ENSG00000214078,ENSG00000214078.12,6.459205627,-0.180869473,0.882171175,5.58E-05,0.000593988,0.003662434,CPNE1
ENSG00000214389,ENSG00000214389.2,-1.169626798,0.552548485,1.466674253,4.37E-05,0.000481987,0.003662434,RPS3AP26
ENSG00000225342,ENSG00000225342.2,4.743130461,0.348019785,1.272812391,5.00E-05,0.000541246,0.003662434,LRRK2-DT
ENSG00000227733,ENSG00000227733.9,-1.887093214,-0.258286282,0.836080475,4.94E-05,0.000535003,0.003662434,
ENSG00000231423,ENSG00000231423.1,-2.067985388,-0.008281609,0.994276071,5.46E-05,0.000583073,0.003662434,RAB9AP5
ENSG00000232373,ENSG00000232373.2,0.025851672,0.452589728,1.368494587,4.58E-05,0.000501956,0.003662434,MTCYBP3
ENSG00000233614,ENSG00000233614.6,0.332569912,-0.961187903,0.513633818,4.85E-05,0.000526731,0.003662434,DDX11L10
ENSG00000234323,ENSG00000234323.6,0.266589782,-0.520659597,0.697053069,5.04E-05,0.000544572,0.003662434,LINC01505
ENSG00000234493,ENSG00000234493.3,0.249422025,-0.610156732,0.655125526,5.01E-05,0.000541974,0.003662434,RHOXF1P1
ENSG00000234782,ENSG00000234782.3,-1.603789824,0.395092987,1.315027516,4.15E-05,0.00046031,0.003662434,TPT1P9
ENSG00000235035,ENSG00000235035.1,-2.062769614,-0.04922389,0.966456102,5.33E-05,0.000570888,0.003662434,
ENSG00000240403,ENSG00000240403.5,0.479143324,-0.578306146,0.669749662,4.44E-05,0.000488172,0.003662434,KIR3DL2
ENSG00000240893,ENSG00000240893.1,-1.380513635,-0.428671528,0.742945595,5.23E-05,0.000562042,0.003662434,LINC02042
ENSG00000243147,ENSG00000243147.7,4.001370761,0.184231128,1.136211278,5.63E-05,0.000597567,0.003662434,MRPL33
ENSG00000244361,ENSG00000244361.1,-0.837602824,0.428097708,1.345458328,6.05E-05,0.000634707,0.003662434,RPL30P7
ENSG00000247134,ENSG00000247134.6,0.34039935,0.402918876,1.322180255,5.68E-05,0.000602702,0.003662434,
ENSG00000248991,ENSG00000248991.1,-1.013596451,-0.428548079,0.74300917,5.31E-05,0.000569216,0.003662434,
ENSG00000249915,ENSG00000249915.7,6.351486955,-0.103891202,0.930519828,5.93E-05,0.000624794,0.003662434,PDCD6
ENSG00000250195,ENSG00000250195.1,-0.835070391,0.433912288,1.350891951,5.25E-05,0.000563822,0.003662434,
ENSG00000253549,ENSG00000253549.5,0.389132915,0.556451985,1.470648007,5.98E-05,0.00062905,0.003662434,CA3-AS1
ENSG00000254911,ENSG00000254911.3,-0.569188559,0.385709882,1.306502497,5.81E-05,0.000613676,0.003662434,SCARNA9
ENSG00000258289,ENSG00000258289.8,6.239513435,0.223399606,1.167481433,5.61E-05,0.000596112,0.003662434,CHURC1
ENSG00000258623,ENSG00000258623.1,-0.77639792,0.417178196,1.335313226,5.44E-05,0.000581348,0.003662434,
ENSG00000259225,ENSG00000259225.6,-0.13763281,-0.46689925,0.723517968,4.25E-05,0.000470203,0.003662434,LINC02345
ENSG00000260286,ENSG00000260286.3,0.806805239,0.331301782,1.258148123,5.52E-05,0.000588024,0.003662434,ARMH2
ENSG00000260368,ENSG00000260368.1,2.051038151,0.221906572,1.16627384,5.88E-05,0.000620011,0.003662434,
ENSG00000260955,ENSG00000260955.2,0.204801419,0.323410365,1.251284949,5.73E-05,0.000606695,0.003662434,
ENSG00000261997,ENSG00000261997.1,4.24740494,0.33157954,1.258390374,4.98E-05,0.000539246,0.003662434,
ENSG00000265000,ENSG00000265000.1,-2.033388955,-0.158620354,0.895881391,5.56E-05,0.00059162,0.003662434,MARCHF10-DT
ENSG00000267614,ENSG00000267614.1,-2.024282897,-0.136036891,0.910015554,5.39E-05,0.000576391,0.003662434,
ENSG00000269609,ENSG00000269609.5,4.836181235,-0.17096443,0.888248696,6.03E-05,0.000633563,0.003662434,C10orf95-AS1
ENSG00000270929,ENSG00000270929.1,-1.587340908,0.367108544,1.289765285,6.05E-05,0.000634839,0.003662434,SRD5A3P1
ENSG00000271122,ENSG00000271122.1,2.549088289,0.201464705,1.14986517,4.81E-05,0.000522944,0.003662434,HERPUD2-AS1
ENSG00000273669,ENSG00000273669.1,1.901029977,-0.27421626,0.826899407,5.07E-05,0.000547399,0.003662434,
ENSG00000275464,ENSG00000275464.4,1.735508712,-0.600689935,0.659438519,4.10E-05,0.000455297,0.003662434,
ENSG00000279369,ENSG00000279369.1,5.4066941,-0.22991559,0.85268478,4.28E-05,0.000473405,0.003662434,
ENSG00000279528,ENSG00000279528.1,0.696540508,-0.311985571,0.805532347,5.43E-05,0.000580474,0.003662434,
ENSG00000281097,ENSG00000281097.1,0.505698023,0.560506024,1.474786406,5.35E-05,0.000572783,0.003662434,LINC01395
ENSG00000281128,ENSG00000281128.1,-1.03795409,-0.478828654,0.717559986,5.71E-05,0.00060547,0.003662434,PTENP1-AS
ENSG00000282840,ENSG00000282840.1,-1.099401794,0.40665981,1.325613141,4.42E-05,0.000486912,0.003662434,
ENSG00000072736,ENSG00000072736.18,7.593608874,-0.131304749,0.91300537,6.35E-05,0.000660757,0.003665821,NFATC3
ENSG00000107164,ENSG00000107164.15,5.222097385,-0.111299943,0.925753534,6.26E-05,0.000652872,0.003665821,FUBP3
ENSG00000107719,ENSG00000107719.8,-0.191524024,-0.442295372,0.735962738,6.06E-05,0.000635991,0.003665821,PALD1
ENSG00000111641,ENSG00000111641.11,4.340517194,-0.211595996,0.863581357,6.35E-05,0.000660938,0.003665821,NOP2
ENSG00000113141,ENSG00000113141.17,6.549696315,-0.170181413,0.88873092,6.29E-05,0.00065546,0.003665821,IK
ENSG00000114738,ENSG00000114738.10,7.359523255,-0.229482303,0.852940906,6.16E-05,0.000644481,0.003665821,MAPKAPK3
ENSG00000117834,ENSG00000117834.12,0.205607801,-0.467048849,0.723442947,6.29E-05,0.000655237,0.003665821,SLC5A9
ENSG00000123131,ENSG00000123131.12,3.278743934,0.240645143,1.181520895,6.30E-05,0.000656185,0.003665821,PRDX4
ENSG00000130066,ENSG00000130066.16,8.440527473,0.254163966,1.192644411,6.10E-05,0.000638984,0.003665821,SAT1
ENSG00000136099,ENSG00000136099.13,-1.581811426,-0.455734897,0.72913866,6.31E-05,0.000657526,0.003665821,PCDH8
ENSG00000141682,ENSG00000141682.11,3.390169979,-0.313420339,0.80473164,6.25E-05,0.000652193,0.003665821,PMAIP1
ENSG00000148481,ENSG00000148481.13,5.214527335,0.197631131,1.146813769,6.34E-05,0.000659422,0.003665821,MINDY3
ENSG00000167981,ENSG00000167981.5,4.087891952,-0.171712688,0.887788122,6.11E-05,0.000639682,0.003665821,ZNF597
ENSG00000171161,ENSG00000171161.12,5.019114817,-0.21119913,0.863818949,6.22E-05,0.000649202,0.003665821,ZNF672
ENSG00000172673,ENSG00000172673.10,6.358092918,0.294580585,1.226528354,6.11E-05,0.000640135,0.003665821,THEMIS
ENSG00000176994,ENSG00000176994.10,6.927927663,-0.15514153,0.898044269,6.16E-05,0.000644683,0.003665821,SMCR8
ENSG00000182481,ENSG00000182481.8,2.082584641,0.239444186,1.180537759,6.19E-05,0.000647067,0.003665821,KPNA2
ENSG00000183049,ENSG00000183049.12,6.711762298,-0.28856329,0.818716973,6.13E-05,0.000641636,0.003665821,CAMK1D
ENSG00000183763,ENSG00000183763.8,0.56391045,-0.338679622,0.790764701,6.18E-05,0.000645927,0.003665821,TRAIP
ENSG00000198178,ENSG00000198178.10,2.341643867,-0.658763308,0.633421039,6.19E-05,0.000646838,0.003665821,CLEC4C
ENSG00000205423,ENSG00000205423.11,5.49864016,0.205202044,1.152847787,6.28E-05,0.00065501,0.003665821,CNEP1R1
ENSG00000237706,ENSG00000237706.4,-1.901006518,-0.186255699,0.878883776,6.21E-05,0.000648583,0.003665821,TRIM51EP
ENSG00000251194,ENSG00000251194.2,3.263141637,0.225308481,1.169027186,6.32E-05,0.000658396,0.003665821,
ENSG00000258732,ENSG00000258732.1,1.701361595,-0.488058822,0.712983788,6.30E-05,0.000656115,0.003665821,
ENSG00000009709,ENSG00000009709.11,-1.835508522,-0.273173145,0.827497498,6.60E-05,0.000682833,0.004234299,PAX7
ENSG00000104331,ENSG00000104331.8,6.043897517,0.126830438,1.091892207,6.57E-05,0.000679855,0.004234299,BPNT2
ENSG00000111885,ENSG00000111885.6,7.066347769,0.233977214,1.176072675,6.62E-05,0.000684524,0.004234299,MAN1A1
ENSG00000115414,ENSG00000115414.18,-0.57171644,0.602967149,1.518837105,6.66E-05,0.00068798,0.004234299,FN1
ENSG00000119636,ENSG00000119636.15,4.401613412,0.533136046,1.447071339,6.70E-05,0.000691281,0.004234299,BBOF1
ENSG00000124196,ENSG00000124196.5,-1.507392659,-0.380162074,0.768351268,6.68E-05,0.000689715,0.004234299,GTSF1L
ENSG00000137959,ENSG00000137959.15,5.592312277,0.85515811,1.808956994,6.56E-05,0.000678805,0.004234299,IFI44L
ENSG00000139209,ENSG00000139209.15,-1.949052818,-0.200600824,0.87018809,6.66E-05,0.000687552,0.004234299,SLC38A4
ENSG00000155592,ENSG00000155592.15,2.946693574,-0.173531425,0.886669635,6.42E-05,0.000667004,0.004234299,ZKSCAN2
ENSG00000157020,ENSG00000157020.17,5.807982864,-0.137545195,0.909064651,6.40E-05,0.000665316,0.004234299,SEC13
ENSG00000162643,ENSG00000162643.12,0.222882561,0.572709574,1.487314324,6.52E-05,0.000675625,0.004234299,DNAI3
ENSG00000163121,ENSG00000163121.9,-1.531621198,-0.366944349,0.775423117,6.65E-05,0.000686889,0.004234299,NEURL3
ENSG00000165115,ENSG00000165115.14,4.844367471,-0.314614329,0.80406591,6.47E-05,0.000671019,0.004234299,KIF27
ENSG00000165730,ENSG00000165730.14,-0.58405084,-0.676616372,0.62563088,6.64E-05,0.000686104,0.004234299,STOX1
ENSG00000166352,ENSG00000166352.15,-0.092386353,0.417104481,1.335244999,6.56E-05,0.000679414,0.004234299,IFTAP
ENSG00000166444,ENSG00000166444.18,-0.465688957,-0.455750467,0.729130791,6.71E-05,0.000691666,0.004234299,DENND2B
ENSG00000173757,ENSG00000173757.9,8.151657646,0.239109183,1.180263662,6.51E-05,0.000674279,0.004234299,STAT5B
ENSG00000173852,ENSG00000173852.14,4.713731527,0.187899832,1.139104285,6.42E-05,0.000666833,0.004234299,DPY19L1
ENSG00000177963,ENSG00000177963.14,6.323722579,-0.211725348,0.863503932,6.36E-05,0.000661358,0.004234299,RIC8A
ENSG00000185436,ENSG00000185436.11,2.64034237,-0.395855245,0.760038684,6.70E-05,0.000691034,0.004234299,IFNLR1
ENSG00000188582,ENSG00000188582.8,-0.153947524,0.615497902,1.532086658,6.62E-05,0.000684259,0.004234299,PAQR9
ENSG00000198796,ENSG00000198796.6,0.270714315,0.665344399,1.585946824,6.63E-05,0.000684853,0.004234299,ALPK2
ENSG00000229887,ENSG00000229887.4,-1.456353428,-0.344462297,0.787601467,6.39E-05,0.00066448,0.004234299,HNRNPA1P6
ENSG00000238201,ENSG00000238201.1,0.551758257,-0.535227887,0.690049668,6.54E-05,0.000677255,0.004234299,
ENSG00000257335,ENSG00000257335.8,8.529135541,0.451468261,1.367431212,6.56E-05,0.000679132,0.004234299,MGAM
ENSG00000261371,ENSG00000261371.5,8.758788125,-0.242906844,0.845040948,6.51E-05,0.000674829,0.004234299,PECAM1
ENSG00000006459,ENSG00000006459.10,8.39636857,0.16908983,1.124348929,6.97E-05,0.000715496,0.005255946,KDM7A
ENSG00000011485,ENSG00000011485.14,4.539429436,-0.230346521,0.852430122,7.90E-05,0.000796254,0.005255946,PPP5C
ENSG00000020256,ENSG00000020256.19,3.090148029,-0.223706887,0.856362254,8.29E-05,0.000828945,0.005255946,ZFP64
ENSG00000037241,ENSG00000037241.7,0.832910824,0.378006672,1.299545072,7.75E-05,0.000783399,0.005255946,RPL26L1
ENSG00000043462,ENSG00000043462.11,8.310151197,0.14601925,1.106512117,7.72E-05,0.000780572,0.005255946,LCP2
ENSG00000063046,ENSG00000063046.17,8.575861568,-0.167923685,0.890122817,6.97E-05,0.000715493,0.005255946,EIF4B
ENSG00000064225,ENSG00000064225.12,5.201339517,0.259108527,1.196738985,7.20E-05,0.000735362,0.005255946,ST3GAL6
ENSG00000065183,ENSG00000065183.15,5.154572998,-0.170387003,0.888604281,8.15E-05,0.0008171,0.005255946,WDR3
ENSG00000067445,ENSG00000067445.20,-0.273708976,-0.431683231,0.741396273,6.96E-05,0.000714562,0.005255946,TRO
ENSG00000073536,ENSG00000073536.17,3.676621789,-0.261755515,0.834072377,7.09E-05,0.000725551,0.005255946,NLE1
ENSG00000076555,ENSG00000076555.15,4.355562829,-0.273350795,0.827395608,7.01E-05,0.000718616,0.005255946,ACACB
ENSG00000081154,ENSG00000081154.11,5.844214134,0.204886042,1.1525953,6.95E-05,0.000713631,0.005255946,PCNP
ENSG00000085733,ENSG00000085733.15,4.186784262,-0.518188941,0.698247815,7.84E-05,0.000790853,0.005255946,CTTN
ENSG00000085978,ENSG00000085978.21,6.2153321,-0.106045022,0.929131678,7.73E-05,0.000781942,0.005255946,ATG16L1
ENSG00000088986,ENSG00000088986.10,5.396358947,0.176398031,1.130058948,7.91E-05,0.000797183,0.005255946,DYNLL1
ENSG00000101916,ENSG00000101916.11,8.102498759,0.275396217,1.210326443,8.48E-05,0.000845211,0.005255946,TLR8
ENSG00000102710,ENSG00000102710.19,6.920229727,0.160327579,1.117540859,7.80E-05,0.000787867,0.005255946,SUPT20H
ENSG00000103257,ENSG00000103257.8,2.917725141,0.530198032,1.444127411,7.64E-05,0.000773618,0.005255946,SLC7A5
ENSG00000106052,ENSG00000106052.13,7.201558995,0.240363986,1.181290659,8.30E-05,0.000830015,0.005255946,TAX1BP1
ENSG00000107742,ENSG00000107742.12,7.002065915,-0.32111059,0.800453449,6.88E-05,0.000706962,0.005255946,SPOCK2
ENSG00000107959,ENSG00000107959.15,5.748558468,-0.150760821,0.900775303,7.02E-05,0.000719683,0.005255946,PITRM1
ENSG00000116473,ENSG00000116473.14,6.60608989,0.146573919,1.106937617,6.80E-05,0.000699847,0.005255946,RAP1A
ENSG00000116819,ENSG00000116819.6,1.260767547,-0.304494726,0.809725757,7.57E-05,0.000768107,0.005255946,TFAP2E
ENSG00000118181,ENSG00000118181.10,7.412019129,0.292123397,1.224441117,7.26E-05,0.000740672,0.005255946,RPS25
ENSG00000120662,ENSG00000120662.15,4.22795247,0.161340592,1.118325834,6.99E-05,0.000716581,0.005255946,MTRF1
ENSG00000121067,ENSG00000121067.17,6.572623061,-0.093932242,0.936965452,7.11E-05,0.000727934,0.005255946,SPOP
ENSG00000121350,ENSG00000121350.15,4.713383068,0.212855238,1.158979652,7.28E-05,0.00074269,0.005255946,PYROXD1
ENSG00000123191,ENSG00000123191.14,2.310293669,0.328026748,1.255295265,7.55E-05,0.00076637,0.005255946,ATP7B
ENSG00000124780,ENSG00000124780.13,-1.197143846,-0.459412308,0.727282462,7.58E-05,0.00076847,0.005255946,KCNK17
ENSG00000125868,ENSG00000125868.15,4.165538404,0.173935584,1.128131766,7.97E-05,0.000802009,0.005255946,DSTN
ENSG00000128268,ENSG00000128268.11,1.839746903,-0.43821051,0.738049503,8.16E-05,0.000818486,0.005255946,MGAT3
ENSG00000130414,ENSG00000130414.11,6.465807795,-0.0898453,0.9396235,7.97E-05,0.00080221,0.005255946,NDUFA10
ENSG00000130520,ENSG00000130520.10,4.825660634,-0.224384855,0.855959917,8.32E-05,0.000831342,0.005255946,LSM4
ENSG00000131368,ENSG00000131368.7,5.913335903,-0.136830505,0.9095151,7.85E-05,0.000791844,0.005255946,MRPS25
ENSG00000135299,ENSG00000135299.16,3.630239159,-0.190972436,0.876015052,8.16E-05,0.000818262,0.005255946,ANKRD6
ENSG00000136002,ENSG00000136002.18,-0.0972838,-0.429640225,0.742446911,8.06E-05,0.000809404,0.005255946,ARHGEF4
ENSG00000136522,ENSG00000136522.13,2.859945323,0.327269447,1.254636507,7.24E-05,0.000739362,0.005255946,MRPL47
ENSG00000136573,ENSG00000136573.12,4.404875138,-0.481406099,0.716279174,7.60E-05,0.000770133,0.005255946,BLK
ENSG00000137124,ENSG00000137124.7,2.64092636,-0.252452451,0.839468182,6.82E-05,0.000702135,0.005255946,ALDH1B1
ENSG00000137547,ENSG00000137547.8,3.082378176,0.221703871,1.166109989,8.17E-05,0.00081901,0.005255946,MRPL15
ENSG00000139132,ENSG00000139132.14,6.734964009,0.255136981,1.193449053,8.13E-05,0.000815683,0.005255946,FGD4
ENSG00000140022,ENSG00000140022.9,4.548301313,-0.388399233,0.763976818,7.96E-05,0.000801215,0.005255946,STON2
ENSG00000144746,ENSG00000144746.6,7.430279064,0.169127868,1.124378574,8.08E-05,0.000811324,0.005255946,ARL6IP5
ENSG00000145216,ENSG00000145216.15,4.892040777,-0.125244258,0.916848801,6.71E-05,0.0006922,0.005255946,FIP1L1
ENSG00000145337,ENSG00000145337.4,4.130024635,0.238194909,1.179515935,7.21E-05,0.00073593,0.005255946,PYURF
ENSG00000146281,ENSG00000146281.5,4.083970289,0.164867666,1.121063242,8.36E-05,0.000835501,0.005255946,PM20D2
ENSG00000148399,ENSG00000148399.12,4.655468303,-0.175164382,0.8856666,7.02E-05,0.000719685,0.005255946,DPH7
ENSG00000149305,ENSG00000149305.6,-1.749088737,-0.273723729,0.827181755,7.45E-05,0.000757502,0.005255946,HTR3B
ENSG00000151490,ENSG00000151490.13,4.280151373,0.267408726,1.203643978,6.77E-05,0.000697103,0.005255946,PTPRO
ENSG00000154822,ENSG00000154822.17,7.755700396,0.15159147,1.110794139,7.31E-05,0.000744883,0.005255946,PLCL2
ENSG00000154889,ENSG00000154889.16,7.094369726,-0.218004984,0.859753516,6.76E-05,0.000696484,0.005255946,MPPE1
ENSG00000160325,ENSG00000160325.14,2.363901453,-0.340310919,0.789871066,8.04E-05,0.000808114,0.005255946,CACFD1
ENSG00000160505,ENSG00000160505.15,-1.393593641,-0.402317741,0.756641735,8.37E-05,0.00083598,0.005255946,NLRP4
ENSG00000162702,ENSG00000162702.7,6.593457156,0.225143536,1.168893538,7.67E-05,0.000776627,0.005255946,ZNF281
ENSG00000163684,ENSG00000163684.11,4.414625257,-0.110493422,0.92627121,7.42E-05,0.000754787,0.005255946,RPP14
ENSG00000164175,ENSG00000164175.14,-0.801424285,-0.451616852,0.731222895,6.77E-05,0.000697711,0.005255946,SLC45A2
ENSG00000165029,ENSG00000165029.15,7.378357359,-0.421007233,0.746902984,7.49E-05,0.00076065,0.005255946,ABCA1
ENSG00000166819,ENSG00000166819.11,-1.002712431,-0.399823395,0.757951061,7.00E-05,0.000717684,0.005255946,PLIN1
ENSG00000168003,ENSG00000168003.16,5.436637031,-0.173856073,0.886470132,8.37E-05,0.000835739,0.005255946,SLC3A2
ENSG00000168924,ENSG00000168924.14,4.836414013,-0.227353882,0.854200186,8.28E-05,0.000828468,0.005255946,LETM1
ENSG00000169019,ENSG00000169019.10,2.842172907,0.404917393,1.324013096,7.29E-05,0.000743606,0.005255946,COMMD8
ENSG00000169679,ENSG00000169679.14,2.296210402,0.370741519,1.293017247,8.11E-05,0.000813704,0.005255946,BUB1
ENSG00000169744,ENSG00000169744.12,0.111272147,-0.511577048,0.701455239,8.37E-05,0.000835933,0.005255946,LDB2
ENSG00000169902,ENSG00000169902.13,4.17572949,-0.512060205,0.701220362,8.40E-05,0.000838442,0.005255946,TPST1
ENSG00000170390,ENSG00000170390.15,-0.041116671,-0.578758525,0.669539685,7.06E-05,0.00072288,0.005255946,DCLK2
ENSG00000171659,ENSG00000171659.13,2.047929102,-0.438091615,0.738110329,7.64E-05,0.000774093,0.005255946,GPR34
ENSG00000172123,ENSG00000172123.12,4.779784701,0.246973722,1.186715182,7.43E-05,0.000755524,0.005255946,SLFN12
ENSG00000173705,ENSG00000173705.8,-1.444287559,-0.409488872,0.752890065,8.28E-05,0.000828487,0.005255946,SUSD5
ENSG00000174227,ENSG00000174227.15,6.346948588,-0.12936447,0.914234096,8.31E-05,0.000830894,0.005255946,PIGG
ENSG00000175274,ENSG00000175274.18,3.858760405,0.409243249,1.327989049,8.23E-05,0.000823914,0.005255946,TP53I11
ENSG00000175606,ENSG00000175606.10,3.888541034,0.204312286,1.152137007,8.17E-05,0.000819258,0.005255946,TMEM70
ENSG00000177324,ENSG00000177324.13,3.52372419,-0.482159085,0.715905424,8.17E-05,0.00081946,0.005255946,BEND2
ENSG00000179051,ENSG00000179051.13,6.372767389,-0.194098652,0.874118846,7.35E-05,0.000748969,0.005255946,RCC2
ENSG00000179627,ENSG00000179627.9,2.44159577,-0.345825379,0.786857679,8.34E-05,0.000833436,0.005255946,ZBTB42
ENSG00000181938,ENSG00000181938.13,1.371619554,-0.261309568,0.834330234,7.90E-05,0.00079623,0.005255946,GINS3
ENSG00000183186,ENSG00000183186.7,-1.904836751,-0.210244771,0.864390565,6.90E-05,0.000708962,0.005255946,C2CD4C
ENSG00000185986,ENSG00000185986.11,2.979896416,-0.240487875,0.846459018,8.45E-05,0.000842435,0.005255946,SDHAP3
ENSG00000187037,ENSG00000187037.8,5.301229145,0.345844318,1.270894539,7.47E-05,0.000758942,0.005255946,GPR141
ENSG00000196975,ENSG00000196975.15,4.971135842,0.15808061,1.115801665,7.26E-05,0.000740594,0.005255946,ANXA4
ENSG00000197162,ENSG00000197162.9,3.083580977,-0.208555065,0.865403545,8.46E-05,0.000843412,0.005255946,ZNF785
ENSG00000203780,ENSG00000203780.10,0.294361636,0.415829765,1.334065743,8.04E-05,0.000807877,0.005255946,FANK1
ENSG00000204351,ENSG00000204351.11,5.626797063,-0.240010845,0.846738947,7.42E-05,0.000754344,0.005255946,SKIC2
ENSG00000225940,ENSG00000225940.5,-0.221158212,0.452858963,1.368749999,7.68E-05,0.000776939,0.005255946,C5orf67
ENSG00000233680,ENSG00000233680.4,-1.55075258,-0.343225018,0.788277216,7.15E-05,0.00073086,0.005255946,HNRNPA1P27
ENSG00000238015,ENSG00000238015.2,-0.389629459,0.581544084,1.496450009,8.48E-05,0.000844764,0.005255946,
ENSG00000243064,ENSG00000243064.8,3.916517754,0.588982802,1.50418582,7.48E-05,0.00076026,0.005255946,ABCC13
ENSG00000243398,ENSG00000243398.3,2.485083046,0.289367005,1.222103951,7.37E-05,0.000750619,0.005255946,RN7SL141P
ENSG00000243911,ENSG00000243911.3,0.780300503,0.302864068,1.233590935,7.91E-05,0.000797245,0.005255946,RN7SL430P
ENSG00000244493,ENSG00000244493.1,-1.107263251,-0.413489035,0.750805417,7.52E-05,0.000763146,0.005255946,SLC9A9-AS2
ENSG00000248475,ENSG00000248475.5,-1.840341512,-0.239308033,0.847151539,7.85E-05,0.000791691,0.005255946,
ENSG00000250069,ENSG00000250069.1,0.809735379,0.544037958,1.45804774,6.82E-05,0.00070208,0.005255946,
ENSG00000251369,ENSG00000251369.8,4.606332437,-0.203547133,0.868412783,8.49E-05,0.00084588,0.005255946,ZNF550
ENSG00000253693,ENSG00000253693.1,-2.066411995,-0.046010696,0.968611008,7.70E-05,0.000779236,0.005255946,
ENSG00000255587,ENSG00000255587.7,3.883067591,-0.459536215,0.727220002,7.70E-05,0.00077903,0.005255946,RAB44
ENSG00000260916,ENSG00000260916.7,5.747896591,0.220878795,1.165443282,7.72E-05,0.000781097,0.005255946,CCPG1
ENSG00000260990,ENSG00000260990.1,-2.044776029,-0.126080741,0.916317361,7.38E-05,0.000751186,0.005255946,
ENSG00000265380,ENSG00000265380.1,-1.910906261,-0.238546945,0.847598568,7.54E-05,0.00076556,0.005255946,
ENSG00000271590,ENSG00000271590.1,1.101775488,0.353213424,1.277402717,8.27E-05,0.000827507,0.005255946,
ENSG00000272851,ENSG00000272851.1,-1.303369083,0.373817632,1.295777159,6.96E-05,0.000714322,0.005255946,
ENSG00000274235,ENSG00000274235.1,-2.042167293,0.15688,1.114873482,7.81E-05,0.000788368,0.005255946,
ENSG00000275888,ENSG00000275888.1,1.851680337,0.404835635,1.323938067,7.63E-05,0.000772709,0.005255946,
ENSG00000279161,ENSG00000279161.1,-1.507619011,-0.422368326,0.74619866,8.42E-05,0.000840318,0.005255946,
ENSG00000279659,ENSG00000279659.1,-1.381459536,-0.398367822,0.758716164,7.19E-05,0.000734167,0.005255946,
ENSG00000280560,ENSG00000280560.1,-0.736742199,-0.425982617,0.744331596,7.41E-05,0.000753829,0.005255946,LINC01374
ENSG00000005513,ENSG00000005513.9,0.200043422,-0.476359983,0.718788891,8.79E-05,0.000871311,0.005785542,SOX8
ENSG00000043591,ENSG00000043591.5,-0.8310889,0.515259605,1.429251303,8.93E-05,0.000883001,0.005785542,ADRB1
ENSG00000047230,ENSG00000047230.14,3.472571508,-0.186838505,0.878528805,8.98E-05,0.000887225,0.005785542,CTPS2
ENSG00000099998,ENSG00000099998.17,-0.270287666,-0.566129235,0.675426536,9.10E-05,0.000897431,0.005785542,GGT5
ENSG00000105088,ENSG00000105088.8,1.128936465,-0.376400645,0.770357146,9.10E-05,0.00089732,0.005785542,OLFM2
ENSG00000105197,ENSG00000105197.10,3.760394775,-0.191678175,0.875586627,8.95E-05,0.000885104,0.005785542,TIMM50
ENSG00000108468,ENSG00000108468.14,5.285421104,-0.166018819,0.891298869,8.97E-05,0.000886923,0.005785542,CBX1
ENSG00000123975,ENSG00000123975.4,0.965155374,0.35083137,1.27529532,8.83E-05,0.000874657,0.005785542,CKS2
ENSG00000132434,ENSG00000132434.9,3.444186213,-0.151556343,0.900278741,8.81E-05,0.000872933,0.005785542,LANCL2
ENSG00000135482,ENSG00000135482.6,4.899479587,-0.109237757,0.927077751,8.85E-05,0.000876495,0.005785542,ZC3H10
ENSG00000138448,ENSG00000138448.11,5.01492711,0.168377797,1.123794151,8.95E-05,0.000884767,0.005785542,ITGAV
ENSG00000150760,ENSG00000150760.12,0.671700479,0.377746004,1.29931029,8.89E-05,0.000879847,0.005785542,DOCK1
ENSG00000151023,ENSG00000151023.16,1.747097958,-0.439961018,0.737154527,8.49E-05,0.000845936,0.005785542,ENKUR
ENSG00000156127,ENSG00000156127.6,3.106883457,0.333639799,1.260188718,9.09E-05,0.00089628,0.005785542,BATF
ENSG00000163235,ENSG00000163235.15,5.164460671,0.343784939,1.269081691,8.72E-05,0.000865668,0.005785542,TGFA
ENSG00000167037,ENSG00000167037.18,2.599772271,-0.37084785,0.77332789,8.86E-05,0.000877606,0.005785542,SGSM1
ENSG00000168497,ENSG00000168497.4,6.231738534,-0.409964278,0.752642009,8.74E-05,0.000866792,0.005785542,CAVIN2
ENSG00000177239,ENSG00000177239.14,6.041668685,-0.212640673,0.862956251,8.57E-05,0.00085268,0.005785542,MAN1B1
ENSG00000183323,ENSG00000183323.12,5.660317098,-0.234726243,0.849846245,8.81E-05,0.000872712,0.005785542,CCDC125
ENSG00000188986,ENSG00000188986.6,5.201447698,-0.307185517,0.808216933,8.69E-05,0.000863149,0.005785542,NELFB
ENSG00000189306,ENSG00000189306.10,5.555989174,-0.285448469,0.820486517,8.56E-05,0.000851547,0.005785542,RRP7A
ENSG00000196323,ENSG00000196323.12,7.372288428,0.128232844,1.092954123,8.65E-05,0.000859253,0.005785542,ZBTB44
ENSG00000198336,ENSG00000198336.9,3.149203793,0.614322561,1.530839,8.62E-05,0.000856969,0.005785542,MYL4
ENSG00000198929,ENSG00000198929.12,-0.862612803,0.463658002,1.379033976,9.08E-05,0.000895403,0.005785542,NOS1AP
ENSG00000213614,ENSG00000213614.9,5.860858108,-0.142791319,0.905764989,9.11E-05,0.000898073,0.005785542,HEXA
ENSG00000215845,ENSG00000215845.10,4.194459667,-0.209373928,0.864912487,9.08E-05,0.000895616,0.005785542,TSTD1
ENSG00000242622,ENSG00000242622.1,2.615311145,0.215274688,1.160924932,8.52E-05,0.000848351,0.005785542,GSK3B-DT
ENSG00000244171,ENSG00000244171.4,-0.526322148,-0.444894991,0.734637787,8.59E-05,0.000854443,0.005785542,PBX2P1
ENSG00000251468,ENSG00000251468.2,-1.479135589,0.335947437,1.262206044,8.53E-05,0.000849792,0.005785542,
ENSG00000255150,ENSG00000255150.2,2.791435553,0.198694268,1.147659179,8.83E-05,0.00087465,0.005785542,EID3
ENSG00000259687,ENSG00000259687.1,1.234778558,0.408868686,1.32764431,8.62E-05,0.000857255,0.005785542,LINC01220
ENSG00000269896,ENSG00000269896.2,0.696228485,-0.368608013,0.774529442,9.07E-05,0.000894544,0.005785542,
ENSG00000274376,ENSG00000274376.4,0.596425787,-0.544559475,0.685600718,8.69E-05,0.000862848,0.005785542,ADAMTS7P1
ENSG00000280206,ENSG00000280206.1,3.632889535,-0.213788506,0.862269941,8.83E-05,0.000874615,0.005785542,
ENSG00000010361,ENSG00000010361.13,3.388182132,-0.278830786,0.824258757,9.52E-05,0.000932343,0.006320801,FUZ
ENSG00000042088,ENSG00000042088.13,5.223801868,-0.138703236,0.908335244,0.000100663,0.000977894,0.006320801,TDP1
ENSG00000063761,ENSG00000063761.15,2.282551421,-0.318452488,0.801929609,9.74E-05,0.000950668,0.006320801,ADCK1
ENSG00000075151,ENSG00000075151.20,6.448767975,0.173530421,1.127814988,9.26E-05,0.00091122,0.006320801,EIF4G3
ENSG00000077157,ENSG00000077157.21,7.798435139,-0.30160565,0.811348901,9.53E-05,0.000933783,0.006320801,PPP1R12B
ENSG00000100138,ENSG00000100138.13,5.450471149,-0.142402813,0.906008938,9.96E-05,0.000968761,0.006320801,SNU13
ENSG00000104237,ENSG00000104237.7,-1.902179497,-0.236987495,0.848515256,9.63E-05,0.000941762,0.006320801,RP1
ENSG00000117595,ENSG00000117595.10,0.177461424,-0.526442335,0.694264672,9.90E-05,0.000964243,0.006320801,IRF6
ENSG00000119899,ENSG00000119899.12,4.594804099,0.105949039,1.076202109,9.95E-05,0.000968208,0.006320801,SLC17A5
ENSG00000131044,ENSG00000131044.16,-1.352857055,-0.36936121,0.774125184,9.40E-05,0.000922854,0.006320801,TTLL9
ENSG00000131779,ENSG00000131779.10,3.786798332,-0.126875429,0.91581276,9.77E-05,0.000953386,0.006320801,PEX11B
ENSG00000132016,ENSG00000132016.11,-0.390431146,-0.386879494,0.764782017,9.89E-05,0.000963782,0.006320801,BRME1
ENSG00000132275,ENSG00000132275.10,5.254655923,-0.121919809,0.918963962,0.000101395,0.000983894,0.006320801,RRP8
ENSG00000134909,ENSG00000134909.18,3.844177498,-0.232450161,0.851188072,9.35E-05,0.000918201,0.006320801,ARHGAP32
ENSG00000135390,ENSG00000135390.17,6.139896989,-0.179717423,0.882875906,9.26E-05,0.000910678,0.006320801,ATP5MC2
ENSG00000135916,ENSG00000135916.15,3.473814148,-0.343724955,0.788004102,9.90E-05,0.000964156,0.006320801,ITM2C
ENSG00000141644,ENSG00000141644.17,6.144760057,-0.106360603,0.928928459,9.27E-05,0.000911983,0.006320801,MBD1
ENSG00000144476,ENSG00000144476.5,2.299446111,-0.272358887,0.82796467,9.70E-05,0.000947471,0.006320801,ACKR3
ENSG00000147041,ENSG00000147041.11,-1.325857109,-0.465774497,0.724082256,9.64E-05,0.000942629,0.006320801,SYTL5
ENSG00000147138,ENSG00000147138.1,5.227581316,0.228208364,1.171379348,9.23E-05,0.000908232,0.006320801,GPR174
ENSG00000147604,ENSG00000147604.13,6.326779032,0.514746416,1.428742986,9.70E-05,0.000947663,0.006320801,RPL7
ENSG00000150433,ENSG00000150433.9,4.636407122,-0.118970459,0.920844552,9.49E-05,0.000929975,0.006320801,TMEM218
ENSG00000150672,ENSG00000150672.16,0.729155611,-0.363199539,0.777438501,9.40E-05,0.000922847,0.006320801,DLG2
ENSG00000153406,ENSG00000153406.13,4.452320951,-0.297394256,0.813720783,9.71E-05,0.000948094,0.006320801,NMRAL1
ENSG00000155511,ENSG00000155511.17,-1.793329545,-0.302589983,0.810795517,9.87E-05,0.00096184,0.006320801,GRIA1
ENSG00000155886,ENSG00000155886.11,-1.621126076,-0.347230075,0.78609192,9.52E-05,0.000933068,0.006320801,SLC24A2
ENSG00000161395,ENSG00000161395.13,3.040030416,-0.291005645,0.817332131,0.000100703,0.000978221,0.006320801,PGAP3
ENSG00000166947,ENSG00000166947.11,7.380577923,0.634411613,1.552304531,9.40E-05,0.000922679,0.006320801,EPB42
ENSG00000167397,ENSG00000167397.14,2.279604942,-0.223408458,0.856539416,0.000100954,0.000980279,0.006320801,VKORC1
ENSG00000170425,ENSG00000170425.3,1.155389837,0.336885892,1.263027361,9.32E-05,0.000916157,0.006320801,ADORA2B
ENSG00000172765,ENSG00000172765.16,6.714281413,-0.242510721,0.845273004,0.000100349,0.000975311,0.006320801,TMCC1
ENSG00000173681,ENSG00000173681.16,5.310549827,0.150871929,1.110240271,0.000100204,0.00097412,0.006320801,BCLAF3
ENSG00000177338,ENSG00000177338.13,-0.760559299,-0.480049308,0.71695312,9.45E-05,0.000926647,0.006320801,LINC00469
ENSG00000180712,ENSG00000180712.3,1.249928882,0.457957776,1.373596031,0.000101394,0.000983886,0.006320801,LINC02363
ENSG00000181744,ENSG00000181744.8,5.186871721,0.168952167,1.124241649,9.94E-05,0.000967179,0.006320801,DIPK2A
ENSG00000184106,ENSG00000184106.8,1.029673029,0.493147132,1.407511912,9.12E-05,0.000899235,0.006320801,TREML3P
ENSG00000185896,ENSG00000185896.10,6.47478639,-0.230353696,0.852425883,0.000100897,0.000979814,0.006320801,LAMP1
ENSG00000186994,ENSG00000186994.11,1.038325633,-0.408105821,0.753612176,9.88E-05,0.000962609,0.006320801,KANK3
ENSG00000204540,ENSG00000204540.10,-1.896503372,-0.257113076,0.836760656,9.48E-05,0.000929042,0.006320801,PSORS1C1
ENSG00000204930,ENSG00000204930.9,-1.308427649,-0.395216987,0.760375005,9.84E-05,0.000959507,0.006320801,FAM221B
ENSG00000206531,ENSG00000206531.10,-1.393675132,-0.437293351,0.738518849,9.97E-05,0.000970127,0.006320801,CD200R1L
ENSG00000214194,ENSG00000214194.8,2.129564759,0.31705442,1.245784407,9.58E-05,0.000937389,0.006320801,SMIM30
ENSG00000225963,ENSG00000225963.7,0.650873009,-0.433021458,0.740708882,9.15E-05,0.000901815,0.006320801,
ENSG00000227671,ENSG00000227671.4,6.181404407,0.195710454,1.145288018,9.87E-05,0.000961737,0.006320801,ZNF731P
ENSG00000234869,ENSG00000234869.1,-1.903616277,-0.180340564,0.882494649,9.97E-05,0.000969866,0.006320801,LINC02925
ENSG00000243648,ENSG00000243648.1,-1.743587763,0.30184851,1.232722876,9.83E-05,0.000958166,0.006320801,
ENSG00000270265,ENSG00000270265.1,-1.610414833,-0.321800733,0.800070628,9.89E-05,0.000963503,0.006320801,
ENSG00000275210,ENSG00000275210.1,2.080960943,0.413904458,1.332286592,9.41E-05,0.000923714,0.006320801,
ENSG00000276644,ENSG00000276644.4,2.428609369,0.349427629,1.274055062,9.49E-05,0.000929876,0.006320801,DACH1
ENSG00000279637,ENSG00000279637.1,2.061930916,-0.328396984,0.796420916,0.000100535,0.000976838,0.006320801,
ENSG00000008438,ENSG00000008438.4,1.412830995,0.543147265,1.457147846,0.000113434,0.001081826,0.006690747,PGLYRP1
ENSG00000013016,ENSG00000013016.15,3.992504208,-0.345329562,0.787128149,0.0001111,0.001063105,0.006690747,EHD3
ENSG00000076604,ENSG00000076604.14,2.978283549,-0.307593766,0.807988259,0.000113796,0.001084724,0.006690747,TRAF4
ENSG00000080824,ENSG00000080824.18,6.771835324,0.261859816,1.199023401,0.000108945,0.001045705,0.006690747,HSP90AA1
ENSG00000089091,ENSG00000089091.16,2.048455912,-0.225150853,0.855505567,0.000114682,0.001091786,0.006690747,DZANK1
ENSG00000092330,ENSG00000092330.15,6.876935444,-0.124524885,0.917306085,0.000115944,0.001101823,0.006690747,TINF2
ENSG00000100983,ENSG00000100983.9,3.798905998,-0.190724512,0.876165606,0.000105914,0.001021051,0.006690747,GSS
ENSG00000101363,ENSG00000101363.12,3.659315737,-0.17679365,0.884666961,0.000110801,0.001060697,0.006690747,MANBAL
ENSG00000103355,ENSG00000103355.13,1.637453072,-0.673503172,0.62698239,0.000103396,0.001000411,0.006690747,PRSS33
ENSG00000105486,ENSG00000105486.13,4.117674608,-0.232946838,0.850895084,0.000119532,0.001130163,0.006690747,LIG1
ENSG00000109270,ENSG00000109270.12,5.301375035,0.217536812,1.162746673,0.000101398,0.000983921,0.006690747,LAMTOR3
ENSG00000112514,ENSG00000112514.15,4.339800979,-0.204126698,0.868063991,0.000106553,0.001026274,0.006690747,CUTA
ENSG00000114742,ENSG00000114742.13,6.372724481,-0.093858118,0.937013593,0.00010637,0.001024774,0.006690747,WDR48
ENSG00000115221,ENSG00000115221.10,1.834505879,0.234801424,1.176744756,0.000102285,0.000991256,0.006690747,ITGB6
ENSG00000116824,ENSG00000116824.4,5.664142073,0.251567504,1.190499903,0.000112664,0.001075668,0.006690747,CD2
ENSG00000119335,ENSG00000119335.16,7.251431449,-0.1545947,0.898384723,0.000121951,0.001149107,0.006690747,SET
ENSG00000120051,ENSG00000120051.14,2.228936423,0.374748818,1.296613786,0.000104648,0.001010691,0.006690747,CFAP58
ENSG00000127022,ENSG00000127022.14,8.181694643,-0.120310806,0.919989432,0.000109773,0.001052407,0.006690747,CANX
ENSG00000127314,ENSG00000127314.17,7.294068616,0.123277127,1.089206221,0.0001203,0.001136187,0.006690747,RAP1B
ENSG00000128833,ENSG00000128833.12,1.157214019,-0.351759512,0.783627802,0.00011897,0.001125746,0.006690747,MYO5C
ENSG00000130513,ENSG00000130513.6,-1.62319572,0.371921219,1.294074987,0.000114598,0.001091122,0.006690747,GDF15
ENSG00000130713,ENSG00000130713.15,4.970101272,-0.134722563,0.910844976,0.000107324,0.00103255,0.006690747,EXOSC2
ENSG00000131095,ENSG00000131095.12,-1.510702264,-0.348643248,0.78532229,0.000111445,0.001065885,0.006690747,GFAP
ENSG00000131323,ENSG00000131323.14,5.718719755,0.160027872,1.117308723,0.000110432,0.001057727,0.006690747,TRAF3
ENSG00000133059,ENSG00000133059.16,6.080169689,-0.092284267,0.938036348,0.000112329,0.001072977,0.006690747,DSTYK
ENSG00000134330,ENSG00000134330.18,4.887241132,0.116243859,1.083909164,0.000115669,0.00109964,0.006690747,IAH1
ENSG00000134531,ENSG00000134531.9,1.440274829,0.415613277,1.333865571,0.000121634,0.001146629,0.006690747,EMP1
ENSG00000135372,ENSG00000135372.8,5.253995676,-0.175098544,0.885707019,0.000121446,0.001145158,0.006690747,NAT10
ENSG00000136153,ENSG00000136153.19,3.802876233,-0.228453037,0.853549639,0.000119623,0.001130877,0.006690747,LMO7
ENSG00000136932,ENSG00000136932.13,5.835975439,-0.105889976,0.929231537,0.000119701,0.001131489,0.006690747,TRMO
ENSG00000137054,ENSG00000137054.15,3.910376102,-0.184488462,0.87996103,0.000117759,0.001116195,0.006690747,POLR1E
ENSG00000137161,ENSG00000137161.16,5.932132389,-0.254171575,0.838468462,0.000112111,0.001071231,0.006690747,CNPY3
ENSG00000138709,ENSG00000138709.17,3.834459689,0.221411099,1.165873369,0.0001142,0.001087947,0.006690747,LARP1B
ENSG00000138777,ENSG00000138777.19,5.214339828,0.150694396,1.110103657,0.000102695,0.000994639,0.006690747,PPA2
ENSG00000142528,ENSG00000142528.15,3.954472592,-0.143435487,0.905360653,0.000116669,0.001107573,0.006690747,ZNF473
ENSG00000146666,ENSG00000146666.5,-1.746772668,-0.333782635,0.793453381,0.000106364,0.001024732,0.006690747,LINC00525
ENSG00000149503,ENSG00000149503.12,3.318324378,-0.253291103,0.838980333,0.000117591,0.001114865,0.006690747,INCENP
ENSG00000149929,ENSG00000149929.15,2.387662532,-0.269437472,0.829642973,0.000108576,0.00104272,0.006690747,HIRIP3
ENSG00000149930,ENSG00000149930.17,5.506306548,-0.229200899,0.853107292,0.00010576,0.001019799,0.006690747,TAOK2
ENSG00000151849,ENSG00000151849.14,3.452440796,-0.177632511,0.884152717,0.000109446,0.001049762,0.006690747,CENPJ
ENSG00000155269,ENSG00000155269.11,-1.943078708,-0.263736908,0.832927651,0.000103549,0.001001666,0.006690747,GPR78
ENSG00000155849,ENSG00000155849.15,7.716715457,-0.155972008,0.897527465,0.000117464,0.001113868,0.006690747,ELMO1
ENSG00000159882,ENSG00000159882.12,4.89669876,0.218236094,1.1633104,0.000120633,0.001138801,0.006690747,ZNF230
ENSG00000160194,ENSG00000160194.17,5.293230694,-0.127106838,0.915665875,0.00011758,0.001114783,0.006690747,NDUFV3
ENSG00000162227,ENSG00000162227.7,3.289387748,-0.238549796,0.847596893,0.000103643,0.001002441,0.006690747,TAF6L
ENSG00000163513,ENSG00000163513.17,8.897522658,-0.142057693,0.906225698,0.000119372,0.001128905,0.006690747,TGFBR2
ENSG00000164100,ENSG00000164100.8,-1.168238484,0.409208151,1.327956741,0.000120818,0.001140247,0.006690747,NDST3
ENSG00000166130,ENSG00000166130.14,5.311886544,-0.297567698,0.813622963,0.000102829,0.000995737,0.006690747,IKBIP
ENSG00000167483,ENSG00000167483.17,5.190522067,-0.478942764,0.717503232,0.000101878,0.000987888,0.006690747,NIBAN3
ENSG00000167657,ENSG00000167657.13,4.50957187,-0.374631873,0.771302198,0.000117482,0.001114004,0.006690747,DAPK3
ENSG00000168395,ENSG00000168395.15,5.412759072,-0.178622581,0.883546163,0.000114319,0.001088895,0.006690747,ING5
ENSG00000168769,ENSG00000168769.13,9.032810552,0.227379087,1.17070622,0.000118154,0.001119315,0.006690747,TET2
ENSG00000171703,ENSG00000171703.16,2.445745276,-0.308853722,0.807282922,0.000114837,0.001093025,0.006690747,TCEA2
ENSG00000176225,ENSG00000176225.13,6.07132666,-0.157394399,0.896643005,0.000106348,0.0010246,0.006690747,RTTN
ENSG00000176476,ENSG00000176476.8,3.605974844,-0.262912306,0.833403864,0.000118382,0.001121111,0.006690747,SGF29
ENSG00000178573,ENSG00000178573.6,5.049356612,0.219235123,1.16411624,0.000122224,0.001151237,0.006690747,MAF
ENSG00000179934,ENSG00000179934.6,1.284075375,0.431903359,1.349012166,0.000119454,0.001129547,0.006690747,CCR8
ENSG00000181804,ENSG00000181804.14,5.46860092,0.130148151,1.094406081,0.000109002,0.001046169,0.006690747,SLC9A9
ENSG00000183648,ENSG00000183648.9,4.169281327,0.204873545,1.152585316,0.000114769,0.001092483,0.006690747,NDUFB1
ENSG00000184347,ENSG00000184347.14,-1.358818876,-0.393382584,0.761342445,0.000104461,0.001009159,0.006690747,SLIT3
ENSG00000189058,ENSG00000189058.8,-1.80981855,-0.314164945,0.804316407,0.000105874,0.001020728,0.006690747,APOD
ENSG00000197557,ENSG00000197557.6,1.6864347,-0.286226988,0.820043879,0.000112145,0.001071505,0.006690747,IFT70A
ENSG00000197562,ENSG00000197562.9,3.806882185,-0.349784841,0.784701117,0.000104385,0.00100854,0.006690747,RAB40C
ENSG00000197859,ENSG00000197859.9,-1.093506089,-0.406189326,0.754613949,0.000114174,0.00108774,0.006690747,ADAMTSL2
ENSG00000204217,ENSG00000204217.13,5.184905944,0.157766086,1.115558435,0.000103481,0.00100111,0.006690747,BMPR2
ENSG00000204933,ENSG00000204933.3,-1.882254366,0.268531483,1.204581062,0.000111433,0.001065782,0.006690747,CD177P1
ENSG00000205531,ENSG00000205531.12,7.572843269,0.141253889,1.102863231,0.000112162,0.001071642,0.006690747,NAP1L4
ENSG00000213172,ENSG00000213172.3,0.662532487,0.473520367,1.388493446,0.000102075,0.000989521,0.006690747,
ENSG00000223799,ENSG00000223799.1,1.019038736,0.350591253,1.275083082,0.00011891,0.001125267,0.006690747,IL10RB-DT
ENSG00000225510,ENSG00000225510.2,-1.989268126,-0.16842429,0.889814004,0.000108111,0.001038947,0.006690747,PCDH8P1
ENSG00000229331,ENSG00000229331.1,1.087425538,0.442594191,1.359045908,0.000107504,0.001034013,0.006690747,GK-IT1
ENSG00000230673,ENSG00000230673.3,2.146190906,0.222569313,1.166809723,0.000120757,0.001139769,0.006690747,PABPC1P3
ENSG00000233056,ENSG00000233056.2,-1.877630193,-0.200461123,0.870272357,0.00011799,0.001118022,0.006690747,ERVH48-1
ENSG00000233901,ENSG00000233901.5,1.4649901,0.353366942,1.277538653,0.000110884,0.001061367,0.006690747,LINC01503
ENSG00000235172,ENSG00000235172.7,-0.563145914,-0.37250555,0.772439824,0.00010979,0.001052544,0.006690747,LINC01366
ENSG00000235781,ENSG00000235781.1,0.546010524,-0.356627192,0.780988282,0.000115279,0.00109654,0.006690747,LINC02569
ENSG00000235917,ENSG00000235917.1,1.821384071,0.346883462,1.271810268,0.000107874,0.001037025,0.006690747,MTCO2P11
ENSG00000239466,ENSG00000239466.3,0.063705524,0.437650729,1.354397043,0.000121417,0.001144934,0.006690747,RN7SL552P
ENSG00000246145,ENSG00000246145.1,1.644243945,0.307572901,1.237623848,0.000104505,0.001009521,0.006690747,RRS1-DT
ENSG00000248245,ENSG00000248245.1,-1.96043236,-0.178317841,0.883732814,0.000111477,0.001066138,0.006690747,
ENSG00000248774,ENSG00000248774.1,1.932294325,0.297491156,1.229005316,0.000115273,0.001096491,0.006690747,
ENSG00000250274,ENSG00000250274.1,0.49253317,-0.375973455,0.770585287,0.000106141,0.001022912,0.006690747,
ENSG00000250906,ENSG00000250906.1,-1.678194016,0.325520362,1.253116341,0.000113058,0.00107882,0.006690747,
ENSG00000251002,ENSG00000251002.7,2.335760118,-0.354351037,0.782221428,0.00011941,0.001129207,0.006690747,TRD-AS1
ENSG00000253075,ENSG00000253075.1,-0.492135108,-0.359733106,0.779308736,0.000120921,0.001141059,0.006690747,RN7SKP92
ENSG00000253372,ENSG00000253372.5,3.603333068,-0.27374751,0.82716812,0.000120908,0.001140955,0.006690747,
ENSG00000255441,ENSG00000255441.1,0.907298962,-0.479862016,0.717046201,0.000103283,0.00099948,0.006690747,SIGLEC10-AS1
ENSG00000259959,ENSG00000259959.1,3.73046374,0.430814378,1.347994283,0.0001133,0.001080755,0.006690747,
ENSG00000263465,ENSG00000263465.4,5.947633129,0.190481213,1.141144282,0.000110216,0.001055981,0.006690747,SRSF8
ENSG00000266369,ENSG00000266369.1,-1.579323449,-0.342842235,0.788486394,0.000110432,0.001057725,0.006690747,
ENSG00000266970,ENSG00000266970.1,-1.090146404,0.406130971,1.325127309,0.000120338,0.001136492,0.006690747,SOCS3-DT
ENSG00000267138,ENSG00000267138.1,-0.846655602,-0.366774629,0.775514344,0.000118617,0.00112296,0.006690747,
ENSG00000275431,ENSG00000275431.1,-0.756171924,-0.420759282,0.747031363,0.000122195,0.001151013,0.006690747,
ENSG00000279805,ENSG00000279805.1,1.992844032,-0.257461494,0.836558599,0.00010676,0.001027954,0.006690747,
ENSG00000065833,ENSG00000065833.8,0.772120102,0.40884041,1.32761829,0.000123588,0.00116196,0.007038003,ME1
ENSG00000065883,ENSG00000065883.14,7.56575836,-0.062199102,0.957803026,0.000127929,0.001195833,0.007038003,CDK13
ENSG00000075035,ENSG00000075035.9,-1.324782482,-0.367361295,0.775199049,0.000130974,0.001219369,0.007038003,WSCD2
ENSG00000100418,ENSG00000100418.7,5.216373009,0.177927223,1.131257395,0.000125971,0.0011806,0.007038003,DESI1
ENSG00000110811,ENSG00000110811.19,0.442216879,-0.437074586,0.738630845,0.000128678,0.001201641,0.007038003,P3H3
ENSG00000113532,ENSG00000113532.12,8.167748868,0.223898025,1.167884842,0.000131562,0.001223893,0.007038003,ST8SIA4
ENSG00000114767,ENSG00000114767.6,3.109515569,-0.285709071,0.820338321,0.000131155,0.001220761,0.007038003,RRP9
ENSG00000125630,ENSG00000125630.15,5.078458931,-0.156649878,0.897105849,0.000126582,0.001185366,0.007038003,POLR1B
ENSG00000129472,ENSG00000129472.13,7.269875533,0.44605542,1.362310366,0.000125988,0.001180734,0.007038003,RAB2B
ENSG00000134318,ENSG00000134318.13,6.126698109,0.145495493,1.106110481,0.000130722,0.001217428,0.007038003,ROCK2
ENSG00000136819,ENSG00000136819.15,7.720538922,0.495122977,1.409440892,0.000124415,0.001168443,0.007038003,C9orf78
ENSG00000144959,ENSG00000144959.9,3.765393166,0.165952116,1.121906243,0.000127833,0.001195087,0.007038003,NCEH1
ENSG00000148308,ENSG00000148308.17,5.032060463,-0.249896669,0.840956645,0.000129548,0.001208369,0.007038003,GTF3C5
ENSG00000150093,ENSG00000150093.18,7.94564058,0.202163814,1.150422514,0.000125416,0.001176268,0.007038003,ITGB1
ENSG00000152642,ENSG00000152642.10,5.113365382,-0.136549928,0.909692001,0.000122292,0.001151768,0.007038003,GPD1L
ENSG00000152910,ENSG00000152910.18,-1.911432003,-0.247568746,0.842314703,0.000130087,0.001212535,0.007038003,CNTNAP4
ENSG00000155465,ENSG00000155465.18,6.856360635,-0.227979769,0.853829688,0.000128203,0.001197957,0.007038003,SLC7A7
ENSG00000158423,ENSG00000158423.16,-0.46010271,-0.356492268,0.781061326,0.000130524,0.001215901,0.007038003,RIBC1
ENSG00000163462,ENSG00000163462.17,0.829409425,0.41045898,1.32910859,0.000130772,0.001217813,0.007038003,TRIM46
ENSG00000166845,ENSG00000166845.13,2.630745904,0.249160891,1.188515643,0.000127862,0.001195316,0.007038003,C18orf54
ENSG00000167130,ENSG00000167130.17,2.88408697,-0.207608837,0.865971328,0.0001252,0.001174582,0.007038003,DOLPP1
ENSG00000168246,ENSG00000168246.5,3.091851886,0.166538655,1.122362456,0.000130339,0.001214478,0.007038003,UBTD2
ENSG00000170468,ENSG00000170468.7,4.625403086,-0.163068603,0.893123381,0.000126029,0.001181057,0.007038003,RIOX1
ENSG00000173369,ENSG00000173369.15,0.429371263,0.60096792,1.516733819,0.000126959,0.001188296,0.007038003,C1QB
ENSG00000174233,ENSG00000174233.11,0.007191136,-0.461676309,0.726142043,0.000129649,0.00120915,0.007038003,ADCY6
ENSG00000174450,ENSG00000174450.11,-1.795394688,-0.35896313,0.779724769,0.000125495,0.001176888,0.007038003,GOLGA6L2
ENSG00000174611,ENSG00000174611.11,0.691758701,-0.438177999,0.738066135,0.000127727,0.001194269,0.007038003,KY
ENSG00000182578,ENSG00000182578.13,6.264261831,-0.3560696,0.781290187,0.00012481,0.00117153,0.007038003,CSF1R
ENSG00000183283,ENSG00000183283.15,8.627289659,-0.172541535,0.887278223,0.000127039,0.001188923,0.007038003,DAZAP2
ENSG00000183475,ENSG00000183475.12,5.506482379,0.106259575,1.076433783,0.000123693,0.001162781,0.007038003,ASB7
ENSG00000188897,ENSG00000188897.8,6.648518766,0.540684322,1.454662353,0.000124994,0.001172972,0.007038003,
ENSG00000196586,ENSG00000196586.13,3.48537421,0.442416001,1.35887806,0.000125062,0.0011735,0.007038003,MYO6
ENSG00000197622,ENSG00000197622.12,9.699163751,-0.141112348,0.906819709,0.000130455,0.001215371,0.007038003,CDC42SE1
ENSG00000214652,ENSG00000214652.5,-0.144612088,-0.603961906,0.657944635,0.000124493,0.001169049,0.007038003,ZNF727
ENSG00000223482,ENSG00000223482.7,5.074262623,0.300861878,1.231880129,0.000129462,0.001207707,0.007038003,NUTM2A-AS1
ENSG00000225313,ENSG00000225313.5,-0.734487513,-0.358273944,0.780097339,0.000128257,0.001198382,0.007038003,
ENSG00000231500,ENSG00000231500.6,8.30866468,0.337524294,1.263586382,0.00012565,0.001178101,0.007038003,RPS18
ENSG00000231551,ENSG00000231551.8,2.042493059,-0.254716764,0.838151668,0.00013143,0.001222872,0.007038003,PDE4DIPP6
ENSG00000231586,ENSG00000231586.2,-1.848320411,0.202133151,1.150398063,0.000127597,0.00119326,0.007038003,RPS23P9
ENSG00000259677,ENSG00000259677.1,-1.752217508,0.339664145,1.265461964,0.000126997,0.001188596,0.007038003,
ENSG00000262966,ENSG00000262966.2,-1.891097522,-0.229614901,0.852862516,0.00012543,0.00117638,0.007038003,
ENSG00000117143,ENSG00000117143.13,4.037176616,-0.193038696,0.874761302,0.000131582,0.001224046,0.007766063,UAP1
ENSG00000182551,ENSG00000182551.13,5.023477257,-0.143918935,0.905057316,0.000131895,0.001226499,0.007766063,ADI1
ENSG00000227992,ENSG00000227992.1,0.136675998,0.389314998,1.309771367,0.000132094,0.001228054,0.007766063,
ENSG00000267002,ENSG00000267002.2,4.741347391,-0.123604789,0.917891294,0.000132537,0.001231519,0.007766063,
ENSG00000006555,ENSG00000006555.10,3.766774709,-0.250879173,0.840384132,0.000150539,0.001369348,0.007779567,TTC22
ENSG00000006757,ENSG00000006757.11,1.546105716,-0.223719669,0.856354667,0.00014527,0.001329614,0.007779567,PNPLA4
ENSG00000010671,ENSG00000010671.15,6.647491997,-0.162592812,0.893417976,0.000152786,0.001386143,0.007779567,BTK
ENSG00000026025,ENSG00000026025.15,10.04851938,0.203240651,1.151281517,0.000132582,0.001231874,0.007779567,VIM
ENSG00000030066,ENSG00000030066.13,6.331589454,-0.110767565,0.926095215,0.000135495,0.001254568,0.007779567,NUP160
ENSG00000074582,ENSG00000074582.12,3.495586662,-0.179519989,0.882996737,0.000137333,0.001268818,0.007779567,BCS1L
ENSG00000090581,ENSG00000090581.9,5.193104066,-0.213235335,0.862600624,0.000139436,0.001285031,0.007779567,GNPTG
ENSG00000100526,ENSG00000100526.19,0.32310897,0.435799369,1.352660108,0.000145126,0.001328518,0.007779567,CDKN3
ENSG00000100749,ENSG00000100749.7,4.865408761,0.38224992,1.303372915,0.000141526,0.001301074,0.007779567,VRK1
ENSG00000101773,ENSG00000101773.18,3.636070771,0.277338448,1.211956945,0.000137066,0.001266751,0.007779567,RBBP8
ENSG00000104343,ENSG00000104343.19,6.325583153,0.220903899,1.165463561,0.000134415,0.001246171,0.007779567,UBE2W
ENSG00000105366,ENSG00000105366.15,2.358428732,-0.59165409,0.663581656,0.00014388,0.001319049,0.007779567,SIGLEC8
ENSG00000105483,ENSG00000105483.17,8.036400541,0.16597957,1.121927593,0.000147167,0.001343973,0.007779567,CARD8
ENSG00000106537,ENSG00000106537.7,2.684071429,-0.383655944,0.766492752,0.000144645,0.001324862,0.007779567,TSPAN13
ENSG00000108375,ENSG00000108375.12,1.145763825,-0.31990762,0.801121174,0.000141095,0.001297775,0.007779567,RNF43
ENSG00000113758,ENSG00000113758.13,2.599339702,-0.379049588,0.768943985,0.000136927,0.001265673,0.007779567,DBN1
ENSG00000118762,ENSG00000118762.7,4.47278252,0.149993808,1.10956471,0.0001478,0.001348753,0.007779567,PKD2
ENSG00000124151,ENSG00000124151.18,7.867195589,-0.133667513,0.911511326,0.00014896,0.001357491,0.007779567,NCOA3
ENSG00000124233,ENSG00000124233.11,-0.51791595,0.463561732,1.378941957,0.000140058,0.001289815,0.007779567,SEMG1
ENSG00000125124,ENSG00000125124.11,5.218066892,-0.179431096,0.883051145,0.000144357,0.001322673,0.007779567,BBS2
ENSG00000125651,ENSG00000125651.13,5.191849717,-0.274079422,0.826977841,0.000152838,0.001386531,0.007779567,GTF2F1
ENSG00000125744,ENSG00000125744.11,2.049829656,0.376241734,1.297956231,0.00014671,0.001340521,0.007779567,RTN2
ENSG00000126262,ENSG00000126262.4,7.013178352,0.363832515,1.286839848,0.000147824,0.001348937,0.007779567,FFAR2
ENSG00000126749,ENSG00000126749.14,4.591365314,-0.142125578,0.906183057,0.000147172,0.001344015,0.007779567,EMG1
ENSG00000127507,ENSG00000127507.17,7.074591693,0.345139584,1.270273879,0.000151364,0.001375524,0.007779567,ADGRE2
ENSG00000128438,ENSG00000128438.10,0.817273226,-0.555864541,0.680249294,0.000140837,0.001295792,0.007779567,TBC1D27P
ENSG00000129657,ENSG00000129657.14,8.732823325,-0.34748222,0.785954543,0.00014323,0.001314092,0.007779567,SEC14L1
ENSG00000130649,ENSG00000130649.9,-0.189303171,-0.399860765,0.757931428,0.000151642,0.001377601,0.007779567,CYP2E1
ENSG00000134440,ENSG00000134440.11,6.559819971,-0.139590474,0.907776802,0.000137598,0.001270864,0.007779567,NARS1
ENSG00000136536,ENSG00000136536.14,8.283153005,0.176450351,1.130099931,0.000141215,0.001298691,0.007779567,MARCHF7
ENSG00000137098,ENSG00000137098.13,1.101583133,-0.284749337,0.820884222,0.000143741,0.001317985,0.007779567,SPAG8
ENSG00000137522,ENSG00000137522.17,4.128725312,-0.153367795,0.899149058,0.000134645,0.001247966,0.007779567,RNF121
ENSG00000144218,ENSG00000144218.18,5.367486425,-0.435401122,0.739488122,0.000150769,0.001371073,0.007779567,AFF3
ENSG00000144792,ENSG00000144792.9,1.005784368,-0.317283468,0.802579678,0.000139101,0.001282453,0.007779567,ZNF660
ENSG00000145041,ENSG00000145041.15,5.557765001,-0.148378139,0.902264208,0.000133602,0.001239838,0.007779567,DCAF1
ENSG00000145708,ENSG00000145708.10,0.02160222,-0.381422351,0.767680362,0.000138518,0.001277963,0.007779567,CRHBP
ENSG00000145911,ENSG00000145911.5,1.624777749,-0.442003439,0.736111677,0.000145691,0.001332807,0.007779567,N4BP3
ENSG00000148426,ENSG00000148426.12,0.46976167,-0.379504612,0.768701499,0.000133746,0.001240959,0.007779567,PROSER2
ENSG00000154920,ENSG00000154920.14,-0.177029441,-0.371020216,0.773235502,0.000149656,0.001362725,0.007779567,EME1
ENSG00000160883,ENSG00000160883.10,7.750494674,0.405051036,1.324135751,0.000133949,0.00124254,0.007779567,HK3
ENSG00000161970,ENSG00000161970.12,2.965570553,0.489620441,1.404075429,0.000147902,0.001349519,0.007779567,RPL26
ENSG00000163584,ENSG00000163584.17,2.571249749,0.366865925,1.289548402,0.000149818,0.001363937,0.007779567,RPL22L1
ENSG00000164109,ENSG00000164109.13,1.79364773,0.287773843,1.220755132,0.000142207,0.001306283,0.007779567,MAD2L1
ENSG00000164935,ENSG00000164935.6,-1.435961231,-0.37593272,0.770607045,0.000151116,0.001373666,0.007779567,DCSTAMP
ENSG00000165511,ENSG00000165511.6,-0.301913841,-0.371290751,0.773090518,0.000136835,0.001264964,0.007779567,ZNF22-AS1
ENSG00000165821,ENSG00000165821.11,-0.32145113,-0.393821514,0.761110847,0.000149474,0.001361355,0.007779567,SALL2
ENSG00000165973,ENSG00000165973.18,-1.947714796,-0.21313471,0.862660791,0.000139957,0.001289038,0.007779567,NELL1
ENSG00000167711,ENSG00000167711.13,0.475229947,-0.379300349,0.768810344,0.000137317,0.001268688,0.007779567,SERPINF2
ENSG00000168676,ENSG00000168676.10,-1.365459787,-0.345240204,0.787176904,0.000149946,0.001364897,0.007779567,KCTD19
ENSG00000169764,ENSG00000169764.15,6.327174184,0.116863903,1.084375109,0.000138094,0.001274689,0.007779567,UGP2
ENSG00000171858,ENSG00000171858.17,6.107559983,0.339613065,1.26541716,0.000138871,0.001280681,0.007779567,RPS21
ENSG00000172345,ENSG00000172345.13,2.560591487,-0.248542475,0.841746385,0.00015017,0.001366582,0.007779567,STARD5
ENSG00000176697,ENSG00000176697.18,-1.733079423,-0.319829857,0.801164357,0.000134952,0.001250349,0.007779567,BDNF
ENSG00000177646,ENSG00000177646.18,5.441175082,-0.147095836,0.903066519,0.000140305,0.00129171,0.007779567,ACAD9
ENSG00000182934,ENSG00000182934.11,6.097622774,-0.173320394,0.886799342,0.000137672,0.001271432,0.007779567,SRPRA
ENSG00000184640,ENSG00000184640.17,7.410641314,-0.283115794,0.821814224,0.000138077,0.001274558,0.007779567,SEPTIN9
ENSG00000189233,ENSG00000189233.11,3.201457738,0.41849262,1.336530369,0.000142505,0.001308562,0.007779567,NUGGC
ENSG00000197363,ENSG00000197363.9,3.055676934,-0.263883428,0.832843063,0.000148238,0.001352057,0.007779567,ZNF517
ENSG00000198208,ENSG00000198208.11,0.172400518,-0.436066853,0.739146963,0.00014399,0.001319883,0.007779567,RPS6KL1
ENSG00000198586,ENSG00000198586.13,6.153818291,0.166563064,1.122381445,0.000141801,0.001303178,0.007779567,TLK1
ENSG00000203709,ENSG00000203709.11,8.140630557,-0.274211032,0.826902403,0.000138921,0.001281071,0.007779567,MIR29B2CHG
ENSG00000211689,ENSG00000211689.7,4.608462185,-0.369575826,0.774010034,0.000144549,0.001324136,0.007779567,TRGC1
ENSG00000213563,ENSG00000213563.6,2.912413021,-0.289814785,0.818007068,0.000149144,0.001358879,0.007779567,C8orf82
ENSG00000221996,ENSG00000221996.6,-1.235640413,0.369773925,1.29215033,0.000149169,0.001359062,0.007779567,OR52B4
ENSG00000222042,ENSG00000222042.1,-1.990486415,-0.164518645,0.892226161,0.000145058,0.001327998,0.007779567,
ENSG00000223773,ENSG00000223773.7,4.036061805,0.211881673,1.158197809,0.000148976,0.001357611,0.007779567,CD99P1
ENSG00000225632,ENSG00000225632.1,-1.012417572,-0.46797268,0.722979838,0.000137876,0.001273011,0.007779567,
ENSG00000225964,ENSG00000225964.5,1.412927213,0.525054639,1.438988077,0.000146682,0.001340304,0.007779567,NRIR
ENSG00000226961,ENSG00000226961.3,-2.043043856,-0.093253947,0.937406077,0.000136345,0.001261167,0.007779567,PPIAP60
ENSG00000230084,ENSG00000230084.5,0.93395015,0.360949614,1.284270955,0.000147817,0.00134888,0.007779567,ZBTB47-AS1
ENSG00000231272,ENSG00000231272.1,-1.009658376,-0.403100684,0.75623122,0.000138118,0.001274878,0.007779567,
ENSG00000232907,ENSG00000232907.7,0.312187342,-0.351848859,0.783579273,0.000146681,0.001340301,0.007779567,DLGAP4-AS1
ENSG00000236853,ENSG00000236853.1,-1.843558505,-0.22621239,0.854876316,0.0001518,0.001378782,0.007779567,OR2R1P
ENSG00000236901,ENSG00000236901.6,4.325100962,-0.376668037,0.77021438,0.000136081,0.001259117,0.007779567,MIR600HG
ENSG00000240518,ENSG00000240518.2,-1.740588122,0.256236351,1.194358838,0.00015005,0.001365682,0.007779567,RPL36P11
ENSG00000241878,ENSG00000241878.11,6.740854157,-0.326647538,0.797387261,0.000152369,0.001383032,0.007779567,PISD
ENSG00000251669,ENSG00000251669.5,0.577751735,-0.361649706,0.778274123,0.000152302,0.001382535,0.007779567,FAM86EP
ENSG00000257127,ENSG00000257127.6,-1.780808293,-0.371116667,0.77318381,0.000140079,0.001289978,0.007779567,CLLU1
ENSG00000265118,ENSG00000265118.5,-1.10553162,0.377495934,1.299085094,0.000141963,0.001304421,0.007779567,
ENSG00000271121,ENSG00000271121.2,-1.983500768,0.195936576,1.14546754,0.00013776,0.001272115,0.007779567,NUDT4P2
ENSG00000275126,ENSG00000275126.1,3.517090243,0.400548375,1.320009557,0.000142579,0.001309124,0.007779567,H4C13
ENSG00000006118,ENSG00000006118.14,-1.389898981,-0.335194554,0.792677233,0.000162413,0.001459276,0.008980117,TMEM132A
ENSG00000011304,ENSG00000011304.19,6.546944297,-0.235527956,0.849374113,0.000159665,0.001438542,0.008980117,PTBP1
ENSG00000058866,ENSG00000058866.14,4.776268249,-0.275358273,0.826245106,0.000164931,0.001478174,0.008980117,DGKG
ENSG00000081052,ENSG00000081052.11,2.040148382,-0.506450083,0.703952465,0.000156284,0.001412869,0.008980117,COL4A4
ENSG00000087495,ENSG00000087495.16,-1.296773776,-0.368901217,0.774372048,0.000157465,0.001421858,0.008980117,PHACTR3
ENSG00000100401,ENSG00000100401.19,5.013326024,-0.261786302,0.834054578,0.000163893,0.001470397,0.008980117,RANGAP1
ENSG00000103194,ENSG00000103194.15,6.712697296,-0.189721326,0.876775065,0.000157858,0.001424843,0.008980117,USP10
ENSG00000103489,ENSG00000103489.11,6.139704522,-0.20167736,0.869539,0.000160296,0.001443309,0.008980117,XYLT1
ENSG00000104870,ENSG00000104870.12,7.408722269,-0.343051091,0.788372254,0.000164811,0.001477276,0.008980117,FCGRT
ENSG00000107130,ENSG00000107130.9,-1.164425894,-0.377121374,0.769972394,0.000153509,0.001391669,0.008980117,NCS1
ENSG00000107201,ENSG00000107201.9,7.481986348,0.295410886,1.227234449,0.000162635,0.001460943,0.008980117,RIGI
ENSG00000108001,ENSG00000108001.13,-1.919031731,-0.218629411,0.859381478,0.00015287,0.00138677,0.008980117,EBF3
ENSG00000116521,ENSG00000116521.10,4.222887585,-0.208949887,0.865166742,0.000163681,0.001468805,0.008980117,SCAMP3
ENSG00000116698,ENSG00000116698.21,6.383921223,0.159331213,1.11676932,0.000154852,0.001401946,0.008980117,SMG7
ENSG00000117983,ENSG00000117983.17,-1.811668137,-0.298933929,0.812852827,0.000164438,0.001474481,0.008980117,MUC5B
ENSG00000120254,ENSG00000120254.15,2.181050714,0.271403882,1.206981767,0.000155905,0.001409981,0.008980117,MTHFD1L
ENSG00000120949,ENSG00000120949.14,3.844104512,-0.325649072,0.797939311,0.000155604,0.001407685,0.008980117,TNFRSF8
ENSG00000130755,ENSG00000130755.12,6.920367731,0.240197166,1.181154073,0.000162136,0.00145719,0.008980117,GMFG
ENSG00000135775,ENSG00000135775.13,5.658968782,-0.103249352,0.930933906,0.000159106,0.001434306,0.008980117,COG2
ENSG00000140323,ENSG00000140323.5,-0.922977351,-0.387134151,0.764647034,0.000162759,0.001461879,0.008980117,DISP2
ENSG00000140391,ENSG00000140391.14,4.877142555,-0.233428304,0.850611164,0.000165314,0.001481042,0.008980117,TSPAN3
ENSG00000144566,ENSG00000144566.10,6.014835682,0.147344639,1.107529125,0.000158574,0.001430277,0.008980117,RAB5A
ENSG00000159692,ENSG00000159692.15,7.330929812,-0.205758678,0.867082589,0.000160708,0.001446423,0.008980117,CTBP1
ENSG00000160214,ENSG00000160214.12,3.416076363,-0.243400458,0.844751869,0.000157826,0.001424601,0.008980117,RRP1
ENSG00000161381,ENSG00000161381.13,2.882812928,-0.35710829,0.780727889,0.000161134,0.001449641,0.008980117,PLXDC1
ENSG00000163161,ENSG00000163161.12,5.798795729,-0.104984066,0.929815212,0.000164507,0.001474995,0.008980117,ERCC3
ENSG00000164048,ENSG00000164048.13,5.543043186,-0.164735138,0.892092282,0.000157735,0.001423906,0.008980117,ZNF589
ENSG00000166347,ENSG00000166347.18,3.696826791,0.198312233,1.147355312,0.00015944,0.001436832,0.008980117,CYB5A
ENSG00000166510,ENSG00000166510.13,-0.718686215,0.525242882,1.439175849,0.000158177,0.001427263,0.008980117,CCDC68
ENSG00000167004,ENSG00000167004.12,5.962432604,-0.133822549,0.911413378,0.00016325,0.001465567,0.008980117,PDIA3
ENSG00000170234,ENSG00000170234.12,6.063753264,-0.077989108,0.947377223,0.000165556,0.00148285,0.008980117,PWWP2A
ENSG00000175115,ENSG00000175115.11,6.815654464,-0.249825721,0.840998003,0.000154436,0.001398764,0.008980117,PACS1
ENSG00000175449,ENSG00000175449.13,2.587149491,0.256724028,1.194762637,0.0001645,0.001474947,0.008980117,RFESD
ENSG00000197037,ENSG00000197037.10,5.524629166,-0.133850836,0.911395508,0.00016285,0.00146256,0.008980117,ZSCAN25
ENSG00000211713,ENSG00000211713.3,-0.906177784,-0.434201141,0.740103457,0.00015703,0.001418546,0.008980117,TRBV6-4
ENSG00000213204,ENSG00000213204.8,1.550121438,0.246053241,1.185958265,0.000156297,0.001412967,0.008980117,
ENSG00000219201,ENSG00000219201.4,-1.760555345,0.348825855,1.273523741,0.000157671,0.001423424,0.008980117,
ENSG00000229808,ENSG00000229808.1,3.656560348,0.259622832,1.197165685,0.000154688,0.001400694,0.008980117,
ENSG00000231503,ENSG00000231503.4,0.087391107,-0.369706871,0.773939731,0.00015778,0.001424248,0.008980117,PTMAP4
ENSG00000248542,ENSG00000248542.2,-2.029423885,-0.094801624,0.936400997,0.000162006,0.001456213,0.008980117,
ENSG00000249416,ENSG00000249416.2,-2.052287888,0.033382754,1.023408949,0.000164545,0.001475285,0.008980117,
ENSG00000266173,ENSG00000266173.6,4.795053639,0.171048336,1.125876307,0.000163413,0.001466788,0.008980117,STRADA
ENSG00000267128,ENSG00000267128.1,-0.24942071,-0.430656102,0.7419243,0.00016195,0.001455786,0.008980117,RNF157-AS1
ENSG00000283399,ENSG00000283399.1,1.94157406,-0.459805522,0.727084264,0.000163927,0.001470651,0.008980117,